discovery_key,ticker,company,cik10,event_type,drug,indication,nct_id,application_type,pdufa_date,source_url,evidence,company_status,match_confidence,backfill_status,first_seen_utc,last_seen_utc
CLINICALTRIALS_GLOBAL|PHASE3_REGISTRY_UPDATE||NCT04408638||https://clinicaltrials.gov/study/NCT04408638,,Hoffmann-La Roche,,PHASE3_REGISTRY_UPDATE,Obinutuzumab | Glofitamab | Rituxumab | Tocilizumab,Diffuse Large B-cell Lymphoma,NCT04408638,,,https://clinicaltrials.gov/study/NCT04408638,Phase 3 industry-sponsored study; lead sponsor=Hoffmann-La Roche,REVIEW,,NEEDS_FULL_BACKFILL,2026-10-05T03:00:09.781144+00:00,2026-10-05T03:02:37.533415+00:00
CLINICALTRIALS_GLOBAL|PHASE3_REGISTRY_UPDATE||NCT05035030||https://clinicaltrials.gov/study/NCT05035030,,"Albireo, an Ipsen Company",,PHASE3_REGISTRY_UPDATE,Odevixibat,Alagille Syndrome,NCT05035030,,,https://clinicaltrials.gov/study/NCT05035030,"Phase 3 industry-sponsored study; lead sponsor=Albireo, an Ipsen Company",REVIEW,,NEEDS_FULL_BACKFILL,2026-10-05T03:00:10.247351+00:00,2026-10-05T03:02:37.533555+00:00
CLINICALTRIALS_GLOBAL|PHASE3_REGISTRY_UPDATE||NCT05296798||https://clinicaltrials.gov/study/NCT05296798,,Hoffmann-La Roche,,PHASE3_REGISTRY_UPDATE,Phesgo | Giredestrant | Docetaxel | Paclitaxel,Locally Advanced or Metastatic Breast Cancer,NCT05296798,,,https://clinicaltrials.gov/study/NCT05296798,Phase 3 industry-sponsored study; lead sponsor=Hoffmann-La Roche,REVIEW,,NEEDS_FULL_BACKFILL,2026-10-05T03:00:10.414159+00:00,2026-10-05T03:02:37.533709+00:00
CLINICALTRIALS_GLOBAL|PHASE3_REGISTRY_UPDATE||NCT05862285||https://clinicaltrials.gov/study/NCT05862285,,Hoffmann-La Roche,,PHASE3_REGISTRY_UPDATE,Ipatasertib | Tiragolumab | Atezolizumab | Tiragolumab and Atezolizumab,Cancer,NCT05862285,,,https://clinicaltrials.gov/study/NCT05862285,Phase 3 industry-sponsored study; lead sponsor=Hoffmann-La Roche,REVIEW,,NEEDS_FULL_BACKFILL,2026-10-05T03:00:10.562292+00:00,2026-10-05T03:02:37.533836+00:00
CLINICALTRIALS_GLOBAL|PHASE3_REGISTRY_UPDATE||NCT06588855||https://clinicaltrials.gov/study/NCT06588855,,Hoffmann-La Roche,,PHASE3_REGISTRY_UPDATE,Afimkibart | Placebo,Moderately to Severely Active Ulcerative Colitis,NCT06588855,,,https://clinicaltrials.gov/study/NCT06588855,Phase 3 industry-sponsored study; lead sponsor=Hoffmann-La Roche,REVIEW,,NEEDS_FULL_BACKFILL,2026-10-05T03:00:11.370967+00:00,2026-10-05T03:02:37.533957+00:00
CLINICALTRIALS_GLOBAL|PHASE3_REGISTRY_UPDATE||NCT05066217||https://clinicaltrials.gov/study/NCT05066217,,Epygenix,,PHASE3_REGISTRY_UPDATE,Clemizole HCl | Placebo,Lennox Gastaut Syndrome,NCT05066217,,,https://clinicaltrials.gov/study/NCT05066217,Phase 3 industry-sponsored study; lead sponsor=Epygenix,REVIEW,,NEEDS_FULL_BACKFILL,2026-10-05T03:02:05.820067+00:00,2026-10-05T03:02:37.534075+00:00
CLINICALTRIALS_GLOBAL|PHASE3_REGISTRY_UPDATE||NCT06806592||https://clinicaltrials.gov/study/NCT06806592,,Boehringer Ingelheim,,PHASE3_REGISTRY_UPDATE,Nerandomilast | Placebo matching nerandomilast,Interstitial Lung Diseases | Systemic Autoimmune Rheumatic Diseases Associated Interstitial Lung Diseases,NCT06806592,,,https://clinicaltrials.gov/study/NCT06806592,Phase 3 industry-sponsored study; lead sponsor=Boehringer Ingelheim,REVIEW,,NEEDS_FULL_BACKFILL,2026-10-05T03:02:06.229637+00:00,2026-10-05T03:02:37.534196+00:00
CLINICALTRIALS_GLOBAL|PHASE3_REGISTRY_UPDATE||NCT07802704||https://clinicaltrials.gov/study/NCT07802704,,GlaxoSmithKline,,PHASE3_REGISTRY_UPDATE,Risvutatug rezetecan (Ris-Rez) | Enzalutamide | Abiraterone | Prednisone,"Neoplasms, Prostate",NCT07802704,,,https://clinicaltrials.gov/study/NCT07802704,Phase 3 industry-sponsored study; lead sponsor=GlaxoSmithKline,REVIEW,,NEEDS_FULL_BACKFILL,2026-10-05T03:02:09.132988+00:00,2026-10-05T03:02:37.534313+00:00
CLINICALTRIALS_GLOBAL|PHASE3_REGISTRY_UPDATE||NCT07440225||https://clinicaltrials.gov/study/NCT07440225,,EyeBiotech Ltd.,,PHASE3_REGISTRY_UPDATE,Tiespectus | Aflibercept,Macular Degeneration | Age-Related Macular Degeneration | Choroidal Neovascularization | Wet Macular Degeneration,NCT07440225,,,https://clinicaltrials.gov/study/NCT07440225,Phase 3 industry-sponsored study; lead sponsor=EyeBiotech Ltd.,REVIEW,,NEEDS_FULL_BACKFILL,2026-10-05T03:02:10.812462+00:00,2026-10-05T03:02:37.534430+00:00
CLINICALTRIALS_GLOBAL|PHASE3_REGISTRY_UPDATE||NCT07694427||https://clinicaltrials.gov/study/NCT07694427,,GlaxoSmithKline,,PHASE3_REGISTRY_UPDATE,Mocertatug rezetecan | Bevacizumab,Ovarian Neoplasms,NCT07694427,,,https://clinicaltrials.gov/study/NCT07694427,Phase 3 industry-sponsored study; lead sponsor=GlaxoSmithKline,REVIEW,,NEEDS_FULL_BACKFILL,2026-10-05T03:02:11.637154+00:00,2026-10-05T03:02:37.534545+00:00
CLINICALTRIALS_GLOBAL|PHASE3_REGISTRY_UPDATE||NCT07465718||https://clinicaltrials.gov/study/NCT07465718,,Orphalan,,PHASE3_REGISTRY_UPDATE,TETA 4HCl formulation | D-Penicillamine,Wilson's Disease,NCT07465718,,,https://clinicaltrials.gov/study/NCT07465718,Phase 3 industry-sponsored study; lead sponsor=Orphalan,REVIEW,,NEEDS_FULL_BACKFILL,2026-10-05T03:02:12.470506+00:00,2026-10-05T03:02:37.534683+00:00
CLINICALTRIALS_GLOBAL|PHASE3_REGISTRY_UPDATE||NCT07286266||https://clinicaltrials.gov/study/NCT07286266,,GlaxoSmithKline,,PHASE3_REGISTRY_UPDATE,Mocertatug rezetecan | Paclitaxel | Pegylated liposomal doxorubicin (PLD) | Topotecan,Ovarian Neoplasms,NCT07286266,,,https://clinicaltrials.gov/study/NCT07286266,Phase 3 industry-sponsored study; lead sponsor=GlaxoSmithKline,REVIEW,,NEEDS_FULL_BACKFILL,2026-10-05T03:02:13.299394+00:00,2026-10-05T03:02:37.534806+00:00
CLINICALTRIALS_GLOBAL|PHASE3_REGISTRY_UPDATE||NCT07286331||https://clinicaltrials.gov/study/NCT07286331,,GlaxoSmithKline,,PHASE3_REGISTRY_UPDATE,Mocertatug rezetecan | Paclitaxel | Doxorubicin,"Neoplasms, Endometrial",NCT07286331,,,https://clinicaltrials.gov/study/NCT07286331,Phase 3 industry-sponsored study; lead sponsor=GlaxoSmithKline,REVIEW,,NEEDS_FULL_BACKFILL,2026-10-05T03:02:14.529691+00:00,2026-10-05T03:02:37.534921+00:00
CLINICALTRIALS_GLOBAL|PHASE3_REGISTRY_UPDATE||NCT07855900||https://clinicaltrials.gov/study/NCT07855900,,Boehringer Ingelheim,,PHASE3_REGISTRY_UPDATE,Survodutide,Obesity,NCT07855900,,,https://clinicaltrials.gov/study/NCT07855900,Phase 3 industry-sponsored study; lead sponsor=Boehringer Ingelheim,REVIEW,,NEEDS_FULL_BACKFILL,2026-10-05T03:02:15.780941+00:00,2026-10-05T03:02:37.535033+00:00
CLINICALTRIALS_GLOBAL|PHASE3_REGISTRY_UPDATE|ABBV|NCT07581002||https://clinicaltrials.gov/study/NCT07581002,ABBV,AbbVie Inc.,0001551152,PHASE3_REGISTRY_UPDATE,Pivekimab Sunirine | Venetoclax | Azacitidine | Matching Placebo for PVEK,Acute Myeloid Leukemia,NCT07581002,,,https://clinicaltrials.gov/study/NCT07581002,Phase 3 industry-sponsored study; lead sponsor=AbbVie,IN_DB,1.000,NEEDS_FULL_BACKFILL,2026-10-05T03:02:05.411930+00:00,2026-10-05T03:02:37.535149+00:00
CLINICALTRIALS_GLOBAL|PHASE3_REGISTRY_UPDATE|ABBV|NCT07525206||https://clinicaltrials.gov/study/NCT07525206,ABBV,AbbVie Inc.,0001551152,PHASE3_REGISTRY_UPDATE,Telisotuzumab adizutecan | Bevacizumab | Trifluridine/Tipiracil,Colorectal Cancer,NCT07525206,,,https://clinicaltrials.gov/study/NCT07525206,Phase 3 industry-sponsored study; lead sponsor=AbbVie,IN_DB,1.000,NEEDS_FULL_BACKFILL,2026-10-05T03:02:08.310422+00:00,2026-10-05T03:02:37.535264+00:00
CLINICALTRIALS_GLOBAL|PHASE3_REGISTRY_UPDATE|ABBV|NCT07490301||https://clinicaltrials.gov/study/NCT07490301,ABBV,AbbVie Inc.,0001551152,PHASE3_REGISTRY_UPDATE,Telisotuzumab adizutecan | Fluorouracil | Folinic acid/ Leucovorina | Oxaliplatin,Metastatic Pancreatic Ductal Adenocarcinoma | PDAC,NCT07490301,,,https://clinicaltrials.gov/study/NCT07490301,Phase 3 industry-sponsored study; lead sponsor=AbbVie,IN_DB,1.000,NEEDS_FULL_BACKFILL,2026-10-05T03:02:15.373067+00:00,2026-10-05T03:02:37.535381+00:00
CLINICALTRIALS_GLOBAL|PHASE3_REGISTRY_UPDATE|ABBV|NCT07772492||https://clinicaltrials.gov/study/NCT07772492,ABBV,AbbVie Inc.,0001551152,PHASE3_REGISTRY_UPDATE,Upadacitinib | Placebo,Severe Alopecia Areata,NCT07772492,,,https://clinicaltrials.gov/study/NCT07772492,Phase 3 industry-sponsored study; lead sponsor=AbbVie,IN_DB,1.000,NEEDS_FULL_BACKFILL,2026-10-05T03:02:24.260664+00:00,2026-10-05T03:02:37.535495+00:00
CLINICALTRIALS_GLOBAL|PHASE3_REGISTRY_UPDATE|ACXP|NCT04573023||https://clinicaltrials.gov/study/NCT04573023,ACXP,"Acurx Pharmaceuticals, Inc. - Common Stock",0000000000,PHASE3_REGISTRY_UPDATE,JR-141 | Idursulfase | JR-141 or Idursulfase,Mucopolysaccharidosis II,NCT04573023,,,https://clinicaltrials.gov/study/NCT04573023,"Phase 3 industry-sponsored study; lead sponsor=JCR Pharmaceuticals Co., Ltd.",IN_DB,0.900,NEEDS_FULL_BACKFILL,2026-10-05T03:02:11.228426+00:00,2026-10-05T03:02:37.535640+00:00
CLINICALTRIALS_GLOBAL|PHASE3_REGISTRY_UPDATE|ASND|NCT07473128||https://clinicaltrials.gov/study/NCT07473128,ASND,Ascendis Pharma A/S,0001612042,PHASE3_REGISTRY_UPDATE,Trilaciclib | Saline (0.9% NaCl),Limited Stage Small Cell Lung Cancer,NCT07473128,,,https://clinicaltrials.gov/study/NCT07473128,Phase 3 industry-sponsored study; lead sponsor=Pharmacosmos A/S,IN_DB,0.571,NEEDS_FULL_BACKFILL,2026-10-05T03:00:10.367792+00:00,2026-10-05T03:02:37.535768+00:00
CLINICALTRIALS_GLOBAL|PHASE3_REGISTRY_UPDATE|AZN|NCT05624450||https://clinicaltrials.gov/study/NCT05624450,AZN,ASTRAZENECA PLC,0000901832,PHASE3_REGISTRY_UPDATE,Tozorakimab | Placebo,Viral Lung Infection and Acute Respiratory Failure,NCT05624450,,,https://clinicaltrials.gov/study/NCT05624450,Phase 3 industry-sponsored study; lead sponsor=AstraZeneca,IN_DB,1.000,NEEDS_FULL_BACKFILL,2026-10-05T03:02:13.302032+00:00,2026-10-05T03:02:37.535886+00:00
CLINICALTRIALS_GLOBAL|PHASE3_REGISTRY_UPDATE|AZN|NCT07691970||https://clinicaltrials.gov/study/NCT07691970,AZN,ASTRAZENECA PLC,0000901832,PHASE3_REGISTRY_UPDATE,Anifrolumab,Systemic Sclerosis Cutaneous Lupus E Myopathies Systemic Lupus Erythematosus,NCT07691970,,,https://clinicaltrials.gov/study/NCT07691970,Phase 3 industry-sponsored study; lead sponsor=AstraZeneca,IN_DB,1.000,NEEDS_FULL_BACKFILL,2026-10-05T03:02:14.118848+00:00,2026-10-05T03:02:37.536001+00:00
CLINICALTRIALS_GLOBAL|PHASE3_REGISTRY_UPDATE|AZN|NCT06283966||https://clinicaltrials.gov/study/NCT06283966,AZN,ASTRAZENECA PLC,0000901832,PHASE3_REGISTRY_UPDATE,BGF MDI 320/14.4/9.6 μg | GFF MDI 14.4/9.6 μg,COPD (Chronic Obstructive Pulmonary Disease),NCT06283966,,,https://clinicaltrials.gov/study/NCT06283966,Phase 3 industry-sponsored study; lead sponsor=AstraZeneca,IN_DB,1.000,NEEDS_FULL_BACKFILL,2026-10-05T03:02:14.120509+00:00,2026-10-05T03:02:37.536121+00:00
CLINICALTRIALS_GLOBAL|PHASE3_REGISTRY_UPDATE|AZN|NCT07205822||https://clinicaltrials.gov/study/NCT07205822,AZN,ASTRAZENECA PLC,0000901832,PHASE3_REGISTRY_UPDATE,Dato-DXd,Breast Cancer,NCT07205822,,,https://clinicaltrials.gov/study/NCT07205822,Phase 3 industry-sponsored study; lead sponsor=AstraZeneca,IN_DB,1.000,NEEDS_FULL_BACKFILL,2026-10-05T03:02:22.617031+00:00,2026-10-05T03:02:37.536235+00:00
CLINICALTRIALS_GLOBAL|PHASE3_REGISTRY_UPDATE|AZN|NCT06307652||https://clinicaltrials.gov/study/NCT06307652,AZN,ASTRAZENECA PLC,0000901832,PHASE3_REGISTRY_UPDATE,balcinrenone/dapagliflozin 15 mg/10 mg and matching placebo for dapagliflozin 10 mg | balcinrenone/dapagliflozin 40 mg/10 mg and matching placebo for dapagliflozin 10 mg | dapagliflozin 10 mg and matching placebo for balcinrenone/dapagliflozin,Heart Failure and Impaired Kidney Function,NCT06307652,,,https://clinicaltrials.gov/study/NCT06307652,Phase 3 industry-sponsored study; lead sponsor=AstraZeneca,IN_DB,1.000,NEEDS_FULL_BACKFILL,2026-10-05T03:02:23.440507+00:00,2026-10-05T03:02:37.536359+00:00
CLINICALTRIALS_GLOBAL|PHASE3_REGISTRY_UPDATE|BCAX|NCT06788990||https://clinicaltrials.gov/study/NCT06788990,BCAX,Bicara Therapeutics Inc.,0002023658,PHASE3_REGISTRY_UPDATE,Ficerafusp alfa | Pembrolizumab (KEYTRUDA®) | Placebo,Metastatic Head and Neck Squamous Cell Carcinoma | Recurrent Head and Neck Squamous Cell Carcinoma,NCT06788990,,,https://clinicaltrials.gov/study/NCT06788990,Phase 3 industry-sponsored study; lead sponsor=Bicara Therapeutics,IN_DB,1.000,NEEDS_FULL_BACKFILL,2026-10-05T03:02:09.134049+00:00,2026-10-05T03:02:37.536481+00:00
CLINICALTRIALS_GLOBAL|PHASE3_REGISTRY_UPDATE|BIIB|NCT06953583||https://clinicaltrials.gov/study/NCT06953583,BIIB,BIOGEN INC.,0000875045,PHASE3_REGISTRY_UPDATE,Omaveloxolone | Placebo,Friedreich Ataxia,NCT06953583,,,https://clinicaltrials.gov/study/NCT06953583,Phase 3 industry-sponsored study; lead sponsor=Biogen,IN_DB,1.000,NEEDS_FULL_BACKFILL,2026-10-05T03:02:05.821099+00:00,2026-10-05T03:02:37.536619+00:00
CLINICALTRIALS_GLOBAL|PHASE3_REGISTRY_UPDATE|BIIB|NCT07444476||https://clinicaltrials.gov/study/NCT07444476,BIIB,BIOGEN INC.,0000875045,PHASE3_REGISTRY_UPDATE,Salanersen,Spinal Muscular Atrophy,NCT07444476,,,https://clinicaltrials.gov/study/NCT07444476,Phase 3 industry-sponsored study; lead sponsor=Biogen,IN_DB,1.000,NEEDS_FULL_BACKFILL,2026-10-05T03:02:24.259806+00:00,2026-10-05T03:02:37.536741+00:00
CLINICALTRIALS_GLOBAL|PHASE3_REGISTRY_UPDATE|BRTX|NCT07856420||https://clinicaltrials.gov/study/NCT07856420,BRTX,"BioRestorative Therapies, Inc. - Common Stock",0000000000,PHASE3_REGISTRY_UPDATE,JNJ-99245354 | Placebo,Generalized Anxiety Disorder,NCT07856420,,,https://clinicaltrials.gov/study/NCT07856420,"Phase 3 industry-sponsored study; lead sponsor=Intra-Cellular Therapies, Inc.",REVIEW,0.625,NEEDS_FULL_BACKFILL,2026-10-05T03:02:25.087604+00:00,2026-10-05T03:02:37.536967+00:00
CLINICALTRIALS_GLOBAL|PHASE3_REGISTRY_UPDATE|BRVE|NCT07755904||https://clinicaltrials.gov/study/NCT07755904,BRVE,"Braveheart Bio, Inc.",0002131524,PHASE3_REGISTRY_UPDATE,BHB-1893 | Metoprolol,"Cardiomyopathy, Hypertrophic Obstructive",NCT07755904,,,https://clinicaltrials.gov/study/NCT07755904,"Phase 3 industry-sponsored study; lead sponsor=Braveheart Bio, Inc.",IN_DB,1.000,NEEDS_FULL_BACKFILL,2026-10-05T03:02:03.748415+00:00,2026-10-05T03:02:37.537083+00:00
CLINICALTRIALS_GLOBAL|PHASE3_REGISTRY_UPDATE|CADL|NCT01436968||https://clinicaltrials.gov/study/NCT01436968,CADL,"Candel Therapeutics, Inc.",0001841387,PHASE3_REGISTRY_UPDATE,Aglatimagene besadenovec + valacyclovir | Placebo + valacyclovir,Prostate Cancer,NCT01436968,,,https://clinicaltrials.gov/study/NCT01436968,"Phase 3 industry-sponsored study; lead sponsor=Candel Therapeutics, Inc.",IN_DB,1.000,NEEDS_FULL_BACKFILL,2026-10-05T03:02:14.119715+00:00,2026-10-05T03:02:37.537200+00:00
CLINICALTRIALS_GLOBAL|PHASE3_REGISTRY_UPDATE|CNSP|NCT07598708||https://clinicaltrials.gov/study/NCT07598708,CNSP,"CNS Pharmaceuticals, Inc. - Common Stock",0000000000,PHASE3_REGISTRY_UPDATE,cleminorexton | Placebo,Narcolepsy Type 1 | Narcolepsy Type 2,NCT07598708,,,https://clinicaltrials.gov/study/NCT07598708,Phase 3 industry-sponsored study; lead sponsor=Centessa Pharmaceuticals (UK) Limited,IN_DB,0.826,NEEDS_FULL_BACKFILL,2026-10-05T03:02:14.952952+00:00,2026-10-05T03:02:37.537316+00:00
CLINICALTRIALS_GLOBAL|PHASE3_REGISTRY_UPDATE|CUE|NCT04976322||https://clinicaltrials.gov/study/NCT04976322,CUE,"Cue Biopharma, Inc. - Common Stock",0000000000,PHASE3_REGISTRY_UPDATE,Dapirolizumab pegol,Systemic Lupus Erythematosus,NCT04976322,,,https://clinicaltrials.gov/study/NCT04976322,Phase 3 industry-sponsored study; lead sponsor=UCB Biopharma SRL,IN_DB,0.733,NEEDS_FULL_BACKFILL,2026-10-05T03:02:03.747346+00:00,2026-10-05T03:02:37.537432+00:00
CLINICALTRIALS_GLOBAL|PHASE3_REGISTRY_UPDATE|CUE|NCT06435312||https://clinicaltrials.gov/study/NCT06435312,CUE,"Cue Biopharma, Inc. - Common Stock",0000000000,PHASE3_REGISTRY_UPDATE,Zilucoplan,Generalized Myasthenia Gravis,NCT06435312,,,https://clinicaltrials.gov/study/NCT06435312,Phase 3 industry-sponsored study; lead sponsor=UCB Biopharma SRL,IN_DB,0.733,NEEDS_FULL_BACKFILL,2026-10-05T03:02:04.993283+00:00,2026-10-05T03:02:37.537548+00:00
CLINICALTRIALS_GLOBAL|PHASE3_REGISTRY_UPDATE|CUE|NCT06055959||https://clinicaltrials.gov/study/NCT06055959,CUE,"Cue Biopharma, Inc. - Common Stock",0000000000,PHASE3_REGISTRY_UPDATE,Zilucoplan,Generalized Myasthenia Gravis,NCT06055959,,,https://clinicaltrials.gov/study/NCT06055959,Phase 3 industry-sponsored study; lead sponsor=UCB Biopharma SRL,IN_DB,0.733,NEEDS_FULL_BACKFILL,2026-10-05T03:02:10.404456+00:00,2026-10-05T03:02:37.537686+00:00
CLINICALTRIALS_GLOBAL|PHASE3_REGISTRY_UPDATE|CUE|NCT06617325||https://clinicaltrials.gov/study/NCT06617325,CUE,"Cue Biopharma, Inc. - Common Stock",0000000000,PHASE3_REGISTRY_UPDATE,DZP | Placebo,Systemic Lupus Erythematosus,NCT06617325,,,https://clinicaltrials.gov/study/NCT06617325,Phase 3 industry-sponsored study; lead sponsor=UCB Biopharma SRL,IN_DB,0.733,NEEDS_FULL_BACKFILL,2026-10-05T03:02:22.100750+00:00,2026-10-05T03:02:37.537806+00:00
CLINICALTRIALS_GLOBAL|PHASE3_REGISTRY_UPDATE|DYAI|NCT07184827||https://clinicaltrials.gov/study/NCT07184827,DYAI,DYADIC INTERNATIONAL INC,0001213809,PHASE3_REGISTRY_UPDATE,U101 | Placebo,Recurrent Urinary Tract Infections in Women,NCT07184827,,,https://clinicaltrials.gov/study/NCT07184827,Phase 3 industry-sponsored study; lead sponsor=TCM Biotech International Corp.,IN_DB,0.667,NEEDS_FULL_BACKFILL,2026-10-05T03:00:10.392024+00:00,2026-10-05T03:02:37.537922+00:00
CLINICALTRIALS_GLOBAL|PHASE3_REGISTRY_UPDATE|EDIT|NCT07024173||https://clinicaltrials.gov/study/NCT07024173,EDIT,"Editas Medicine, Inc. - Common Stock",0000000000,PHASE3_REGISTRY_UPDATE,HRS-8080 Tablet | Fulvestrant injection | Exemestane tablets | Everolimus Tablets,Locally Advanced Breast Cancer | Metastatic Breast Cancer,NCT07024173,,,https://clinicaltrials.gov/study/NCT07024173,"Phase 3 industry-sponsored study; lead sponsor=Shandong Suncadia Medicine Co., Ltd.",IN_DB,0.585,NEEDS_FULL_BACKFILL,2026-10-05T03:02:21.270710+00:00,2026-10-05T03:02:37.538039+00:00
CLINICALTRIALS_GLOBAL|PHASE3_REGISTRY_UPDATE|EIKN|NCT07365319||https://clinicaltrials.gov/study/NCT07365319,EIKN,"Eikon Therapeutics, Inc.",0001861123,PHASE3_REGISTRY_UPDATE,EIK1001 | Pembrolizumab (KEYTRUDA®) | Placebo | Paclitaxel + Carboplatin,Non Small Cell Lung Cancer (Squamous or Non Squamous) | Stage 4 NSCLC,NCT07365319,,,https://clinicaltrials.gov/study/NCT07365319,Phase 3 industry-sponsored study; lead sponsor=Eikon Therapeutics,IN_DB,1.000,NEEDS_FULL_BACKFILL,2026-10-05T03:02:20.441337+00:00,2026-10-05T03:02:37.538159+00:00
CLINICALTRIALS_GLOBAL|PHASE3_REGISTRY_UPDATE|ELDN|NCT07449923||https://clinicaltrials.gov/study/NCT07449923,ELDN,"Eledon Pharmaceuticals, Inc. - Common Stock",0000000000,PHASE3_REGISTRY_UPDATE,EYP-1901 | Aflibercept (2.0 mg),Diabetic Macular Edema | DME | Diabetic Macular Edema (DME),NCT07449923,,,https://clinicaltrials.gov/study/NCT07449923,"Phase 3 industry-sponsored study; lead sponsor=EyePoint Pharmaceuticals, Inc.",IN_DB,0.870,NEEDS_FULL_BACKFILL,2026-10-05T03:02:04.166005+00:00,2026-10-05T03:02:37.538277+00:00
CLINICALTRIALS_GLOBAL|PHASE3_REGISTRY_UPDATE|ELDN|NCT07449936||https://clinicaltrials.gov/study/NCT07449936,ELDN,"Eledon Pharmaceuticals, Inc. - Common Stock",0000000000,PHASE3_REGISTRY_UPDATE,EYP-1901 | Aflibercept (2.0 mg),Diabetic Macular Edema | DME | Diabetic Macular Edema (DME),NCT07449936,,,https://clinicaltrials.gov/study/NCT07449936,"Phase 3 industry-sponsored study; lead sponsor=EyePoint Pharmaceuticals, Inc.",IN_DB,0.870,NEEDS_FULL_BACKFILL,2026-10-05T03:02:13.710393+00:00,2026-10-05T03:02:37.538396+00:00
CLINICALTRIALS_GLOBAL|PHASE3_REGISTRY_UPDATE|ELDN|NCT07819435||https://clinicaltrials.gov/study/NCT07819435,ELDN,"Eledon Pharmaceuticals, Inc. - Common Stock",0000000000,PHASE3_REGISTRY_UPDATE,PP405 0.05% Topical Gel | Vehicle Topical Gel,Androgenetic Alopecia,NCT07819435,,,https://clinicaltrials.gov/study/NCT07819435,"Phase 3 industry-sponsored study; lead sponsor=Pelage Pharmaceuticals, Inc.",IN_DB,0.864,NEEDS_FULL_BACKFILL,2026-10-05T03:02:20.440316+00:00,2026-10-05T03:02:37.538522+00:00
CLINICALTRIALS_GLOBAL|PHASE3_REGISTRY_UPDATE|IMRX|NCT07562152||https://clinicaltrials.gov/study/NCT07562152,IMRX,Immuneering Corp,0001790340,PHASE3_REGISTRY_UPDATE,Atebimetinib | GnP | mGnP,Pancreatic Cancer | Pancreatic Cancer Metastatic | PDAC | PDAC - Pancreatic Ductal Adenocarcinoma,NCT07562152,,,https://clinicaltrials.gov/study/NCT07562152,Phase 3 industry-sponsored study; lead sponsor=Immuneering Corporation,IN_DB,1.000,NEEDS_FULL_BACKFILL,2026-10-05T03:02:18.353489+00:00,2026-10-05T03:02:37.538662+00:00
CLINICALTRIALS_GLOBAL|PHASE3_REGISTRY_UPDATE|INCY|NCT07797283||https://clinicaltrials.gov/study/NCT07797283,INCY,INCYTE CORP,0000879169,PHASE3_REGISTRY_UPDATE,INCB123667 | Bevacizumab | Placebo,Ovarian Cancer,NCT07797283,,,https://clinicaltrials.gov/study/NCT07797283,Phase 3 industry-sponsored study; lead sponsor=Incyte Corporation,IN_DB,1.000,NEEDS_FULL_BACKFILL,2026-10-05T03:02:24.261483+00:00,2026-10-05T03:02:37.538786+00:00
CLINICALTRIALS_GLOBAL|PHASE3_REGISTRY_UPDATE|KARD|NCT07771465||https://clinicaltrials.gov/study/NCT07771465,KARD,"Kardigan, Inc.",0002123613,PHASE3_REGISTRY_UPDATE,Danicamtiv,Symptomatic Genetic Dilated Cardiomyopathy (DCM),NCT07771465,,,https://clinicaltrials.gov/study/NCT07771465,"Phase 3 industry-sponsored study; lead sponsor=Kardigan, Inc.",IN_DB,1.000,NEEDS_FULL_BACKFILL,2026-10-05T03:02:13.301240+00:00,2026-10-05T03:02:37.538901+00:00
CLINICALTRIALS_GLOBAL|PHASE3_REGISTRY_UPDATE|KPTI|NCT04442022||https://clinicaltrials.gov/study/NCT04442022,KPTI,Karyopharm Therapeutics Inc.,0001503802,PHASE3_REGISTRY_UPDATE,Selinexor (combination therapy) | Placebo matching for Selinexor (combination therapy) | Rituximab (combination therapy) | Gemcitabine (combination therapy),Relapsed/Refractory Diffuse Large B-cell Lymphoma,NCT04442022,,,https://clinicaltrials.gov/study/NCT04442022,Phase 3 industry-sponsored study; lead sponsor=Karyopharm Therapeutics Inc,IN_DB,1.000,NEEDS_FULL_BACKFILL,2026-10-05T03:02:05.822707+00:00,2026-10-05T03:02:37.539021+00:00
CLINICALTRIALS_GLOBAL|PHASE3_REGISTRY_UPDATE|LLY|NCT07153471||https://clinicaltrials.gov/study/NCT07153471,LLY,Eli Lilly and Company Common Stock,0000000000,PHASE3_REGISTRY_UPDATE,Orforglipron | Placebo,Osteoarthritis,NCT07153471,,,https://clinicaltrials.gov/study/NCT07153471,Phase 3 industry-sponsored study; lead sponsor=Eli Lilly and Company,IN_DB,0.990,NEEDS_FULL_BACKFILL,2026-10-05T03:02:23.030353+00:00,2026-10-05T03:02:37.539135+00:00
CLINICALTRIALS_GLOBAL|PHASE3_REGISTRY_UPDATE|LRHC|NCT04408638||https://clinicaltrials.gov/study/NCT04408638,LRHC,La Rosa Holdings Corp. - Common Stock,0000000000,PHASE3_REGISTRY_UPDATE,Obinutuzumab | Glofitamab | Rituxumab | Tocilizumab,Diffuse Large B-cell Lymphoma,NCT04408638,,,https://clinicaltrials.gov/study/NCT04408638,Phase 3 industry-sponsored study; lead sponsor=Hoffmann-La Roche,REVIEW,0.417,NEEDS_FULL_BACKFILL,2026-10-05T03:02:08.309423+00:00,2026-10-05T03:02:37.539259+00:00
CLINICALTRIALS_GLOBAL|PHASE3_REGISTRY_UPDATE|LRHC|NCT05296798||https://clinicaltrials.gov/study/NCT05296798,LRHC,La Rosa Holdings Corp. - Common Stock,0000000000,PHASE3_REGISTRY_UPDATE,Phesgo | Giredestrant | Docetaxel | Paclitaxel,Locally Advanced or Metastatic Breast Cancer,NCT05296798,,,https://clinicaltrials.gov/study/NCT05296798,Phase 3 industry-sponsored study; lead sponsor=Hoffmann-La Roche,REVIEW,0.417,NEEDS_FULL_BACKFILL,2026-10-05T03:02:19.187785+00:00,2026-10-05T03:02:37.539378+00:00
CLINICALTRIALS_GLOBAL|PHASE3_REGISTRY_UPDATE|LRHC|NCT05862285||https://clinicaltrials.gov/study/NCT05862285,LRHC,La Rosa Holdings Corp. - Common Stock,0000000000,PHASE3_REGISTRY_UPDATE,Ipatasertib | Tiragolumab | Atezolizumab | Tiragolumab and Atezolizumab,Cancer,NCT05862285,,,https://clinicaltrials.gov/study/NCT05862285,Phase 3 industry-sponsored study; lead sponsor=Hoffmann-La Roche,REVIEW,0.417,NEEDS_FULL_BACKFILL,2026-10-05T03:02:21.686480+00:00,2026-10-05T03:02:37.539493+00:00
CLINICALTRIALS_GLOBAL|PHASE3_REGISTRY_UPDATE|LRHC|NCT06588855||https://clinicaltrials.gov/study/NCT06588855,LRHC,La Rosa Holdings Corp. - Common Stock,0000000000,PHASE3_REGISTRY_UPDATE,Afimkibart | Placebo,Moderately to Severely Active Ulcerative Colitis,NCT06588855,,,https://clinicaltrials.gov/study/NCT06588855,Phase 3 industry-sponsored study; lead sponsor=Hoffmann-La Roche,REVIEW,0.417,NEEDS_FULL_BACKFILL,2026-10-05T03:02:23.849809+00:00,2026-10-05T03:02:37.539639+00:00
CLINICALTRIALS_GLOBAL|PHASE3_REGISTRY_UPDATE|LXRX|NCT06291376||https://clinicaltrials.gov/study/NCT06291376,LXRX,"Lexicon Pharmaceuticals, Inc. - Common Stock",0000000000,PHASE3_REGISTRY_UPDATE,Ravulizumab | Placebo,Immunoglobulin A Nephropathy | IgAN,NCT06291376,,,https://clinicaltrials.gov/study/NCT06291376,"Phase 3 industry-sponsored study; lead sponsor=Alexion Pharmaceuticals, Inc.",IN_DB,0.957,NEEDS_FULL_BACKFILL,2026-10-05T03:02:15.372065+00:00,2026-10-05T03:02:37.539766+00:00
CLINICALTRIALS_GLOBAL|PHASE3_REGISTRY_UPDATE|MBX|NCT07503444||https://clinicaltrials.gov/study/NCT07503444,MBX,"MBX Biosciences, Inc. - Common Stock",0000000000,PHASE3_REGISTRY_UPDATE,fenfluramine hydrochloride | Placebo,Rett Syndrome,NCT07503444,,,https://clinicaltrials.gov/study/NCT07503444,"Phase 3 industry-sponsored study; lead sponsor=UCB BIOSCIENCES, Inc.",IN_DB,0.867,NEEDS_FULL_BACKFILL,2026-10-05T03:02:07.478083+00:00,2026-10-05T03:02:37.539883+00:00
CLINICALTRIALS_GLOBAL|PHASE3_REGISTRY_UPDATE|METC|NCT07473128||https://clinicaltrials.gov/study/NCT07473128,METC,"Ramaco Resources, Inc. - Class A Common Stock",0000000000,PHASE3_REGISTRY_UPDATE,Trilaciclib | Saline (0.9% NaCl),Limited Stage Small Cell Lung Cancer,NCT07473128,,,https://clinicaltrials.gov/study/NCT07473128,Phase 3 industry-sponsored study; lead sponsor=Pharmacosmos A/S,REVIEW,0.588,NEEDS_FULL_BACKFILL,2026-10-05T03:02:18.352468+00:00,2026-10-05T03:02:37.540000+00:00
CLINICALTRIALS_GLOBAL|PHASE3_REGISTRY_UPDATE|MLTX|NCT06472245||https://clinicaltrials.gov/study/NCT06472245,MLTX,MoonLake Immunotherapeutics,0001821586,PHASE3_REGISTRY_UPDATE,OSE2101 | Docetaxel | NGS HLAA2 assay,Patients With Non-Small Cell Lung Cancer,NCT06472245,,,https://clinicaltrials.gov/study/NCT06472245,Phase 3 industry-sponsored study; lead sponsor=OSE Immunotherapeutics,IN_DB,0.857,NEEDS_FULL_BACKFILL,2026-10-05T03:00:09.879114+00:00,2026-10-05T03:02:37.540116+00:00
CLINICALTRIALS_GLOBAL|PHASE3_REGISTRY_UPDATE|MRK|NCT06623422||https://clinicaltrials.gov/study/NCT06623422,MRK,"Merck & Company, Inc. Common Stock (new)",0000000000,PHASE3_REGISTRY_UPDATE,Pembrolizumab | Cisplatin | Carboplatin | Pemetrexed,"Carcinoma, Non-Small-Cell Lung",NCT06623422,,,https://clinicaltrials.gov/study/NCT06623422,Phase 3 industry-sponsored study; lead sponsor=Merck Sharp & Dohme LLC,IN_DB,0.538,NEEDS_FULL_BACKFILL,2026-10-05T03:02:05.410847+00:00,2026-10-05T03:02:37.540235+00:00
CLINICALTRIALS_GLOBAL|PHASE3_REGISTRY_UPDATE|MRK|NCT06651281||https://clinicaltrials.gov/study/NCT06651281,MRK,"Merck & Company, Inc. Common Stock (new)",0000000000,PHASE3_REGISTRY_UPDATE,Tulisokibart | Placebo to tulisokibart,"Crohn Disease | Colitis, Ulcerative",NCT06651281,,,https://clinicaltrials.gov/study/NCT06651281,Phase 3 industry-sponsored study; lead sponsor=Merck Sharp & Dohme LLC,IN_DB,0.538,NEEDS_FULL_BACKFILL,2026-10-05T03:02:12.049567+00:00,2026-10-05T03:02:37.540354+00:00
CLINICALTRIALS_GLOBAL|PHASE3_REGISTRY_UPDATE|MRK|NCT06430801||https://clinicaltrials.gov/study/NCT06430801,MRK,"Merck & Company, Inc. Common Stock (new)",0000000000,PHASE3_REGISTRY_UPDATE,IV Tulisokibart | SC Tulisokibart | IV Placebo | SC Placebo,Crohn's Disease,NCT06430801,,,https://clinicaltrials.gov/study/NCT06430801,Phase 3 industry-sponsored study; lead sponsor=Merck Sharp & Dohme LLC,IN_DB,0.538,NEEDS_FULL_BACKFILL,2026-10-05T03:02:17.030481+00:00,2026-10-05T03:02:37.540487+00:00
CLINICALTRIALS_GLOBAL|PHASE3_REGISTRY_UPDATE|MRK|NCT07743164||https://clinicaltrials.gov/study/NCT07743164,MRK,"Merck & Company, Inc. Common Stock (new)",0000000000,PHASE3_REGISTRY_UPDATE,R-DXd | Bevacizumab | Carboplatin | Paclitaxel,Ovarian Cancer | Peritoneal Cancer | Fallopian Tube Cancer,NCT07743164,,,https://clinicaltrials.gov/study/NCT07743164,Phase 3 industry-sponsored study; lead sponsor=Merck Sharp & Dohme LLC,IN_DB,0.538,NEEDS_FULL_BACKFILL,2026-10-05T03:02:17.850369+00:00,2026-10-05T03:02:37.540630+00:00
CLINICALTRIALS_GLOBAL|PHASE3_REGISTRY_UPDATE|MRK|NCT04736706||https://clinicaltrials.gov/study/NCT04736706,MRK,"Merck & Company, Inc. Common Stock (new)",0000000000,PHASE3_REGISTRY_UPDATE,Pembrolizumab | Belzutifan | Pembrolizumab/Quavonlimab | Lenvatinib,"Carcinoma, Renal Cell",NCT04736706,,,https://clinicaltrials.gov/study/NCT04736706,Phase 3 industry-sponsored study; lead sponsor=Merck Sharp & Dohme LLC,IN_DB,0.538,NEEDS_FULL_BACKFILL,2026-10-05T03:02:19.602316+00:00,2026-10-05T03:02:37.540758+00:00
CLINICALTRIALS_GLOBAL|PHASE3_REGISTRY_UPDATE|MRK|NCT03486873||https://clinicaltrials.gov/study/NCT03486873,MRK,"Merck & Company, Inc. Common Stock (new)",0000000000,PHASE3_REGISTRY_UPDATE,Pembrolizumab | Standard of Care (SOC) | Lenvatinib | Olaparib,Solid Tumors | Hematologic Malignancies,NCT03486873,,,https://clinicaltrials.gov/study/NCT03486873,Phase 3 industry-sponsored study; lead sponsor=Merck Sharp & Dohme LLC,IN_DB,0.538,NEEDS_FULL_BACKFILL,2026-10-05T03:02:20.855577+00:00,2026-10-05T03:02:37.540877+00:00
CLINICALTRIALS_GLOBAL|PHASE3_REGISTRY_UPDATE|MRK|NCT06079879||https://clinicaltrials.gov/study/NCT06079879,MRK,"Merck & Company, Inc. Common Stock (new)",0000000000,PHASE3_REGISTRY_UPDATE,Bomedemstat | Anagrelide | Busulfan | Interferon alfa/pegylated interferon alfa 2a/pegylated interferon alfa 2b,Essential Thrombocythemia,NCT06079879,,,https://clinicaltrials.gov/study/NCT06079879,Phase 3 industry-sponsored study; lead sponsor=Merck Sharp & Dohme LLC,IN_DB,0.538,NEEDS_FULL_BACKFILL,2026-10-05T03:02:24.675840+00:00,2026-10-05T03:02:37.540997+00:00
CLINICALTRIALS_GLOBAL|PHASE3_REGISTRY_UPDATE|NBIX|NCT02716818||https://clinicaltrials.gov/study/NCT02716818,NBIX,"Neurocrine Biosciences, Inc. - Common Stock",0000000000,PHASE3_REGISTRY_UPDATE,Chronocort® | standard glucocorticoid therapy,Congenital Adrenal Hyperplasia,NCT02716818,,,https://clinicaltrials.gov/study/NCT02716818,Phase 3 industry-sponsored study; lead sponsor=Neurocrine UK Limited,IN_DB,0.629,NEEDS_FULL_BACKFILL,2026-10-05T03:02:07.888470+00:00,2026-10-05T03:02:37.541115+00:00
CLINICALTRIALS_GLOBAL|PHASE3_REGISTRY_UPDATE|NBIX|NCT05063994||https://clinicaltrials.gov/study/NCT05063994,NBIX,"Neurocrine Biosciences, Inc. - Common Stock",0000000000,PHASE3_REGISTRY_UPDATE,Chronocort | Cortef | Placebo,Congenital Adrenal Hyperplasia,NCT05063994,,,https://clinicaltrials.gov/study/NCT05063994,Phase 3 industry-sponsored study; lead sponsor=Neurocrine UK Limited,IN_DB,0.629,NEEDS_FULL_BACKFILL,2026-10-05T03:02:17.440801+00:00,2026-10-05T03:02:37.541237+00:00
CLINICALTRIALS_GLOBAL|PHASE3_REGISTRY_UPDATE|NBIX|NCT02720952||https://clinicaltrials.gov/study/NCT02720952,NBIX,"Neurocrine Biosciences, Inc. - Common Stock",0000000000,PHASE3_REGISTRY_UPDATE,Infacort®,Adrenal Insufficiency,NCT02720952,,,https://clinicaltrials.gov/study/NCT02720952,Phase 3 industry-sponsored study; lead sponsor=Neurocrine UK Limited,IN_DB,0.629,NEEDS_FULL_BACKFILL,2026-10-05T03:02:23.028580+00:00,2026-10-05T03:02:37.541360+00:00
CLINICALTRIALS_GLOBAL|PHASE3_REGISTRY_UPDATE|NBIX|NCT02733367||https://clinicaltrials.gov/study/NCT02733367,NBIX,"Neurocrine Biosciences, Inc. - Common Stock",0000000000,PHASE3_REGISTRY_UPDATE,Infacort®,Adrenal Insufficiency,NCT02733367,,,https://clinicaltrials.gov/study/NCT02733367,Phase 3 industry-sponsored study; lead sponsor=Neurocrine UK Limited,IN_DB,0.629,NEEDS_FULL_BACKFILL,2026-10-05T03:02:23.439503+00:00,2026-10-05T03:02:37.541478+00:00
CLINICALTRIALS_GLOBAL|PHASE3_REGISTRY_UPDATE|NBIX|NCT03062280||https://clinicaltrials.gov/study/NCT03062280,NBIX,"Neurocrine Biosciences, Inc. - Common Stock",0000000000,PHASE3_REGISTRY_UPDATE,Hydrocortisone,Congenital Adrenal Hyperplasia,NCT03062280,,,https://clinicaltrials.gov/study/NCT03062280,Phase 3 industry-sponsored study; lead sponsor=Neurocrine UK Limited,IN_DB,0.629,NEEDS_FULL_BACKFILL,2026-10-05T03:02:24.258795+00:00,2026-10-05T03:02:37.541615+00:00
CLINICALTRIALS_GLOBAL|PHASE3_REGISTRY_UPDATE|NGEN|NCT07799532||https://clinicaltrials.gov/study/NCT07799532,NGEN,NERVGEN PHARMA CORP.,0001751912,PHASE3_REGISTRY_UPDATE,NVG-291 | Placebo,Chronic Spinal Cord Injury,NCT07799532,,,https://clinicaltrials.gov/study/NCT07799532,Phase 3 industry-sponsored study; lead sponsor=NervGen Pharma,IN_DB,1.000,NEEDS_FULL_BACKFILL,2026-10-05T03:02:17.441803+00:00,2026-10-05T03:02:37.541742+00:00
CLINICALTRIALS_GLOBAL|PHASE3_REGISTRY_UPDATE|PASW|NCT05035030||https://clinicaltrials.gov/study/NCT05035030,PASW,"Ping An Biomedical Co., Ltd. - Class A Ordinary Shares",0000000000,PHASE3_REGISTRY_UPDATE,Odevixibat,Alagille Syndrome,NCT05035030,,,https://clinicaltrials.gov/study/NCT05035030,"Phase 3 industry-sponsored study; lead sponsor=Albireo, an Ipsen Company",REVIEW,0.389,NEEDS_FULL_BACKFILL,2026-10-05T03:02:16.199919+00:00,2026-10-05T03:02:37.541861+00:00
CLINICALTRIALS_GLOBAL|PHASE3_REGISTRY_UPDATE|PFE|NCT05568719||https://clinicaltrials.gov/study/NCT05568719,PFE,PFIZER INC,0000078003,PHASE3_REGISTRY_UPDATE,Testing of hepatic AAV Vector integration,Hemophilia A | Hemophilia B,NCT05568719,,,https://clinicaltrials.gov/study/NCT05568719,Phase 3 industry-sponsored study; lead sponsor=Pfizer,IN_DB,1.000,NEEDS_FULL_BACKFILL,2026-10-05T03:02:05.821913+00:00,2026-10-05T03:02:37.541977+00:00
CLINICALTRIALS_GLOBAL|PHASE3_REGISTRY_UPDATE|REGN|NCT07854782||https://clinicaltrials.gov/study/NCT07854782,REGN,"REGENERON PHARMACEUTICALS, INC.",0000872589,PHASE3_REGISTRY_UPDATE,ALN-CIDEB | Placebo,Metabolic Dysfunction-Associated Steatotic Liver Disease | MASLD,NCT07854782,,,https://clinicaltrials.gov/study/NCT07854782,Phase 3 industry-sponsored study; lead sponsor=Regeneron Pharmaceuticals,IN_DB,1.000,NEEDS_FULL_BACKFILL,2026-10-05T03:02:13.300407+00:00,2026-10-05T03:02:37.542093+00:00
CLINICALTRIALS_GLOBAL|PHASE3_REGISTRY_UPDATE|RVMD|NCT07491445||https://clinicaltrials.gov/study/NCT07491445,RVMD,"Revolution Medicines, Inc.",0001628171,PHASE3_REGISTRY_UPDATE,daraxonrasib | gemcitabine | nab-paclitaxel,Pancreatic Cancer | Pancreatic Cancer Metastatic | PDAC | PDAC - Pancreatic Ductal Adenocarcinoma,NCT07491445,,,https://clinicaltrials.gov/study/NCT07491445,"Phase 3 industry-sponsored study; lead sponsor=Revolution Medicines, Inc.",IN_DB,1.000,NEEDS_FULL_BACKFILL,2026-10-05T03:02:22.617908+00:00,2026-10-05T03:02:37.542211+00:00
CLINICALTRIALS_GLOBAL|PHASE3_REGISTRY_UPDATE|SANA|NCT07856511||https://clinicaltrials.gov/study/NCT07856511,SANA,"Sana Biotechnology, Inc. - Common Stock",0000000000,PHASE3_REGISTRY_UPDATE,Placebo | Proximod,Rheumatoid Arthrits,NCT07856511,,,https://clinicaltrials.gov/study/NCT07856511,Phase 3 industry-sponsored study; lead sponsor=Jiankuan (Suzhou) Biotechnology Company Limited,IN_DB,0.723,NEEDS_FULL_BACKFILL,2026-10-05T03:02:14.117861+00:00,2026-10-05T03:02:37.542328+00:00
CLINICALTRIALS_GLOBAL|PHASE3_REGISTRY_UPDATE|SCNI|NCT06472245||https://clinicaltrials.gov/study/NCT06472245,SCNI,Scinai Immunotherapeutics Ltd. - American Depositary Shares,0000000000,PHASE3_REGISTRY_UPDATE,OSE2101 | Docetaxel | NGS HLAA2 assay,Patients With Non-Small Cell Lung Cancer,NCT06472245,,,https://clinicaltrials.gov/study/NCT06472245,Phase 3 industry-sponsored study; lead sponsor=OSE Immunotherapeutics,IN_DB,0.851,NEEDS_FULL_BACKFILL,2026-10-05T03:02:09.958681+00:00,2026-10-05T03:02:37.542445+00:00
CLINICALTRIALS_GLOBAL|PHASE3_REGISTRY_UPDATE|SPRY|NCT02445222||https://clinicaltrials.gov/study/NCT02445222,SPRY,"ARS Pharmaceuticals, Inc. - Common Stock",0000000000,PHASE3_REGISTRY_UPDATE,Previously treated CAR-T patients,Long Term Safety of Patients Receiving CAR-T in an Eligible Clinical Trial or Managed Access Program,NCT02445222,,,https://clinicaltrials.gov/study/NCT02445222,Phase 3 industry-sponsored study; lead sponsor=Novartis Pharmaceuticals,IN_DB,0.884,NEEDS_FULL_BACKFILL,2026-10-05T03:02:06.647796+00:00,2026-10-05T03:02:37.542563+00:00
CLINICALTRIALS_GLOBAL|PHASE3_REGISTRY_UPDATE|SPRY|NCT05677451||https://clinicaltrials.gov/study/NCT05677451,SPRY,"ARS Pharmaceuticals, Inc. - Common Stock",0000000000,PHASE3_REGISTRY_UPDATE,LOU064 (blinded) | placebo,Chronic Spontaneous Urticaria,NCT05677451,,,https://clinicaltrials.gov/study/NCT05677451,Phase 3 industry-sponsored study; lead sponsor=Novartis Pharmaceuticals,IN_DB,0.884,NEEDS_FULL_BACKFILL,2026-10-05T03:02:09.551053+00:00,2026-10-05T03:02:37.542705+00:00
CLINICALTRIALS_GLOBAL|PHASE3_REGISTRY_UPDATE|SPRY|NCT07357727||https://clinicaltrials.gov/study/NCT07357727,SPRY,"ARS Pharmaceuticals, Inc. - Common Stock",0000000000,PHASE3_REGISTRY_UPDATE,Pelabresib | Ruxolitinib | Placebo,Primary Myelofibrosis (PMF) | Post-polycythemia Vera Myelofibrosis (PPV-MF) | Post-essential Thrombocythemia Myelofibrosis (PET-MF),NCT07357727,,,https://clinicaltrials.gov/study/NCT07357727,Phase 3 industry-sponsored study; lead sponsor=Novartis Pharmaceuticals,IN_DB,0.884,NEEDS_FULL_BACKFILL,2026-10-05T03:02:12.894246+00:00,2026-10-05T03:02:37.542826+00:00
CLINICALTRIALS_GLOBAL|PHASE3_REGISTRY_UPDATE|SPRY|NCT05827081||https://clinicaltrials.gov/study/NCT05827081,SPRY,"ARS Pharmaceuticals, Inc. - Common Stock",0000000000,PHASE3_REGISTRY_UPDATE,Ribociclib | Letrozole | Ansastrozole | Goserelin,Early Breast Cancer,NCT05827081,,,https://clinicaltrials.gov/study/NCT05827081,Phase 3 industry-sponsored study; lead sponsor=Novartis Pharmaceuticals,IN_DB,0.884,NEEDS_FULL_BACKFILL,2026-10-05T03:02:16.623344+00:00,2026-10-05T03:02:37.542949+00:00
CLINICALTRIALS_GLOBAL|PHASE3_REGISTRY_UPDATE|SPRY|NCT07816328||https://clinicaltrials.gov/study/NCT07816328,SPRY,"ARS Pharmaceuticals, Inc. - Common Stock",0000000000,PHASE3_REGISTRY_UPDATE,Remibrutinib | Omalizumab,Chronic Spontaneous Urticaria,NCT07816328,,,https://clinicaltrials.gov/study/NCT07816328,Phase 3 industry-sponsored study; lead sponsor=Novartis Pharmaceuticals,IN_DB,0.884,NEEDS_FULL_BACKFILL,2026-10-05T03:02:20.021579+00:00,2026-10-05T03:02:37.543069+00:00
CLINICALTRIALS_GLOBAL|PHASE3_REGISTRY_UPDATE|TRT|NCT07184827||https://clinicaltrials.gov/study/NCT07184827,TRT,Trio-Tech International - Common Stock,0000000000,PHASE3_REGISTRY_UPDATE,U101 | Placebo,Recurrent Urinary Tract Infections in Women,NCT07184827,,,https://clinicaltrials.gov/study/NCT07184827,Phase 3 industry-sponsored study; lead sponsor=TCM Biotech International Corp.,REVIEW,0.875,NEEDS_FULL_BACKFILL,2026-10-05T03:02:18.776027+00:00,2026-10-05T03:02:37.543186+00:00
CLINICALTRIALS_GLOBAL|PHASE3_REGISTRY_UPDATE|TSHA|NCT07856420||https://clinicaltrials.gov/study/NCT07856420,TSHA,"Taysha Gene Therapies, Inc.",0001806310,PHASE3_REGISTRY_UPDATE,JNJ-99245354 | Placebo,Generalized Anxiety Disorder,NCT07856420,,,https://clinicaltrials.gov/study/NCT07856420,"Phase 3 industry-sponsored study; lead sponsor=Intra-Cellular Therapies, Inc.",IN_DB,0.622,NEEDS_FULL_BACKFILL,2026-10-05T03:00:11.442913+00:00,2026-10-05T03:02:37.543303+00:00
CLINICALTRIALS_GLOBAL|PHASE3_REGISTRY_UPDATE|TVTX|NCT06247085||https://clinicaltrials.gov/study/NCT06247085,TVTX,"Travere Therapeutics, Inc.",0001438533,PHASE3_REGISTRY_UPDATE,Pegtibatinase | Placebo,Homocystinuria,NCT06247085,,,https://clinicaltrials.gov/study/NCT06247085,"Phase 3 industry-sponsored study; lead sponsor=Travere Therapeutics, Inc.",IN_DB,1.000,NEEDS_FULL_BACKFILL,2026-10-05T03:02:07.889485+00:00,2026-10-05T03:02:37.543418+00:00
CLINICALTRIALS_GLOBAL|PHASE3_REGISTRY_UPDATE|UPB|NCT07854847||https://clinicaltrials.gov/study/NCT07854847,UPB,"Upstream Bio, Inc.",0002022626,PHASE3_REGISTRY_UPDATE,In-house Hepatitis B Vaccine | Registered Hepatitis B Vaccine,"Vaccination Adverse Event | Immunogenicity, Vaccine",NCT07854847,,,https://clinicaltrials.gov/study/NCT07854847,Phase 3 industry-sponsored study; lead sponsor=PT Bio Farma,IN_DB,0.500,NEEDS_FULL_BACKFILL,2026-10-05T03:00:09.804857+00:00,2026-10-05T03:02:37.543535+00:00
CLINICALTRIALS_GLOBAL|PHASE3_REGISTRY_UPDATE|VRCA|NCT06510374||https://clinicaltrials.gov/study/NCT06510374,VRCA,Verrica Pharmaceuticals Inc. - Common Stock,0000000000,PHASE3_REGISTRY_UPDATE,Nadofaragene Firadenovec,Intermediate Risk Non-Muscle Invasive Bladder Cancer,NCT06510374,,,https://clinicaltrials.gov/study/NCT06510374,Phase 3 industry-sponsored study; lead sponsor=Ferring Pharmaceuticals,IN_DB,0.870,NEEDS_FULL_BACKFILL,2026-10-05T03:02:07.063948+00:00,2026-10-05T03:02:37.543674+00:00
CLINICALTRIALS_GLOBAL|PHASE3_REGISTRY_UPDATE|YDESW|NCT07854847||https://clinicaltrials.gov/study/NCT07854847,YDESW,YD Bio Limited - Warrants,0000000000,PHASE3_REGISTRY_UPDATE,In-house Hepatitis B Vaccine | Registered Hepatitis B Vaccine,"Vaccination Adverse Event | Immunogenicity, Vaccine",NCT07854847,,,https://clinicaltrials.gov/study/NCT07854847,Phase 3 industry-sponsored study; lead sponsor=PT Bio Farma,REVIEW,0.593,NEEDS_FULL_BACKFILL,2026-10-05T03:02:08.722710+00:00,2026-10-05T03:02:37.543798+00:00
CLINICALTRIALS_GLOBAL|PHASE3_REGISTRY_UPDATE||NCT04431726||https://clinicaltrials.gov/study/NCT04431726,,Hoffmann-La Roche,,PHASE3_REGISTRY_UPDATE,Emicizumab,Severe Hemophilia A,NCT04431726,,,https://clinicaltrials.gov/study/NCT04431726,Phase 3 industry-sponsored study; lead sponsor=Hoffmann-La Roche,REVIEW,,NEEDS_FULL_BACKFILL,2026-10-05T03:00:11.466561+00:00,2026-10-05T03:02:37.543913+00:00
CLINICALTRIALS_GLOBAL|PHASE3_REGISTRY_UPDATE||NCT05199688||https://clinicaltrials.gov/study/NCT05199688,,Hoffmann-La Roche,,PHASE3_REGISTRY_UPDATE,Satralizumab,Neuromyelitis Optica Spectrum Disorder | NMOSD,NCT05199688,,,https://clinicaltrials.gov/study/NCT05199688,Phase 3 industry-sponsored study; lead sponsor=Hoffmann-La Roche,REVIEW,,NEEDS_FULL_BACKFILL,2026-10-05T03:00:12.070373+00:00,2026-10-05T03:02:37.544026+00:00
CLINICALTRIALS_GLOBAL|PHASE3_REGISTRY_UPDATE||NCT06935370||https://clinicaltrials.gov/study/NCT06935370,,Boehringer Ingelheim,,PHASE3_REGISTRY_UPDATE,vicadrostat | empagliflozin | Placebo,Heart Failure,NCT06935370,,,https://clinicaltrials.gov/study/NCT06935370,Phase 3 industry-sponsored study; lead sponsor=Boehringer Ingelheim,REVIEW,,NEEDS_FULL_BACKFILL,2026-10-05T03:02:25.907995+00:00,2026-10-05T03:02:37.544143+00:00
CLINICALTRIALS_GLOBAL|PHASE3_REGISTRY_UPDATE||NCT06632444||https://clinicaltrials.gov/study/NCT06632444,,Boehringer Ingelheim,,PHASE3_REGISTRY_UPDATE,Survodutide | Placebo,Metabolic Dysfunction Associated Steatohepatitis (MASH) | Liver Fibrosis,NCT06632444,,,https://clinicaltrials.gov/study/NCT06632444,Phase 3 industry-sponsored study; lead sponsor=Boehringer Ingelheim,REVIEW,,NEEDS_FULL_BACKFILL,2026-10-05T03:02:26.726333+00:00,2026-10-05T03:02:37.544261+00:00
CLINICALTRIALS_GLOBAL|PHASE3_REGISTRY_UPDATE||NCT06872892||https://clinicaltrials.gov/study/NCT06872892,,Boehringer Ingelheim,,PHASE3_REGISTRY_UPDATE,BI 1291583 | Placebo matching BI 1291583,Bronchiectasis,NCT06872892,,,https://clinicaltrials.gov/study/NCT06872892,Phase 3 industry-sponsored study; lead sponsor=Boehringer Ingelheim,REVIEW,,NEEDS_FULL_BACKFILL,2026-10-05T03:02:27.551838+00:00,2026-10-05T03:02:37.544373+00:00
CLINICALTRIALS_GLOBAL|PHASE3_REGISTRY_UPDATE||NCT07435428||https://clinicaltrials.gov/study/NCT07435428,,Ipsen,,PHASE3_REGISTRY_UPDATE,Corabotase | Placebo,Moderate to Severe Glabellar Lines,NCT07435428,,,https://clinicaltrials.gov/study/NCT07435428,Phase 3 industry-sponsored study; lead sponsor=Ipsen,REVIEW,,NEEDS_FULL_BACKFILL,2026-10-05T03:02:28.384351+00:00,2026-10-05T03:02:37.544485+00:00
CLINICALTRIALS_GLOBAL|PHASE3_REGISTRY_UPDATE||NCT07287644||https://clinicaltrials.gov/study/NCT07287644,,"Bluefin Biomedicine, Inc.",,PHASE3_REGISTRY_UPDATE,BFB759 | Placebo for BFB759,Hidradenitis Suppurativa (HS),NCT07287644,,,https://clinicaltrials.gov/study/NCT07287644,"Phase 3 industry-sponsored study; lead sponsor=Bluefin Biomedicine, Inc.",REVIEW,,NEEDS_FULL_BACKFILL,2026-10-05T03:02:29.201456+00:00,2026-10-05T03:02:37.544619+00:00
CLINICALTRIALS_GLOBAL|PHASE3_REGISTRY_UPDATE||NCT06632457||https://clinicaltrials.gov/study/NCT06632457,,Boehringer Ingelheim,,PHASE3_REGISTRY_UPDATE,Survodutide | Placebo matching survodutide,Metabolic Dysfunction Associated Steatohepatitis,NCT06632457,,,https://clinicaltrials.gov/study/NCT06632457,Phase 3 industry-sponsored study; lead sponsor=Boehringer Ingelheim,REVIEW,,NEEDS_FULL_BACKFILL,2026-10-05T03:02:30.861071+00:00,2026-10-05T03:02:37.544741+00:00
CLINICALTRIALS_GLOBAL|PHASE3_REGISTRY_UPDATE||NCT07851246||https://clinicaltrials.gov/study/NCT07851246,,GlaxoSmithKline,,PHASE3_REGISTRY_UPDATE,mRNA Seasonal Flu vaccine | Comparator 1 | Comparator 2,"Influenza, Human",NCT07851246,,,https://clinicaltrials.gov/study/NCT07851246,Phase 3 industry-sponsored study; lead sponsor=GlaxoSmithKline,REVIEW,,NEEDS_FULL_BACKFILL,2026-10-05T03:02:31.269507+00:00,2026-10-05T03:02:37.544858+00:00
CLINICALTRIALS_GLOBAL|PHASE3_REGISTRY_UPDATE||NCT07853209||https://clinicaltrials.gov/study/NCT07853209,,FutureChem,,PHASE3_REGISTRY_UPDATE,[177-Lu]Ludotadipep | Best supportive care/standard of care (BSC/SOC) alone,Prostate Cancer | mCRPC,NCT07853209,,,https://clinicaltrials.gov/study/NCT07853209,Phase 3 industry-sponsored study; lead sponsor=FutureChem,REVIEW,,NEEDS_FULL_BACKFILL,2026-10-05T03:02:32.092082+00:00,2026-10-05T03:02:37.544973+00:00
CLINICALTRIALS_GLOBAL|PHASE3_REGISTRY_UPDATE||NCT06666491||https://clinicaltrials.gov/study/NCT06666491,,GlaxoSmithKline,,PHASE3_REGISTRY_UPDATE,Tafenoquine | Primaquine | Chloroquine,"Malaria, Vivax",NCT06666491,,,https://clinicaltrials.gov/study/NCT06666491,Phase 3 industry-sponsored study; lead sponsor=GlaxoSmithKline,REVIEW,,NEEDS_FULL_BACKFILL,2026-10-05T03:02:32.915686+00:00,2026-10-05T03:02:37.545084+00:00
CLINICALTRIALS_GLOBAL|PHASE3_REGISTRY_UPDATE||NCT06151574||https://clinicaltrials.gov/study/NCT06151574,,Boehringer Ingelheim,,PHASE3_REGISTRY_UPDATE,zongertinib | pembrolizumab | cisplatin | carboplatin,"Lung Cancer, Non-squamous, Non-small Cell",NCT06151574,,,https://clinicaltrials.gov/study/NCT06151574,Phase 3 industry-sponsored study; lead sponsor=Boehringer Ingelheim,REVIEW,,NEEDS_FULL_BACKFILL,2026-10-05T03:02:33.762527+00:00,2026-10-05T03:02:37.545199+00:00
CLINICALTRIALS_GLOBAL|PHASE3_REGISTRY_UPDATE||NCT07540988||https://clinicaltrials.gov/study/NCT07540988,,Boehringer Ingelheim,,PHASE3_REGISTRY_UPDATE,Nerandomilast | Placebo matching nerandomilast,Interstitial Lung Diseases,NCT07540988,,,https://clinicaltrials.gov/study/NCT07540988,Phase 3 industry-sponsored study; lead sponsor=Boehringer Ingelheim,REVIEW,,NEEDS_FULL_BACKFILL,2026-10-05T03:02:36.687014+00:00,2026-10-05T03:02:37.545320+00:00
CLINICALTRIALS_GLOBAL|PHASE3_REGISTRY_UPDATE|ACAD|NCT06159673||https://clinicaltrials.gov/study/NCT06159673,ACAD,ACADIA PHARMACEUTICALS INC,0001070494,PHASE3_REGISTRY_UPDATE,ACP-204 | Placebo,Alzheimer's Disease Psychosis,NCT06159673,,,https://clinicaltrials.gov/study/NCT06159673,Phase 3 industry-sponsored study; lead sponsor=ACADIA Pharmaceuticals Inc.,IN_DB,1.000,NEEDS_FULL_BACKFILL,2026-10-05T03:02:26.318835+00:00,2026-10-05T03:02:37.545437+00:00
CLINICALTRIALS_GLOBAL|PHASE3_REGISTRY_UPDATE|ADMA|NCT07852338||https://clinicaltrials.gov/study/NCT07852338,ADMA,ADMA Biologics Inc - Common Stock,0000000000,PHASE3_REGISTRY_UPDATE,All sentinel cohort participants will receive biologic plus SOC. who receive at least one treatment of the biologic plus SOC and complete the treatment period of 12 weeks. | Standard wound care for diabetic foot ulcers | Participants in the randomized phase are assigned by randomization (2:1) to BIOxHEAL plus SOC or SOC alone. once weekly for up to 12 weeks or until complete ulcer closure,Diabetic Foot Ulcer | Amniotic Membrane Placental Allograft | Biologic,NCT07852338,,,https://clinicaltrials.gov/study/NCT07852338,"Phase 3 industry-sponsored study; lead sponsor=Applied Biologics, LLC",IN_DB,0.774,NEEDS_FULL_BACKFILL,2026-10-05T03:02:26.317769+00:00,2026-10-05T03:02:37.545569+00:00
CLINICALTRIALS_GLOBAL|PHASE3_REGISTRY_UPDATE|ASND|NCT05621616||https://clinicaltrials.gov/study/NCT05621616,ASND,Ascendis Pharma A/S,0001612042,PHASE3_REGISTRY_UPDATE,mirabegron,Neurogenic Detrusor Overactivity,NCT05621616,,,https://clinicaltrials.gov/study/NCT05621616,"Phase 3 industry-sponsored study; lead sponsor=Astellas Pharma Global Development, Inc.",IN_DB,0.528,NEEDS_FULL_BACKFILL,2026-10-05T03:00:11.704707+00:00,2026-10-05T03:02:37.545711+00:00
CLINICALTRIALS_GLOBAL|PHASE3_REGISTRY_UPDATE|AZN|NCT07775404||https://clinicaltrials.gov/study/NCT07775404,AZN,ASTRAZENECA PLC,0000901832,PHASE3_REGISTRY_UPDATE,Elecoglipron | Placebo,Obesity | Overweight,NCT07775404,,,https://clinicaltrials.gov/study/NCT07775404,Phase 3 industry-sponsored study; lead sponsor=AstraZeneca,IN_DB,1.000,NEEDS_FULL_BACKFILL,2026-10-05T03:02:35.850608+00:00,2026-10-05T03:02:37.545828+00:00
CLINICALTRIALS_GLOBAL|PHASE3_REGISTRY_UPDATE|BBLG|NCT07479043||https://clinicaltrials.gov/study/NCT07479043,BBLG,Bone Biologics Corp - Common Stock,0000000000,PHASE3_REGISTRY_UPDATE,Subjects in the UC-MSC treatment group will receive two intravenous infusions (at day 0 and 3) of 100 million UC-MSC. | Controls will receive two infusions of vehicle solution.,Acute Respiratory Distress Syndrome,NCT07479043,,,https://clinicaltrials.gov/study/NCT07479043,"Phase 3 industry-sponsored study; lead sponsor=Breathe Biologics, Inc.",REVIEW,0.774,NEEDS_FULL_BACKFILL,2026-10-05T03:02:34.176638+00:00,2026-10-05T03:02:37.545949+00:00
CLINICALTRIALS_GLOBAL|PHASE3_REGISTRY_UPDATE|BCTX|NCT05665088||https://clinicaltrials.gov/study/NCT05665088,BCTX,BriaCell Therapeutics Corp. - Common Shares,0000000000,PHASE3_REGISTRY_UPDATE,BXCL501 | Matching Placebo,Agitation | Dementia,NCT05665088,,,https://clinicaltrials.gov/study/NCT05665088,Phase 3 industry-sponsored study; lead sponsor=BioXcel Therapeutics Inc,IN_DB,0.878,NEEDS_FULL_BACKFILL,2026-10-05T03:02:35.435200+00:00,2026-10-05T03:02:37.546063+00:00
CLINICALTRIALS_GLOBAL|PHASE3_REGISTRY_UPDATE|BCYC|NCT03742518||https://clinicaltrials.gov/study/NCT03742518,BCYC,Bicycle Therapeutics plc - American Depositary Shares,0000000000,PHASE3_REGISTRY_UPDATE,Topical SM04554 0.15% solution | Topical SM04554 0.25% solution | Topical vehicle solution,Androgenetic Alopecia,NCT03742518,,,https://clinicaltrials.gov/study/NCT03742518,"Phase 3 industry-sponsored study; lead sponsor=Biosplice Therapeutics, Inc.",IN_DB,0.810,NEEDS_FULL_BACKFILL,2026-10-05T03:02:33.341371+00:00,2026-10-05T03:02:37.546182+00:00
CLINICALTRIALS_GLOBAL|PHASE3_REGISTRY_UPDATE|BIIB|NCT05531565||https://clinicaltrials.gov/study/NCT05531565,BIIB,BIOGEN INC.,0000875045,PHASE3_REGISTRY_UPDATE,Litifilimab | Placebo,Subacute Cutaneous Lupus Erythematosus | Chronic Cutaneous Lupus Erythematosus,NCT05531565,,,https://clinicaltrials.gov/study/NCT05531565,Phase 3 industry-sponsored study; lead sponsor=Biogen,IN_DB,1.000,NEEDS_FULL_BACKFILL,2026-10-05T03:02:36.689622+00:00,2026-10-05T03:02:37.546297+00:00
CLINICALTRIALS_GLOBAL|PHASE3_REGISTRY_UPDATE|CMPS|NCT07570654||https://clinicaltrials.gov/study/NCT07570654,CMPS,COMPASS Pathways plc,0001816590,PHASE3_REGISTRY_UPDATE,COMP360 psilocybin,"PTSD - Post Traumatic Stress Disorder | PTSD | PTSD Symptoms | PTSD, Post Traumatic Stress Disorder",NCT07570654,,,https://clinicaltrials.gov/study/NCT07570654,Phase 3 industry-sponsored study; lead sponsor=COMPASS Pathways,IN_DB,1.000,NEEDS_FULL_BACKFILL,2026-10-05T03:02:27.136385+00:00,2026-10-05T03:02:37.546465+00:00
CLINICALTRIALS_GLOBAL|PHASE3_REGISTRY_UPDATE|CRDL|NCT01983241||https://clinicaltrials.gov/study/NCT01983241,CRDL,Cardiol Therapeutics Inc.,0001702123,PHASE3_REGISTRY_UPDATE,"Alpha-1 MP | 0.9% Sodium Chloride for Injection, USP",Pulmonary Emphysema in Alpha-1 PI Deficiency,NCT01983241,,,https://clinicaltrials.gov/study/NCT01983241,Phase 3 industry-sponsored study; lead sponsor=Grifols Therapeutics LLC,IN_DB,0.850,NEEDS_FULL_BACKFILL,2026-10-05T03:00:12.101466+00:00,2026-10-05T03:02:37.546603+00:00
CLINICALTRIALS_GLOBAL|PHASE3_REGISTRY_UPDATE|EDUC|NCT05621616||https://clinicaltrials.gov/study/NCT05621616,EDUC,Educational Development Corporation - Common Stock,0000000000,PHASE3_REGISTRY_UPDATE,mirabegron,Neurogenic Detrusor Overactivity,NCT05621616,,,https://clinicaltrials.gov/study/NCT05621616,"Phase 3 industry-sponsored study; lead sponsor=Astellas Pharma Global Development, Inc.",REVIEW,0.596,NEEDS_FULL_BACKFILL,2026-10-05T03:02:29.626138+00:00,2026-10-05T03:02:37.546784+00:00
CLINICALTRIALS_GLOBAL|PHASE3_REGISTRY_UPDATE|GHRS|NCT01804686||https://clinicaltrials.gov/study/NCT01804686,GHRS,GH Research PLC,0001855129,PHASE3_REGISTRY_UPDATE,Ibrutinib,Chronic Lymphocytic Leukemia | Small Lymphocytic Lymphoma | Mantle Cell Lymphoma | Follicular Lymphoma,NCT01804686,,,https://clinicaltrials.gov/study/NCT01804686,"Phase 3 industry-sponsored study; lead sponsor=Janssen Research & Development, LLC",IN_DB,0.462,NEEDS_FULL_BACKFILL,2026-10-05T03:00:12.017851+00:00,2026-10-05T03:02:37.546902+00:00
CLINICALTRIALS_GLOBAL|PHASE3_REGISTRY_UPDATE|GRFS|NCT07582432||https://clinicaltrials.gov/study/NCT07582432,GRFS,"Grifols, S.A. - American Depositary Shares",0000000000,PHASE3_REGISTRY_UPDATE,"Gamunex-C, 10% Injectable Solution","Chronic Lymphocytic Leukemia, Multiple Myeloma, or Non-Hodgkin Lymphoma",NCT07582432,,,https://clinicaltrials.gov/study/NCT07582432,"Phase 3 industry-sponsored study; lead sponsor=Grifols Biologicals, LLC",IN_DB,0.600,NEEDS_FULL_BACKFILL,2026-10-05T03:02:27.135355+00:00,2026-10-05T03:02:37.547018+00:00
CLINICALTRIALS_GLOBAL|PHASE3_REGISTRY_UPDATE|IMUX|NCT05134441||https://clinicaltrials.gov/study/NCT05134441,IMUX,"IMMUNIC, INC.",0001280776,PHASE3_REGISTRY_UPDATE,IMU-838 tablets | Placebo matching IMU-838 tablets,Multiple Sclerosis,NCT05134441,,,https://clinicaltrials.gov/study/NCT05134441,Phase 3 industry-sponsored study; lead sponsor=Immunic AG,IN_DB,1.000,NEEDS_FULL_BACKFILL,2026-10-05T03:02:32.505228+00:00,2026-10-05T03:02:37.547132+00:00
CLINICALTRIALS_GLOBAL|PHASE3_REGISTRY_UPDATE|IPHA|NCT06046820||https://clinicaltrials.gov/study/NCT06046820,IPHA,Innate Pharma SA,0001598599,PHASE3_REGISTRY_UPDATE,INZ-701 | Control Arm (Conventional Therapy),Ectonucleotide Pyrophosphatase/Phosphodiesterase1 Deficiency | Autosomal Recessive Hypophosphatemic Rickets | Generalized Arterial Calcification of Infancy,NCT06046820,,,https://clinicaltrials.gov/study/NCT06046820,Phase 3 industry-sponsored study; lead sponsor=Inozyme Pharma,IN_DB,0.741,NEEDS_FULL_BACKFILL,2026-10-05T03:00:12.199040+00:00,2026-10-05T03:02:37.547250+00:00
CLINICALTRIALS_GLOBAL|PHASE3_REGISTRY_UPDATE|KPTI|NCT04562389||https://clinicaltrials.gov/study/NCT04562389,KPTI,Karyopharm Therapeutics Inc.,0001503802,PHASE3_REGISTRY_UPDATE,Selinexor | Placebo | Ruxolitinib,Myelofibrosis,NCT04562389,,,https://clinicaltrials.gov/study/NCT04562389,Phase 3 industry-sponsored study; lead sponsor=Karyopharm Therapeutics Inc,IN_DB,1.000,NEEDS_FULL_BACKFILL,2026-10-05T03:02:27.137266+00:00,2026-10-05T03:02:37.547364+00:00
CLINICALTRIALS_GLOBAL|PHASE3_REGISTRY_UPDATE|KROS|NCT01983241||https://clinicaltrials.gov/study/NCT01983241,KROS,"Keros Therapeutics, Inc. - common stock",0000000000,PHASE3_REGISTRY_UPDATE,"Alpha-1 MP | 0.9% Sodium Chloride for Injection, USP",Pulmonary Emphysema in Alpha-1 PI Deficiency,NCT01983241,,,https://clinicaltrials.gov/study/NCT01983241,Phase 3 industry-sponsored study; lead sponsor=Grifols Therapeutics LLC,IN_DB,0.842,NEEDS_FULL_BACKFILL,2026-10-05T03:02:36.276682+00:00,2026-10-05T03:02:37.547480+00:00
CLINICALTRIALS_GLOBAL|PHASE3_REGISTRY_UPDATE|LLY|NCT07775300||https://clinicaltrials.gov/study/NCT07775300,LLY,Eli Lilly and Company Common Stock,0000000000,PHASE3_REGISTRY_UPDATE,Brenipatide | Placebo,"Depressive Disorder, Major",NCT07775300,,,https://clinicaltrials.gov/study/NCT07775300,Phase 3 industry-sponsored study; lead sponsor=Eli Lilly and Company,IN_DB,0.990,NEEDS_FULL_BACKFILL,2026-10-05T03:02:36.688800+00:00,2026-10-05T03:02:37.547613+00:00
CLINICALTRIALS_GLOBAL|PHASE3_REGISTRY_UPDATE|LRHC|NCT04431726||https://clinicaltrials.gov/study/NCT04431726,LRHC,La Rosa Holdings Corp. - Common Stock,0000000000,PHASE3_REGISTRY_UPDATE,Emicizumab,Severe Hemophilia A,NCT04431726,,,https://clinicaltrials.gov/study/NCT04431726,Phase 3 industry-sponsored study; lead sponsor=Hoffmann-La Roche,REVIEW,0.417,NEEDS_FULL_BACKFILL,2026-10-05T03:02:25.496946+00:00,2026-10-05T03:02:37.547734+00:00
CLINICALTRIALS_GLOBAL|PHASE3_REGISTRY_UPDATE|LRHC|NCT05199688||https://clinicaltrials.gov/study/NCT05199688,LRHC,La Rosa Holdings Corp. - Common Stock,0000000000,PHASE3_REGISTRY_UPDATE,Satralizumab,Neuromyelitis Optica Spectrum Disorder | NMOSD,NCT05199688,,,https://clinicaltrials.gov/study/NCT05199688,Phase 3 industry-sponsored study; lead sponsor=Hoffmann-La Roche,REVIEW,0.417,NEEDS_FULL_BACKFILL,2026-10-05T03:02:35.849563+00:00,2026-10-05T03:02:37.547853+00:00
CLINICALTRIALS_GLOBAL|PHASE3_REGISTRY_UPDATE|MRK|NCT04199689||https://clinicaltrials.gov/study/NCT04199689,MRK,"Merck & Company, Inc. Common Stock (new)",0000000000,PHASE3_REGISTRY_UPDATE,9vHPV Vaccine | Placebo (Saline for Injection),Papillomavirus Infections,NCT04199689,,,https://clinicaltrials.gov/study/NCT04199689,Phase 3 industry-sponsored study; lead sponsor=Merck Sharp & Dohme LLC,IN_DB,0.538,NEEDS_FULL_BACKFILL,2026-10-05T03:02:28.792882+00:00,2026-10-05T03:02:37.547972+00:00
CLINICALTRIALS_GLOBAL|PHASE3_REGISTRY_UPDATE|MRK|NCT07705555||https://clinicaltrials.gov/study/NCT07705555,MRK,"Merck & Company, Inc. Common Stock (new)",0000000000,PHASE3_REGISTRY_UPDATE,MK-8748 | Aflibercept,Diabetic Retinopathy | Macular Edema,NCT07705555,,,https://clinicaltrials.gov/study/NCT07705555,Phase 3 industry-sponsored study; lead sponsor=Merck Sharp & Dohme LLC,IN_DB,0.538,NEEDS_FULL_BACKFILL,2026-10-05T03:02:30.036795+00:00,2026-10-05T03:02:37.548088+00:00
CLINICALTRIALS_GLOBAL|PHASE3_REGISTRY_UPDATE|MRK|NCT07705607||https://clinicaltrials.gov/study/NCT07705607,MRK,"Merck & Company, Inc. Common Stock (new)",0000000000,PHASE3_REGISTRY_UPDATE,MK-8748 | Aflibercept,Diabetic Retinopathy | Macular Edema,NCT07705607,,,https://clinicaltrials.gov/study/NCT07705607,Phase 3 industry-sponsored study; lead sponsor=Merck Sharp & Dohme LLC,IN_DB,0.538,NEEDS_FULL_BACKFILL,2026-10-05T03:02:30.450237+00:00,2026-10-05T03:02:37.548203+00:00
CLINICALTRIALS_GLOBAL|PHASE3_REGISTRY_UPDATE|MRK|NCT07513376||https://clinicaltrials.gov/study/NCT07513376,MRK,"Merck & Company, Inc. Common Stock (new)",0000000000,PHASE3_REGISTRY_UPDATE,Intismeran | Pembrolizumab coformulated with berahyaluronidase alfa | Placebo,Non-small Cell Lung Cancer,NCT07513376,,,https://clinicaltrials.gov/study/NCT07513376,Phase 3 industry-sponsored study; lead sponsor=Merck Sharp & Dohme LLC,IN_DB,0.538,NEEDS_FULL_BACKFILL,2026-10-05T03:02:32.504159+00:00,2026-10-05T03:02:37.548319+00:00
CLINICALTRIALS_GLOBAL|PHASE3_REGISTRY_UPDATE|MRK|NCT07431827||https://clinicaltrials.gov/study/NCT07431827,MRK,"Merck & Company, Inc. Common Stock (new)",0000000000,PHASE3_REGISTRY_UPDATE,Calderasib | MK-3475A | Placebo,Non-small Cell Lung Cancer,NCT07431827,,,https://clinicaltrials.gov/study/NCT07431827,Phase 3 industry-sponsored study; lead sponsor=Merck Sharp & Dohme LLC,IN_DB,0.538,NEEDS_FULL_BACKFILL,2026-10-05T03:02:34.595171+00:00,2026-10-05T03:02:37.548436+00:00
CLINICALTRIALS_GLOBAL|PHASE3_REGISTRY_UPDATE|NVO|NCT05636176||https://clinicaltrials.gov/study/NCT05636176,NVO,NOVO NORDISK A S,0000353278,PHASE3_REGISTRY_UPDATE,Ziltivekimab | Placebo,Heart Failure,NCT05636176,,,https://clinicaltrials.gov/study/NCT05636176,Phase 3 industry-sponsored study; lead sponsor=Novo Nordisk A/S,IN_DB,1.000,NEEDS_FULL_BACKFILL,2026-10-05T03:02:31.682318+00:00,2026-10-05T03:02:37.548550+00:00
CLINICALTRIALS_GLOBAL|PHASE3_REGISTRY_UPDATE|OKYO|NCT06046820||https://clinicaltrials.gov/study/NCT06046820,OKYO,OKYO Pharma Limited - Ordinary Shares,0000000000,PHASE3_REGISTRY_UPDATE,INZ-701 | Control Arm (Conventional Therapy),Ectonucleotide Pyrophosphatase/Phosphodiesterase1 Deficiency | Autosomal Recessive Hypophosphatemic Rickets | Generalized Arterial Calcification of Infancy,NCT06046820,,,https://clinicaltrials.gov/study/NCT06046820,Phase 3 industry-sponsored study; lead sponsor=Inozyme Pharma,IN_DB,0.720,NEEDS_FULL_BACKFILL,2026-10-05T03:02:37.522137+00:00,2026-10-05T03:02:37.548696+00:00
CLINICALTRIALS_GLOBAL|PHASE3_REGISTRY_UPDATE|SFWL|NCT01804686||https://clinicaltrials.gov/study/NCT01804686,SFWL,Shengfeng Development Limited - Class A Ordinary Shares,0000000000,PHASE3_REGISTRY_UPDATE,Ibrutinib,Chronic Lymphocytic Leukemia | Small Lymphocytic Lymphoma | Mantle Cell Lymphoma | Follicular Lymphoma,NCT01804686,,,https://clinicaltrials.gov/study/NCT01804686,"Phase 3 industry-sponsored study; lead sponsor=Janssen Research & Development, LLC",REVIEW,0.627,NEEDS_FULL_BACKFILL,2026-10-05T03:02:35.009468+00:00,2026-10-05T03:02:37.548818+00:00
CLINICALTRIALS_GLOBAL|PHASE3_REGISTRY_UPDATE|SNY|NCT07190222||https://clinicaltrials.gov/study/NCT07190222,SNY,Sanofi,0001121404,PHASE3_REGISTRY_UPDATE,Lunsekimig | Placebo,Chronic Obstructive Pulmonary Disease,NCT07190222,,,https://clinicaltrials.gov/study/NCT07190222,Phase 3 industry-sponsored study; lead sponsor=Sanofi,IN_DB,1.000,NEEDS_FULL_BACKFILL,2026-10-05T03:02:25.088560+00:00,2026-10-05T03:02:37.548932+00:00
CLINICALTRIALS_GLOBAL|PHASE3_REGISTRY_UPDATE|SPRY|NCT06133972||https://clinicaltrials.gov/study/NCT06133972,SPRY,"ARS Pharmaceuticals, Inc. - Common Stock",0000000000,PHASE3_REGISTRY_UPDATE,Placebo | Ianalumab,Systemic Lupus Erythematosus,NCT06133972,,,https://clinicaltrials.gov/study/NCT06133972,Phase 3 industry-sponsored study; lead sponsor=Novartis Pharmaceuticals,IN_DB,0.884,NEEDS_FULL_BACKFILL,2026-10-05T03:02:37.106367+00:00,2026-10-05T03:02:37.549051+00:00
CLINICALTRIALS_GLOBAL|PHASE3_REGISTRY_UPDATE|TEVA|NCT06052267||https://clinicaltrials.gov/study/NCT06052267,TEVA,Teva Pharmaceutical Industries Limited Ordinary Shares,0000000000,PHASE3_REGISTRY_UPDATE,TEV-56248 | Albuterol sulfate,Asthma,NCT06052267,,,https://clinicaltrials.gov/study/NCT06052267,Phase 3 industry-sponsored study; lead sponsor=Teva Branded Pharmaceutical Products R&D LLC,IN_DB,0.686,NEEDS_FULL_BACKFILL,2026-10-05T03:02:27.975243+00:00,2026-10-05T03:02:37.549168+00:00
CLINICALTRIALS_GLOBAL|PHASE3_REGISTRY_UPDATE|TOVX|NCT07479043||https://clinicaltrials.gov/study/NCT07479043,TOVX,"Theriva Biologics, Inc.",0000894158,PHASE3_REGISTRY_UPDATE,Subjects in the UC-MSC treatment group will receive two intravenous infusions (at day 0 and 3) of 100 million UC-MSC. | Controls will receive two infusions of vehicle solution.,Acute Respiratory Distress Syndrome,NCT07479043,,,https://clinicaltrials.gov/study/NCT07479043,"Phase 3 industry-sponsored study; lead sponsor=Breathe Biologics, Inc.",IN_DB,0.765,NEEDS_FULL_BACKFILL,2026-10-05T03:00:11.970812+00:00,2026-10-05T03:02:37.549291+00:00
CLINICALTRIALS_GLOBAL|PHASE3_REGISTRY_UPDATE|VERA|NCT04716231||https://clinicaltrials.gov/study/NCT04716231,VERA,"Vera Therapeutics, Inc.",0001831828,PHASE3_REGISTRY_UPDATE,Atacicept | Placebo to match Atacicept,IgA Nephropathy | Berger Disease,NCT04716231,,,https://clinicaltrials.gov/study/NCT04716231,"Phase 3 industry-sponsored study; lead sponsor=Vera Therapeutics, Inc.",IN_DB,1.000,NEEDS_FULL_BACKFILL,2026-10-05T03:02:27.976255+00:00,2026-10-05T03:02:37.549406+00:00
