ticker,drug_alias,drug_modality,drug_class,mechanism_target,route,use_status,classification_source_url,classification_note,verified_as_of
AXSM,AXS-07|Meloxicam|Rizatriptan,Small-molecule combination,NSAID + triptan,"Meloxicam: COX-2-preferential NSAID; rizatriptan: 5-HT1B/1D agonist",Oral,Investigational for acute migraine,https://www.axsome.com/wp-content/uploads/2024/11/Axsome-AXS-07-Poster-Presentation-IHC-2019.pdf,Axsome describes an oral investigational fixed-dose combination.,2026-10-09
AXSM,AXS-05|Dextromethorphan|Bupropion,Small-molecule combination,NMDA antagonist + monoamine modulator,"Dextromethorphan: NMDA antagonism and sigma-1 agonism; bupropion: norepinephrine/dopamine reuptake inhibition",Oral,Approved for MDD; investigational in GEMINI depression use,https://www.accessdata.fda.gov/drugsatfda_docs/label/2025/215430s016lbl.pdf,FDA label supports AUVELITY approval for adult MDD; mechanism is documented in Axsome materials.,2026-10-09
MLYS,Lorundrostat,Small molecule,Aldosterone synthase inhibitor,Inhibits CYP11B2 to reduce aldosterone synthesis,Oral,Investigational,https://mineralystx.com/science/,Mineralys describes lorundrostat as an oral selective aldosterone synthase inhibitor.,2026-10-09
MDGL,Resmetirom,Small molecule,THR-beta agonist,Selective thyroid hormone receptor beta agonist,Oral,Approved for noncirrhotic MASH F2-F3; investigational in cirrhosis,https://www.accessdata.fda.gov/drugsatfda_docs/label/2024/217785s000lbl.pdf,FDA label supports the approved MASH indication and oral THR-beta mechanism.,2026-10-09
VKTX,VK2735,Registry Drug; modality not classified,Dual GLP-1/GIP receptor agonist,Activates GLP-1 and GIP receptors,Injectable and oral formulations in development,Investigational,https://vikingtherapeutics.com/pipeline/overview/,The cited Viking page does not state a definitive molecular modality; registry type remains Drug.,2026-10-09
GPCR,Aleniglipron|GSBR-1290,Small molecule,GLP-1 receptor agonist,Orally available nonpeptide GLP-1 receptor agonist,Oral,Investigational,https://ir.structuretx.com/news-releases/news-release-details/structure-therapeutics-reports-positive-topline-data-phase-2,Structure describes aleniglipron as an oral nonpeptide small-molecule GLP-1 agonist.,2026-10-09
LLY,Tirzepatide,Peptide,GIP/GLP-1 receptor agonist,Activates GIP and GLP-1 receptors,Subcutaneous injection,Approved for type 2 diabetes and obesity; trial use in SURPASS/SURMOUNT,https://www.accessdata.fda.gov/drugsatfda_docs/label/2026/215866s009lbl.pdf,FDA label identifies tirzepatide as a modified peptide and dual GIP/GLP-1 agonist.,2026-10-09
TVTX,Sparsentan,Small molecule,Dual endothelin + angiotensin II receptor antagonist,Blocks endothelin and angiotensin II pathways,Oral,Approved for IgAN and FSGS; trial use in PROTECT/DUPLEX,https://www.accessdata.fda.gov/drugsatfda_docs/label/2026/216403s006lbl.pdf,FDA label supports the dual receptor mechanism and current kidney indications.,2026-10-09
PAR,Pentosan polysulfate sodium,Semisynthetic polysaccharide,Anti-inflammatory / cartilage-protective polysaccharide,Mechanistic details remain under clinical evaluation; iPPS studied in OA,Subcutaneous injection,Investigational for knee osteoarthritis,https://paradigmbiopharma.com/clinical-trials,Paradigm identifies PARA_OA_012 as an injectable pentosan polysulfate sodium study.,2026-10-09
DFTX,DT120|MM120|Lysergide,Small molecule lysergide formulation,Classic serotonergic psychedelic,Partial agonist at 5-HT2A receptor,Orally disintegrating tablet,Investigational,https://definiumtx.com/pipeline/dt120/,Definium describes DT120 ODT as a lysergide formulation and 5-HT2A partial agonist.,2026-10-09
SNY,Dupilumab,Monoclonal antibody,IL-4R-alpha antagonist,Binds IL-4R-alpha and blocks IL-4/IL-13 signaling,Subcutaneous injection,Approved for asthma and other indications; trial record is historical,https://www.accessdata.fda.gov/drugsatfda_docs/label/2026/761055s074lbl.pdf,FDA label identifies dupilumab as an IL-4R-alpha antagonist administered subcutaneously.,2026-10-09
VRTX,Suzetrigine|VX-548,Small molecule,NaV1.8 sodium-channel blocker,Selective voltage-gated sodium channel NaV1.8 inhibitor,Oral tablet,Approved for acute pain; investigational for diabetic neuropathic pain,https://www.accessdata.fda.gov/drugsatfda_docs/label/2025/219209s000lbl.pdf,FDA label supports oral use and approved acute-pain indication; DPN remains investigational.,2026-10-09
