event_key,fda_regulatory_case_id,ticker,drug,pdufa_date,count_in_coverage,prospective_eligible,forced_direction,directional_score,confidence,source_layer,evidence_completeness_pct,direction_reason,model_version,frozen_at,decision_date,actual_fda_decision,match_result
BFRI|AMELUZ_SBCC_20260928,BFRI|AMELUZ_SBCC_20260928,BFRI,Ameluz PDT,2026-09-28,YES,NO,CRL,27.0,LOW,FALLBACK_PREDECISION_MODEL,0.0,No FDA component scores available; fallback=neutral_50 | statistics unresolved -5; CMC unresolved -5; facility unresolved -5; application identity unresolved -5; evidence freshness unresolved -3,FDA-DIRECTIONAL-100-V1,2026-10-06T16:30:00Z,,,PENDING
SRRK|APITEGROMAB_20260930,SRRK|APITEGROMAB_20260930,SRRK,apitegromab,2026-09-30,YES,NO,CRL,27.0,LOW,FALLBACK_PREDECISION_MODEL,0.0,No FDA component scores available; fallback=neutral_50 | statistics unresolved -5; CMC unresolved -5; facility unresolved -5; application identity unresolved -5; evidence freshness unresolved -3,FDA-DIRECTIONAL-100-V1,2026-10-06T16:30:00Z,,,PENDING
IRD|PHENTOLAMINE_PRESBYOPIA_20261017,MR141_PRESBYOPIA_20261017,IRD,Phentolamine Ophthalmic Solution 0.75%,2026-10-17,NO,NO,APPROVED,74.0,HIGH,FDA_WEIGHTED_FORCE,75.0,Weighted FDA-domain evidence; fallback=neutral_50 | statistics unresolved -5; CMC unresolved -5; facility unresolved -5,FDA-DIRECTIONAL-100-V1,2026-10-06T16:30:00Z,,,PENDING
VTRS|PHENTOLAMINE_PRESBYOPIA_20261017,MR141_PRESBYOPIA_20261017,VTRS,MR-141 (phentolamine ophthalmic solution 0.75%),2026-10-17,YES,YES,APPROVED,74.0,HIGH,FDA_WEIGHTED_FORCE,75.0,Weighted FDA-domain evidence; fallback=neutral_50 | statistics unresolved -5; CMC unresolved -5; facility unresolved -5,FDA-DIRECTIONAL-100-V1,2026-10-06T16:30:00Z,,,PENDING
IONS|BEPIROVIRSEN_CHB_20261026,BEPIROVIRSEN_CHB_20261026,IONS,bepirovirsen,2026-10-26,YES,YES,APPROVED,76.6,HIGH,FDA_WEIGHTED_FORCE,75.0,Weighted FDA-domain evidence; fallback=neutral_50 | statistics unresolved -5; CMC unresolved -5; facility unresolved -5,FDA-DIRECTIONAL-100-V1,2026-10-06T16:30:00Z,,,PENDING
INO|INO3107_RRP_20261030,INO3107_RRP_20261030,INO,INO-3107,2026-10-30,YES,YES,APPROVED,54.6,LOW,FDA_WEIGHTED_FORCE,75.0,Weighted FDA-domain evidence; fallback=neutral_50 | statistics unresolved -5; CMC unresolved -5; facility unresolved -5,FDA-DIRECTIONAL-100-V1,2026-10-06T16:30:00Z,,,PENDING
AGIO|MITAPIVAT_SCD_20261101,MITAPIVAT_SCD_20261101,AGIO,mitapivat,2026-11-01,YES,YES,APPROVED,64.7,MEDIUM,FDA_WEIGHTED_FORCE,75.0,Weighted FDA-domain evidence; fallback=approval_probability | statistics unresolved -5; CMC unresolved -5; facility unresolved -5,FDA-DIRECTIONAL-100-V1,2026-10-06T16:30:00Z,,,PENDING
CYTK|MYQORZO_HCM_20261114,CYTK|MYQORZO_HCM_20261114,CYTK,MYQORZO,2026-11-14,YES,YES,APPROVED,75.3,HIGH,FDA_WEIGHTED_FORCE,75.0,Weighted FDA-domain evidence; fallback=approval_probability | statistics unresolved -5; CMC unresolved -5; facility unresolved -5,FDA-DIRECTIONAL-100-V1,2026-10-06T16:30:00Z,,,PENDING
SMMT|IVONESCIMAB_20261114,SMMT|IVONESCIMAB_20261114,SMMT,ivonescimab,2026-11-14,YES,YES,APPROVED,54.1,LOW,FDA_WEIGHTED_FORCE,75.0,Weighted FDA-domain evidence; fallback=neutral_50 | statistics unresolved -5; CMC unresolved -5; facility unresolved -5,FDA-DIRECTIONAL-100-V1,2026-10-06T16:30:00Z,,,PENDING
CAPR|DERAMIOCEL_DMD_20261122,CAPR|DERAMIOCEL_DMD_20261122,CAPR,Deramiocel,2026-11-22,YES,YES,CRL,49.9,LOW,FDA_WEIGHTED_FORCE,75.0,Weighted FDA-domain evidence; fallback=approval_probability | statistics unresolved -5; CMC unresolved -5; facility unresolved -5; data integrity unresolved -6,FDA-DIRECTIONAL-100-V1,2026-10-06T16:30:00Z,,,PENDING
BBIO|BBP418_LGMD2IR9_20261127,BBIO|BBP418_LGMD2IR9_20261127,BBIO,BBP-418,2026-11-27,YES,YES,APPROVED,74.3,HIGH,FDA_WEIGHTED_FORCE,75.0,Weighted FDA-domain evidence; fallback=neutral_50 | statistics unresolved -5; CMC unresolved -5; facility unresolved -5,FDA-DIRECTIONAL-100-V1,2026-10-06T16:30:00Z,,,PENDING
VRTX|POVETACICEPT_IGAN_20261130,POVETACICEPT_IGAN_US_20261130,VRTX,povetacicept,2026-11-30,YES,YES,APPROVED,77.8,HIGH,FDA_WEIGHTED_FORCE,75.0,Weighted FDA-domain evidence; fallback=neutral_50 | statistics unresolved -5; CMC unresolved -5; facility unresolved -5,FDA-DIRECTIONAL-100-V1,2026-10-06T16:30:00Z,,,PENDING
ZLAB|POVETACICEPT_IGAN_20261130,POVETACICEPT_IGAN_US_20261130,ZLAB,povetacicept,2026-11-30,NO,NO,APPROVED,77.8,HIGH,FDA_WEIGHTED_FORCE,75.0,Weighted FDA-domain evidence; fallback=neutral_50 | statistics unresolved -5; CMC unresolved -5; facility unresolved -5,FDA-DIRECTIONAL-100-V1,2026-10-06T16:30:00Z,,,PENDING
ANAB|IMSIDOLIMAB_GPP_20261212,IMSIDOLIMAB_GPP_US_20261212,ANAB,Quimilza (imsidolimab),2026-12-12,YES,YES,APPROVED,72.6,HIGH,FDA_WEIGHTED_FORCE,75.0,Weighted FDA-domain evidence; fallback=approval_probability | statistics unresolved -5; CMC unresolved -5; facility unresolved -5,FDA-DIRECTIONAL-100-V1,2026-10-06T16:30:00Z,,,PENDING
CORT|RELACORILANT_CUSHINGS_20261217,RELACORILANT_CUSHINGS_US_20261217,CORT,relacorilant,2026-12-17,YES,YES,CRL,49.7,LOW,FDA_WEIGHTED_FORCE,75.0,Weighted FDA-domain evidence; fallback=neutral_50 | statistics unresolved -5; CMC unresolved -5; facility unresolved -5,FDA-DIRECTIONAL-100-V1,2026-10-06T16:30:00Z,,,PENDING
MLYS|LORUNDROSTAT_20261222,LORUNDROSTAT_HTN_US_20261222,MLYS,lorundrostat,2026-12-22,YES,YES,APPROVED,75.9,HIGH,FDA_WEIGHTED_FORCE,75.0,Weighted FDA-domain evidence; fallback=approval_probability | statistics unresolved -5; CMC unresolved -5; facility unresolved -5,FDA-DIRECTIONAL-100-V1,2026-10-06T16:30:00Z,,,PENDING
GILD|ANITOCEL_MM_20261223,ANITOCEL_RRMM_US_20261223,GILD,anitocabtagene autoleucel (anito-cel),2026-12-23,YES,YES,APPROVED,71.0,HIGH,FDA_WEIGHTED_FORCE,75.0,Weighted FDA-domain evidence; fallback=neutral_50 | statistics unresolved -5; CMC unresolved -5; facility unresolved -5,FDA-DIRECTIONAL-100-V1,2026-10-06T16:30:00Z,,,PENDING
PRAX|RELUTRIGINE_DEE_20261227,RELUTRIGINE_DEE_US_20261227,PRAX,relutrigine,2026-12-27,YES,YES,APPROVED,76.1,HIGH,FDA_WEIGHTED_FORCE,75.0,Weighted FDA-domain evidence; fallback=approval_probability | statistics unresolved -5; CMC unresolved -5; facility unresolved -5,FDA-DIRECTIONAL-100-V1,2026-10-06T16:30:00Z,,,PENDING
VTRS|MR107A02_ACUTEPAIN_20261227,MR107A02_ACUTEPAIN_US_20261227,VTRS,MR-107A-02 (fast-acting meloxicam),2026-12-27,YES,YES,APPROVED,76.1,HIGH,FDA_WEIGHTED_FORCE,75.0,Weighted FDA-domain evidence; fallback=neutral_50 | statistics unresolved -5; CMC unresolved -5; facility unresolved -5,FDA-DIRECTIONAL-100-V1,2026-10-06T16:30:00Z,,,PENDING
COGT|BEZUCLASTINIB_NONADVSM_20261230,BEZUCLASTINIB_NONADVSM_US_20261230,COGT,bezuclastinib,2026-12-30,YES,YES,APPROVED,78.3,HIGH,FDA_WEIGHTED_FORCE,75.0,Weighted FDA-domain evidence; fallback=approval_probability | statistics unresolved -5; CMC unresolved -5; facility unresolved -5,FDA-DIRECTIONAL-100-V1,2026-10-06T16:30:00Z,,,PENDING
IBRX|ANKTIVA_NMIBC_20270106,ANKTIVA_PAPILLARY_NMIBC_US_20270106,IBRX,ANKTIVA + BCG,2027-01-06,YES,YES,APPROVED,65.7,MEDIUM,FDA_WEIGHTED_FORCE,75.0,Weighted FDA-domain evidence; fallback=neutral_50 | statistics unresolved -5; CMC unresolved -5; facility unresolved -5,FDA-DIRECTIONAL-100-V1,2026-10-06T16:30:00Z,,,PENDING
DYN|ZROSTUDIRSEN_DMD_20270121,ZROSTUDIRSEN_DMD_US_20270121,DYN,z-rostudirsen,2027-01-21,YES,YES,APPROVED,67.1,MEDIUM,FDA_WEIGHTED_FORCE,75.0,Weighted FDA-domain evidence; fallback=neutral_50 | statistics unresolved -5; CMC unresolved -5; facility unresolved -5,FDA-DIRECTIONAL-100-V1,2026-10-06T16:30:00Z,,,PENDING
PRAX|ULIXACALTAMIDE_ET_20270129,ULIXACALTAMIDE_ET_US_20270129,PRAX,ulixacaltamide HCl,2027-01-29,YES,YES,APPROVED,79.0,HIGH,FDA_WEIGHTED_FORCE,75.0,Weighted FDA-domain evidence; fallback=neutral_50 | statistics unresolved -5; CMC unresolved -5; facility unresolved -5,FDA-DIRECTIONAL-100-V1,2026-10-06T16:30:00Z,,,PENDING
ARQT|ZORYVE_AD_20270223,ZORYVE_AD_INFANT_US_20270223,ARQT,ZORYVE cream 0.05%,2027-02-23,YES,YES,APPROVED,68.9,MEDIUM,FDA_WEIGHTED_FORCE,80.0,Weighted FDA-domain evidence; fallback=neutral_50 | statistics unresolved -5; CMC unresolved -5; facility unresolved -5,FDA-DIRECTIONAL-100-V1,2026-10-06T16:30:00Z,,,PENDING
CGEM|ZIPALERTINIB_NSCLC_20270227,ZIPALERTINIB_NSCLC_US_20270227,CGEM,zipalertinib,2027-02-27,YES,YES,APPROVED,66.7,MEDIUM,FDA_WEIGHTED_FORCE,75.0,Weighted FDA-domain evidence; fallback=neutral_50 | statistics unresolved -5; CMC unresolved -5; facility unresolved -5,FDA-DIRECTIONAL-100-V1,2026-10-06T16:30:00Z,,,PENDING
APMD|OXNIMBI_OSA_20270228,APMD|OXNIMBI_OSA_20270228,APMD,Oxnimbi,2027-02-28,YES,YES,APPROVED,60.7,MEDIUM,FDA_WEIGHTED_FORCE,75.0,Weighted FDA-domain evidence; fallback=neutral_50 | statistics unresolved -5; CMC unresolved -5; facility unresolved -5,FDA-DIRECTIONAL-100-V1,2026-10-06T16:30:00Z,,,PENDING
BMRN|VOXZOGO_ACHONDROPLASIA_20270228,BMRN|VOXZOGO_ACHONDROPLASIA_20270228,BMRN,VOXZOGO,2027-02-28,YES,YES,APPROVED,71.1,HIGH,FDA_WEIGHTED_FORCE,75.0,Weighted FDA-domain evidence; fallback=neutral_50 | statistics unresolved -5; CMC unresolved -5; facility unresolved -5,FDA-DIRECTIONAL-100-V1,2026-10-06T16:30:00Z,,,PENDING
EXEL|ZANZALINTINIB_CRC,ZANZALINTINIB_CRC_US_20261203,EXEL,zanzalintinib + atezolizumab,2026-12-03,YES,YES,APPROVED,65.9,MEDIUM,FDA_WEIGHTED_FORCE,75.0,Weighted FDA-domain evidence; fallback=neutral_50 | statistics unresolved -5; CMC unresolved -5; facility unresolved -5,FDA-DIRECTIONAL-100-V1,2026-10-06T16:30:00Z,,,PENDING
NTLA|LONVOZ_HAE_20270310,NTLA|LONVOZ_HAE_20270310,NTLA,lonvoguran ziclumeran (lonvo-z),2027-03-10,YES,YES,APPROVED,79.9,HIGH,FDA_WEIGHTED_FORCE,75.0,Weighted FDA-domain evidence; fallback=neutral_50 | statistics unresolved -5; CMC unresolved -5; facility unresolved -5,FDA-DIRECTIONAL-100-V1,2026-10-06T16:30:00Z,,,PENDING
HRMY|PITOLISANT_GR_20270401,PITOLISANT_GR_US_20270401,HRMY,pitolisant GR,2027-04-01,YES,YES,APPROVED,81.3,HIGH,FDA_WEIGHTED_FORCE,80.0,Weighted FDA-domain evidence; fallback=neutral_50 | CMC unresolved -5; facility unresolved -5,FDA-DIRECTIONAL-100-V1,2026-10-06T16:30:00Z,,,PENDING
IMNM|VAREGACESTAT_DESMOID_20270428,IMNM|VAREGACESTAT_DESMOID_20270428,IMNM,varegacestat,2027-04-28,YES,YES,APPROVED,77.7,HIGH,FDA_WEIGHTED_FORCE,75.0,Weighted FDA-domain evidence; fallback=neutral_50 | statistics unresolved -5; CMC unresolved -5; facility unresolved -5,FDA-DIRECTIONAL-100-V1,2026-10-06T16:30:00Z,,,PENDING
AXSM|AXS12_CATAPLEXY_20270501,AXS12_CATAPLEXY_US_20270501,AXSM,AXS-12,2027-05-01,YES,YES,APPROVED,75.0,HIGH,FDA_WEIGHTED_FORCE,75.0,Weighted FDA-domain evidence; fallback=neutral_50 | statistics unresolved -5; CMC unresolved -5; facility unresolved -5,FDA-DIRECTIONAL-100-V1,2026-10-06T16:30:00Z,,,PENDING
BBIO|ENCALERET_ADH1,BBIO|ENCALERET_ADH1,BBIO,encaleret,2027-05-08,YES,YES,APPROVED,77.9,HIGH,FDA_WEIGHTED_FORCE,75.0,Weighted FDA-domain evidence; fallback=neutral_50 | statistics unresolved -5; CMC unresolved -5; facility unresolved -5,FDA-DIRECTIONAL-100-V1,2026-10-06T16:30:00Z,,,PENDING
BMY|MEZIGDOMIDE_RRMM_20270513,BMY|MEZIGDOMIDE_RRMM_20270513,BMY,mezigdomide + carfilzomib + dexamethasone,2027-05-13,YES,YES,APPROVED,77.0,HIGH,FDA_WEIGHTED_FORCE,75.0,Weighted FDA-domain evidence; fallback=neutral_50 | statistics unresolved -5; CMC unresolved -5; facility unresolved -5,FDA-DIRECTIONAL-100-V1,2026-10-06T16:30:00Z,,,PENDING
ZBIO|OBEXELIMAB_IGG4RD_20270527,ZBIO|OBEXELIMAB_IGG4RD_20270527,ZBIO,obexelimab,2027-05-27,YES,YES,APPROVED,79.1,HIGH,FDA_WEIGHTED_FORCE,75.0,Weighted FDA-domain evidence; fallback=neutral_50 | statistics unresolved -5; CMC unresolved -5; facility unresolved -5,FDA-DIRECTIONAL-100-V1,2026-10-06T16:30:00Z,,,PENDING
SVRA|MOLBREEVI_PAP_20261122,SVRA|MOLBREEVI_PAP_20261122,SVRA,MOLBREEVI,2026-11-22,YES,YES,APPROVED,74.1,HIGH,FDA_WEIGHTED_FORCE,75.0,Weighted FDA-domain evidence; fallback=approval_probability | statistics unresolved -5; CMC unresolved -5; facility unresolved -5,FDA-DIRECTIONAL-100-V1,2026-10-06T16:30:00Z,,,PENDING
COGT|BEZUCLASTINIB_GIST_20261130,COGT|BEZUCLASTINIB_GIST_20261130,COGT,bezuclastinib + sunitinib,2026-11-30,YES,YES,APPROVED,76.7,HIGH,FDA_WEIGHTED_FORCE,75.0,Weighted FDA-domain evidence; fallback=approval_probability | statistics unresolved -5; CMC unresolved -5; facility unresolved -5,FDA-DIRECTIONAL-100-V1,2026-10-06T16:30:00Z,,,PENDING
PHAR|JOENJA_LOWER_DOSE_APDS_20270130,JOENJA_LOWER_DOSE_APDS_US_20270130,PHAR,Joenja (leniolisib),2027-01-30,YES,YES,APPROVED,68.9,MEDIUM,FDA_WEIGHTED_FORCE,80.0,Weighted FDA-domain evidence; fallback=neutral_50 | statistics unresolved -5; CMC unresolved -5; facility unresolved -5,FDA-DIRECTIONAL-100-V1,2026-10-06T16:30:00Z,,,PENDING
BLTE|TINLAREBANT_STGD1_20270212,TINLAREBANT_STGD1_US_20270212,BLTE,tinlarebant,2027-02-12,YES,YES,APPROVED,76.7,HIGH,FDA_WEIGHTED_FORCE,75.0,Weighted FDA-domain evidence; fallback=neutral_50 | statistics unresolved -5; CMC unresolved -5; facility unresolved -5,FDA-DIRECTIONAL-100-V1,2026-10-06T16:30:00Z,,,PENDING
SRPT|CASIMERSEN_DMD45_20270228,CASIMERSEN_DMD45_US_20270228,SRPT,AMONDYS 45 (casimersen),2027-02-28,YES,YES,CRL,5.0,HIGH,STRICT_V3,100.0,Strict FDA-V3.2 directional call,FDA-DIRECTIONAL-100-V1,2026-10-06T16:30:00Z,,,PENDING
SRPT|GOLODIRSEN_DMD53_20270228,GOLODIRSEN_DMD53_US_20270228,SRPT,VYONDYS 53 (golodirsen),2027-02-28,YES,YES,CRL,5.0,HIGH,STRICT_V3,100.0,Strict FDA-V3.2 directional call,FDA-DIRECTIONAL-100-V1,2026-10-06T16:30:00Z,,,PENDING
INBX|OZEKIBART_CHONDROSARCOMA_20270414,OZEKIBART_CHONDROSARCOMA_US_20270414,INBX,ozekibart (INBRX-109),2027-04-14,YES,YES,APPROVED,75.9,HIGH,FDA_WEIGHTED_FORCE,75.0,Weighted FDA-domain evidence; fallback=neutral_50 | statistics unresolved -5; CMC unresolved -5; facility unresolved -5,FDA-DIRECTIONAL-100-V1,2026-10-06T16:30:00Z,,,PENDING
PHVS|DEUCRICTIBANT_HAE_20270423,DEUCRICTIBANT_HAE_US_20270423,PHVS,deucrictibant immediate-release,2027-04-23,YES,YES,APPROVED,79.9,HIGH,FDA_WEIGHTED_FORCE,75.0,Weighted FDA-domain evidence; fallback=neutral_50 | statistics unresolved -5; CMC unresolved -5; facility unresolved -5,FDA-DIRECTIONAL-100-V1,2026-10-06T16:30:00Z,,,PENDING
COGT|BEZUCLASTINIB_ADVSM_20270629,COGT|BEZUCLASTINIB_ADVSM_20270629,COGT,bezuclastinib,2027-06-29,YES,YES,APPROVED,72.5,HIGH,FDA_WEIGHTED_FORCE,75.0,Weighted FDA-domain evidence; fallback=neutral_50 | statistics unresolved -5; CMC unresolved -5; facility unresolved -5,FDA-DIRECTIONAL-100-V1,2026-10-06T16:30:00Z,,,PENDING
VTRS|PHENTOLAMINE_PRESBYOPIA_20261017,MR141_PRESBYOPIA_20261017,VTRS,MR-141 (phentolamine ophthalmic solution 0.75%),2026-10-17,YES,YES,APPROVED,74.0,HIGH,FDA_WEIGHTED_FORCE,75.0,Weighted FDA-domain evidence; fallback=neutral_50 | statistics unresolved -5; CMC unresolved -5; facility unresolved -5,FDA-DIRECTIONAL-100-V1.1,2026-10-06T16:45:00Z,,,PENDING
IONS|BEPIROVIRSEN_CHB_20261026,BEPIROVIRSEN_CHB_20261026,IONS,bepirovirsen,2026-10-26,YES,YES,APPROVED,76.6,HIGH,FDA_WEIGHTED_FORCE,75.0,Weighted FDA-domain evidence; fallback=neutral_50 | statistics unresolved -5; CMC unresolved -5; facility unresolved -5,FDA-DIRECTIONAL-100-V1.1,2026-10-06T16:45:00Z,,,PENDING
INO|INO3107_RRP_20261030,INO3107_RRP_20261030,INO,INO-3107,2026-10-30,YES,YES,APPROVED,54.6,LOW,FDA_WEIGHTED_FORCE,75.0,Weighted FDA-domain evidence; fallback=neutral_50 | statistics unresolved -5; CMC unresolved -5; facility unresolved -5,FDA-DIRECTIONAL-100-V1.1,2026-10-06T16:45:00Z,,,PENDING
AGIO|MITAPIVAT_SCD_20261101,MITAPIVAT_SCD_20261101,AGIO,mitapivat,2026-11-01,YES,YES,APPROVED,64.7,MEDIUM,FDA_WEIGHTED_FORCE,75.0,Weighted FDA-domain evidence; fallback=approval_probability | statistics unresolved -5; CMC unresolved -5; facility unresolved -5,FDA-DIRECTIONAL-100-V1.1,2026-10-06T16:45:00Z,,,PENDING
CYTK|MYQORZO_HCM_20261114,CYTK|MYQORZO_HCM_20261114,CYTK,MYQORZO,2026-11-14,YES,YES,APPROVED,75.3,HIGH,FDA_WEIGHTED_FORCE,75.0,Weighted FDA-domain evidence; fallback=approval_probability | statistics unresolved -5; CMC unresolved -5; facility unresolved -5,FDA-DIRECTIONAL-100-V1.1,2026-10-06T16:45:00Z,,,PENDING
SMMT|IVONESCIMAB_20261114,SMMT|IVONESCIMAB_20261114,SMMT,ivonescimab,2026-11-14,YES,YES,APPROVED,54.1,LOW,FDA_WEIGHTED_FORCE,75.0,Weighted FDA-domain evidence; fallback=neutral_50 | statistics unresolved -5; CMC unresolved -5; facility unresolved -5,FDA-DIRECTIONAL-100-V1.1,2026-10-06T16:45:00Z,,,PENDING
CAPR|DERAMIOCEL_DMD_20261122,CAPR|DERAMIOCEL_DMD_20261122,CAPR,Deramiocel,2026-11-22,YES,YES,CRL,49.9,LOW,FDA_WEIGHTED_FORCE,75.0,Weighted FDA-domain evidence; fallback=approval_probability | statistics unresolved -5; CMC unresolved -5; facility unresolved -5; data integrity unresolved -6,FDA-DIRECTIONAL-100-V1.1,2026-10-06T16:45:00Z,,,PENDING
BBIO|BBP418_LGMD2IR9_20261127,BBIO|BBP418_LGMD2IR9_20261127,BBIO,BBP-418,2026-11-27,YES,YES,APPROVED,74.3,HIGH,FDA_WEIGHTED_FORCE,75.0,Weighted FDA-domain evidence; fallback=neutral_50 | statistics unresolved -5; CMC unresolved -5; facility unresolved -5,FDA-DIRECTIONAL-100-V1.1,2026-10-06T16:45:00Z,,,PENDING
VRTX|POVETACICEPT_IGAN_20261130,POVETACICEPT_IGAN_US_20261130,VRTX,povetacicept,2026-11-30,YES,YES,APPROVED,77.8,HIGH,FDA_WEIGHTED_FORCE,75.0,Weighted FDA-domain evidence; fallback=neutral_50 | statistics unresolved -5; CMC unresolved -5; facility unresolved -5,FDA-DIRECTIONAL-100-V1.1,2026-10-06T16:45:00Z,,,PENDING
ANAB|IMSIDOLIMAB_GPP_20261212,IMSIDOLIMAB_GPP_US_20261212,ANAB,Quimilza (imsidolimab),2026-12-12,YES,YES,APPROVED,72.6,HIGH,FDA_WEIGHTED_FORCE,75.0,Weighted FDA-domain evidence; fallback=approval_probability | statistics unresolved -5; CMC unresolved -5; facility unresolved -5,FDA-DIRECTIONAL-100-V1.1,2026-10-06T16:45:00Z,,,PENDING
CORT|RELACORILANT_CUSHINGS_20261217,RELACORILANT_CUSHINGS_US_20261217,CORT,relacorilant,2026-12-17,YES,YES,CRL,49.7,LOW,FDA_WEIGHTED_FORCE,75.0,Weighted FDA-domain evidence; fallback=neutral_50 | statistics unresolved -5; CMC unresolved -5; facility unresolved -5,FDA-DIRECTIONAL-100-V1.1,2026-10-06T16:45:00Z,,,PENDING
MLYS|LORUNDROSTAT_20261222,LORUNDROSTAT_HTN_US_20261222,MLYS,lorundrostat,2026-12-22,YES,YES,APPROVED,75.9,HIGH,FDA_WEIGHTED_FORCE,75.0,Weighted FDA-domain evidence; fallback=approval_probability | statistics unresolved -5; CMC unresolved -5; facility unresolved -5,FDA-DIRECTIONAL-100-V1.1,2026-10-06T16:45:00Z,,,PENDING
GILD|ANITOCEL_MM_20261223,ANITOCEL_RRMM_US_20261223,GILD,anitocabtagene autoleucel (anito-cel),2026-12-23,YES,YES,APPROVED,71.0,HIGH,FDA_WEIGHTED_FORCE,75.0,Weighted FDA-domain evidence; fallback=neutral_50 | statistics unresolved -5; CMC unresolved -5; facility unresolved -5,FDA-DIRECTIONAL-100-V1.1,2026-10-06T16:45:00Z,,,PENDING
PRAX|RELUTRIGINE_DEE_20261227,RELUTRIGINE_DEE_US_20261227,PRAX,relutrigine,2026-12-27,YES,YES,APPROVED,76.1,HIGH,FDA_WEIGHTED_FORCE,75.0,Weighted FDA-domain evidence; fallback=approval_probability | statistics unresolved -5; CMC unresolved -5; facility unresolved -5,FDA-DIRECTIONAL-100-V1.1,2026-10-06T16:45:00Z,,,PENDING
VTRS|MR107A02_ACUTEPAIN_20261227,MR107A02_ACUTEPAIN_US_20261227,VTRS,MR-107A-02 (fast-acting meloxicam),2026-12-27,YES,YES,APPROVED,76.1,HIGH,FDA_WEIGHTED_FORCE,75.0,Weighted FDA-domain evidence; fallback=neutral_50 | statistics unresolved -5; CMC unresolved -5; facility unresolved -5,FDA-DIRECTIONAL-100-V1.1,2026-10-06T16:45:00Z,,,PENDING
COGT|BEZUCLASTINIB_NONADVSM_20261230,BEZUCLASTINIB_NONADVSM_US_20261230,COGT,bezuclastinib,2026-12-30,YES,YES,APPROVED,78.3,HIGH,FDA_WEIGHTED_FORCE,75.0,Weighted FDA-domain evidence; fallback=approval_probability | statistics unresolved -5; CMC unresolved -5; facility unresolved -5,FDA-DIRECTIONAL-100-V1.1,2026-10-06T16:45:00Z,,,PENDING
IBRX|ANKTIVA_NMIBC_20270106,ANKTIVA_PAPILLARY_NMIBC_US_20270106,IBRX,ANKTIVA + BCG,2027-01-06,YES,YES,APPROVED,65.7,MEDIUM,FDA_WEIGHTED_FORCE,75.0,Weighted FDA-domain evidence; fallback=neutral_50 | statistics unresolved -5; CMC unresolved -5; facility unresolved -5,FDA-DIRECTIONAL-100-V1.1,2026-10-06T16:45:00Z,,,PENDING
DYN|ZROSTUDIRSEN_DMD_20270121,ZROSTUDIRSEN_DMD_US_20270121,DYN,z-rostudirsen,2027-01-21,YES,YES,APPROVED,67.1,MEDIUM,FDA_WEIGHTED_FORCE,75.0,Weighted FDA-domain evidence; fallback=neutral_50 | statistics unresolved -5; CMC unresolved -5; facility unresolved -5,FDA-DIRECTIONAL-100-V1.1,2026-10-06T16:45:00Z,,,PENDING
PRAX|ULIXACALTAMIDE_ET_20270129,ULIXACALTAMIDE_ET_US_20270129,PRAX,ulixacaltamide HCl,2027-01-29,YES,YES,APPROVED,79.0,HIGH,FDA_WEIGHTED_FORCE,75.0,Weighted FDA-domain evidence; fallback=neutral_50 | statistics unresolved -5; CMC unresolved -5; facility unresolved -5,FDA-DIRECTIONAL-100-V1.1,2026-10-06T16:45:00Z,,,PENDING
ARQT|ZORYVE_AD_20270223,ZORYVE_AD_INFANT_US_20270223,ARQT,ZORYVE cream 0.05%,2027-02-23,YES,YES,APPROVED,68.9,MEDIUM,FDA_WEIGHTED_FORCE,80.0,Weighted FDA-domain evidence; fallback=neutral_50 | statistics unresolved -5; CMC unresolved -5; facility unresolved -5,FDA-DIRECTIONAL-100-V1.1,2026-10-06T16:45:00Z,,,PENDING
CGEM|ZIPALERTINIB_NSCLC_20270227,ZIPALERTINIB_NSCLC_US_20270227,CGEM,zipalertinib,2027-02-27,YES,YES,APPROVED,66.7,MEDIUM,FDA_WEIGHTED_FORCE,75.0,Weighted FDA-domain evidence; fallback=neutral_50 | statistics unresolved -5; CMC unresolved -5; facility unresolved -5,FDA-DIRECTIONAL-100-V1.1,2026-10-06T16:45:00Z,,,PENDING
APMD|OXNIMBI_OSA_20270228,APMD|OXNIMBI_OSA_20270228,APMD,Oxnimbi,2027-02-28,YES,YES,APPROVED,60.7,MEDIUM,FDA_WEIGHTED_FORCE,75.0,Weighted FDA-domain evidence; fallback=neutral_50 | statistics unresolved -5; CMC unresolved -5; facility unresolved -5,FDA-DIRECTIONAL-100-V1.1,2026-10-06T16:45:00Z,,,PENDING
BMRN|VOXZOGO_ACHONDROPLASIA_20270228,BMRN|VOXZOGO_ACHONDROPLASIA_20270228,BMRN,VOXZOGO,2027-02-28,YES,YES,APPROVED,71.1,HIGH,FDA_WEIGHTED_FORCE,75.0,Weighted FDA-domain evidence; fallback=neutral_50 | statistics unresolved -5; CMC unresolved -5; facility unresolved -5,FDA-DIRECTIONAL-100-V1.1,2026-10-06T16:45:00Z,,,PENDING
EXEL|ZANZALINTINIB_CRC,ZANZALINTINIB_CRC_US_20261203,EXEL,zanzalintinib + atezolizumab,2026-12-03,YES,YES,APPROVED,65.9,MEDIUM,FDA_WEIGHTED_FORCE,75.0,Weighted FDA-domain evidence; fallback=neutral_50 | statistics unresolved -5; CMC unresolved -5; facility unresolved -5,FDA-DIRECTIONAL-100-V1.1,2026-10-06T16:45:00Z,,,PENDING
NTLA|LONVOZ_HAE_20270310,NTLA|LONVOZ_HAE_20270310,NTLA,lonvoguran ziclumeran (lonvo-z),2027-03-10,YES,YES,APPROVED,79.9,HIGH,FDA_WEIGHTED_FORCE,75.0,Weighted FDA-domain evidence; fallback=neutral_50 | statistics unresolved -5; CMC unresolved -5; facility unresolved -5,FDA-DIRECTIONAL-100-V1.1,2026-10-06T16:45:00Z,,,PENDING
HRMY|PITOLISANT_GR_20270401,PITOLISANT_GR_US_20270401,HRMY,pitolisant GR,2027-04-01,YES,YES,APPROVED,81.3,HIGH,FDA_WEIGHTED_FORCE,80.0,Weighted FDA-domain evidence; fallback=neutral_50 | CMC unresolved -5; facility unresolved -5,FDA-DIRECTIONAL-100-V1.1,2026-10-06T16:45:00Z,,,PENDING
IMNM|VAREGACESTAT_DESMOID_20270428,IMNM|VAREGACESTAT_DESMOID_20270428,IMNM,varegacestat,2027-04-28,YES,YES,APPROVED,77.7,HIGH,FDA_WEIGHTED_FORCE,75.0,Weighted FDA-domain evidence; fallback=neutral_50 | statistics unresolved -5; CMC unresolved -5; facility unresolved -5,FDA-DIRECTIONAL-100-V1.1,2026-10-06T16:45:00Z,,,PENDING
AXSM|AXS12_CATAPLEXY_20270501,AXS12_CATAPLEXY_US_20270501,AXSM,AXS-12,2027-05-01,YES,YES,APPROVED,75.0,HIGH,FDA_WEIGHTED_FORCE,75.0,Weighted FDA-domain evidence; fallback=neutral_50 | statistics unresolved -5; CMC unresolved -5; facility unresolved -5,FDA-DIRECTIONAL-100-V1.1,2026-10-06T16:45:00Z,,,PENDING
BBIO|ENCALERET_ADH1,BBIO|ENCALERET_ADH1,BBIO,encaleret,2027-05-08,YES,YES,APPROVED,77.9,HIGH,FDA_WEIGHTED_FORCE,75.0,Weighted FDA-domain evidence; fallback=neutral_50 | statistics unresolved -5; CMC unresolved -5; facility unresolved -5,FDA-DIRECTIONAL-100-V1.1,2026-10-06T16:45:00Z,,,PENDING
BMY|MEZIGDOMIDE_RRMM_20270513,BMY|MEZIGDOMIDE_RRMM_20270513,BMY,mezigdomide + carfilzomib + dexamethasone,2027-05-13,YES,YES,APPROVED,77.0,HIGH,FDA_WEIGHTED_FORCE,75.0,Weighted FDA-domain evidence; fallback=neutral_50 | statistics unresolved -5; CMC unresolved -5; facility unresolved -5,FDA-DIRECTIONAL-100-V1.1,2026-10-06T16:45:00Z,,,PENDING
ZBIO|OBEXELIMAB_IGG4RD_20270527,ZBIO|OBEXELIMAB_IGG4RD_20270527,ZBIO,obexelimab,2027-05-27,YES,YES,APPROVED,79.1,HIGH,FDA_WEIGHTED_FORCE,75.0,Weighted FDA-domain evidence; fallback=neutral_50 | statistics unresolved -5; CMC unresolved -5; facility unresolved -5,FDA-DIRECTIONAL-100-V1.1,2026-10-06T16:45:00Z,,,PENDING
SVRA|MOLBREEVI_PAP_20261122,SVRA|MOLBREEVI_PAP_20261122,SVRA,MOLBREEVI,2026-11-22,YES,YES,APPROVED,74.1,HIGH,FDA_WEIGHTED_FORCE,75.0,Weighted FDA-domain evidence; fallback=approval_probability | statistics unresolved -5; CMC unresolved -5; facility unresolved -5,FDA-DIRECTIONAL-100-V1.1,2026-10-06T16:45:00Z,,,PENDING
COGT|BEZUCLASTINIB_GIST_20261130,COGT|BEZUCLASTINIB_GIST_20261130,COGT,bezuclastinib + sunitinib,2026-11-30,YES,YES,APPROVED,76.7,HIGH,FDA_WEIGHTED_FORCE,75.0,Weighted FDA-domain evidence; fallback=approval_probability | statistics unresolved -5; CMC unresolved -5; facility unresolved -5,FDA-DIRECTIONAL-100-V1.1,2026-10-06T16:45:00Z,,,PENDING
PHAR|JOENJA_LOWER_DOSE_APDS_20270130,JOENJA_LOWER_DOSE_APDS_US_20270130,PHAR,Joenja (leniolisib),2027-01-30,YES,YES,APPROVED,68.9,MEDIUM,FDA_WEIGHTED_FORCE,80.0,Weighted FDA-domain evidence; fallback=neutral_50 | statistics unresolved -5; CMC unresolved -5; facility unresolved -5,FDA-DIRECTIONAL-100-V1.1,2026-10-06T16:45:00Z,,,PENDING
BLTE|TINLAREBANT_STGD1_20270212,TINLAREBANT_STGD1_US_20270212,BLTE,tinlarebant,2027-02-12,YES,YES,APPROVED,76.7,HIGH,FDA_WEIGHTED_FORCE,75.0,Weighted FDA-domain evidence; fallback=neutral_50 | statistics unresolved -5; CMC unresolved -5; facility unresolved -5,FDA-DIRECTIONAL-100-V1.1,2026-10-06T16:45:00Z,,,PENDING
SRPT|CASIMERSEN_DMD45_20270228,CASIMERSEN_DMD45_US_20270228,SRPT,AMONDYS 45 (casimersen),2027-02-28,YES,YES,CRL,5.0,HIGH,STRICT_V3,100.0,Strict FDA-V3.2 directional call,FDA-DIRECTIONAL-100-V1.1,2026-10-06T16:45:00Z,,,PENDING
SRPT|GOLODIRSEN_DMD53_20270228,GOLODIRSEN_DMD53_US_20270228,SRPT,VYONDYS 53 (golodirsen),2027-02-28,YES,YES,CRL,5.0,HIGH,STRICT_V3,100.0,Strict FDA-V3.2 directional call,FDA-DIRECTIONAL-100-V1.1,2026-10-06T16:45:00Z,,,PENDING
INBX|OZEKIBART_CHONDROSARCOMA_20270414,OZEKIBART_CHONDROSARCOMA_US_20270414,INBX,ozekibart (INBRX-109),2027-04-14,YES,YES,APPROVED,75.9,HIGH,FDA_WEIGHTED_FORCE,75.0,Weighted FDA-domain evidence; fallback=neutral_50 | statistics unresolved -5; CMC unresolved -5; facility unresolved -5,FDA-DIRECTIONAL-100-V1.1,2026-10-06T16:45:00Z,,,PENDING
PHVS|DEUCRICTIBANT_HAE_20270423,DEUCRICTIBANT_HAE_US_20270423,PHVS,deucrictibant immediate-release,2027-04-23,YES,YES,APPROVED,79.9,HIGH,FDA_WEIGHTED_FORCE,75.0,Weighted FDA-domain evidence; fallback=neutral_50 | statistics unresolved -5; CMC unresolved -5; facility unresolved -5,FDA-DIRECTIONAL-100-V1.1,2026-10-06T16:45:00Z,,,PENDING
COGT|BEZUCLASTINIB_ADVSM_20270629,COGT|BEZUCLASTINIB_ADVSM_20270629,COGT,bezuclastinib,2027-06-29,YES,YES,APPROVED,72.5,HIGH,FDA_WEIGHTED_FORCE,75.0,Weighted FDA-domain evidence; fallback=neutral_50 | statistics unresolved -5; CMC unresolved -5; facility unresolved -5,FDA-DIRECTIONAL-100-V1.1,2026-10-06T16:45:00Z,,,PENDING
VTRS|PHENTOLAMINE_PRESBYOPIA_20261017,MR141_PRESBYOPIA_20261017,VTRS,MR-141 (phentolamine ophthalmic solution 0.75%),2026-10-17,YES,YES,APPROVED,74.0,HIGH,FDA_WEIGHTED_FORCE,75.0,Weighted FDA-domain evidence; fallback=neutral_50 | statistics unresolved -5; CMC unresolved -5; facility unresolved -5,FDA-DIRECTIONAL-100-V1.2,2026-10-06T17:15:00Z,,,PENDING
IONS|BEPIROVIRSEN_CHB_20261026,BEPIROVIRSEN_CHB_20261026,IONS,bepirovirsen,2026-10-26,YES,YES,APPROVED,76.6,HIGH,FDA_WEIGHTED_FORCE,75.0,Weighted FDA-domain evidence; fallback=neutral_50 | statistics unresolved -5; CMC unresolved -5; facility unresolved -5,FDA-DIRECTIONAL-100-V1.2,2026-10-06T17:15:00Z,,,PENDING
INO|INO3107_RRP_20261030,INO3107_RRP_20261030,INO,INO-3107,2026-10-30,YES,YES,APPROVED,54.6,LOW,FDA_WEIGHTED_FORCE,75.0,Weighted FDA-domain evidence; fallback=neutral_50 | statistics unresolved -5; CMC unresolved -5; facility unresolved -5,FDA-DIRECTIONAL-100-V1.2,2026-10-06T17:15:00Z,,,PENDING
AGIO|MITAPIVAT_SCD_20261101,MITAPIVAT_SCD_20261101,AGIO,mitapivat,2026-11-01,YES,YES,APPROVED,64.7,MEDIUM,FDA_WEIGHTED_FORCE,75.0,Weighted FDA-domain evidence; fallback=approval_probability | statistics unresolved -5; CMC unresolved -5; facility unresolved -5,FDA-DIRECTIONAL-100-V1.2,2026-10-06T17:15:00Z,,,PENDING
CYTK|MYQORZO_HCM_20261114,CYTK|MYQORZO_HCM_20261114,CYTK,MYQORZO,2026-11-14,YES,YES,APPROVED,75.3,HIGH,FDA_WEIGHTED_FORCE,75.0,Weighted FDA-domain evidence; fallback=approval_probability | statistics unresolved -5; CMC unresolved -5; facility unresolved -5,FDA-DIRECTIONAL-100-V1.2,2026-10-06T17:15:00Z,,,PENDING
SMMT|IVONESCIMAB_20261114,SMMT|IVONESCIMAB_20261114,SMMT,ivonescimab,2026-11-14,YES,YES,APPROVED,54.1,LOW,FDA_WEIGHTED_FORCE,75.0,Weighted FDA-domain evidence; fallback=neutral_50 | statistics unresolved -5; CMC unresolved -5; facility unresolved -5,FDA-DIRECTIONAL-100-V1.2,2026-10-06T17:15:00Z,,,PENDING
CAPR|DERAMIOCEL_DMD_20261122,CAPR|DERAMIOCEL_DMD_20261122,CAPR,Deramiocel,2026-11-22,YES,YES,CRL,49.9,LOW,FDA_WEIGHTED_FORCE,75.0,Weighted FDA-domain evidence; fallback=approval_probability | statistics unresolved -5; CMC unresolved -5; facility unresolved -5; data integrity unresolved -6,FDA-DIRECTIONAL-100-V1.2,2026-10-06T17:15:00Z,,,PENDING
BBIO|BBP418_LGMD2IR9_20261127,BBIO|BBP418_LGMD2IR9_20261127,BBIO,BBP-418,2026-11-27,YES,YES,APPROVED,74.3,HIGH,FDA_WEIGHTED_FORCE,75.0,Weighted FDA-domain evidence; fallback=neutral_50 | statistics unresolved -5; CMC unresolved -5; facility unresolved -5,FDA-DIRECTIONAL-100-V1.2,2026-10-06T17:15:00Z,,,PENDING
VRTX|POVETACICEPT_IGAN_20261130,POVETACICEPT_IGAN_US_20261130,VRTX,povetacicept,2026-11-30,YES,YES,APPROVED,77.8,HIGH,FDA_WEIGHTED_FORCE,75.0,Weighted FDA-domain evidence; fallback=neutral_50 | statistics unresolved -5; CMC unresolved -5; facility unresolved -5,FDA-DIRECTIONAL-100-V1.2,2026-10-06T17:15:00Z,,,PENDING
ANAB|IMSIDOLIMAB_GPP_20261212,IMSIDOLIMAB_GPP_US_20261212,ANAB,Quimilza (imsidolimab),2026-12-12,YES,YES,APPROVED,72.6,HIGH,FDA_WEIGHTED_FORCE,75.0,Weighted FDA-domain evidence; fallback=approval_probability | statistics unresolved -5; CMC unresolved -5; facility unresolved -5,FDA-DIRECTIONAL-100-V1.2,2026-10-06T17:15:00Z,,,PENDING
CORT|RELACORILANT_CUSHINGS_20261217,RELACORILANT_CUSHINGS_US_20261217,CORT,relacorilant,2026-12-17,YES,YES,CRL,49.7,LOW,FDA_WEIGHTED_FORCE,75.0,Weighted FDA-domain evidence; fallback=neutral_50 | statistics unresolved -5; CMC unresolved -5; facility unresolved -5,FDA-DIRECTIONAL-100-V1.2,2026-10-06T17:15:00Z,,,PENDING
MLYS|LORUNDROSTAT_20261222,LORUNDROSTAT_HTN_US_20261222,MLYS,lorundrostat,2026-12-22,YES,YES,APPROVED,75.9,HIGH,FDA_WEIGHTED_FORCE,75.0,Weighted FDA-domain evidence; fallback=approval_probability | statistics unresolved -5; CMC unresolved -5; facility unresolved -5,FDA-DIRECTIONAL-100-V1.2,2026-10-06T17:15:00Z,,,PENDING
GILD|ANITOCEL_MM_20261223,ANITOCEL_RRMM_US_20261223,GILD,anitocabtagene autoleucel (anito-cel),2026-12-23,YES,YES,APPROVED,71.0,HIGH,FDA_WEIGHTED_FORCE,75.0,Weighted FDA-domain evidence; fallback=neutral_50 | statistics unresolved -5; CMC unresolved -5; facility unresolved -5,FDA-DIRECTIONAL-100-V1.2,2026-10-06T17:15:00Z,,,PENDING
PRAX|RELUTRIGINE_DEE_20261227,RELUTRIGINE_DEE_US_20261227,PRAX,relutrigine,2026-12-27,YES,YES,APPROVED,76.1,HIGH,FDA_WEIGHTED_FORCE,75.0,Weighted FDA-domain evidence; fallback=approval_probability | statistics unresolved -5; CMC unresolved -5; facility unresolved -5,FDA-DIRECTIONAL-100-V1.2,2026-10-06T17:15:00Z,,,PENDING
VTRS|MR107A02_ACUTEPAIN_20261227,MR107A02_ACUTEPAIN_US_20261227,VTRS,MR-107A-02 (fast-acting meloxicam),2026-12-27,YES,YES,APPROVED,76.1,HIGH,FDA_WEIGHTED_FORCE,75.0,Weighted FDA-domain evidence; fallback=neutral_50 | statistics unresolved -5; CMC unresolved -5; facility unresolved -5,FDA-DIRECTIONAL-100-V1.2,2026-10-06T17:15:00Z,,,PENDING
COGT|BEZUCLASTINIB_NONADVSM_20261230,BEZUCLASTINIB_NONADVSM_US_20261230,COGT,bezuclastinib,2026-12-30,YES,YES,APPROVED,78.3,HIGH,FDA_WEIGHTED_FORCE,75.0,Weighted FDA-domain evidence; fallback=approval_probability | statistics unresolved -5; CMC unresolved -5; facility unresolved -5,FDA-DIRECTIONAL-100-V1.2,2026-10-06T17:15:00Z,,,PENDING
IBRX|ANKTIVA_NMIBC_20270106,ANKTIVA_PAPILLARY_NMIBC_US_20270106,IBRX,ANKTIVA + BCG,2027-01-06,YES,YES,APPROVED,65.7,MEDIUM,FDA_WEIGHTED_FORCE,75.0,Weighted FDA-domain evidence; fallback=neutral_50 | statistics unresolved -5; CMC unresolved -5; facility unresolved -5,FDA-DIRECTIONAL-100-V1.2,2026-10-06T17:15:00Z,,,PENDING
DYN|ZROSTUDIRSEN_DMD_20270121,ZROSTUDIRSEN_DMD_US_20270121,DYN,z-rostudirsen,2027-01-21,YES,YES,APPROVED,67.1,MEDIUM,FDA_WEIGHTED_FORCE,75.0,Weighted FDA-domain evidence; fallback=neutral_50 | statistics unresolved -5; CMC unresolved -5; facility unresolved -5,FDA-DIRECTIONAL-100-V1.2,2026-10-06T17:15:00Z,,,PENDING
PRAX|ULIXACALTAMIDE_ET_20270129,ULIXACALTAMIDE_ET_US_20270129,PRAX,ulixacaltamide HCl,2027-01-29,YES,YES,APPROVED,79.0,HIGH,FDA_WEIGHTED_FORCE,75.0,Weighted FDA-domain evidence; fallback=neutral_50 | statistics unresolved -5; CMC unresolved -5; facility unresolved -5,FDA-DIRECTIONAL-100-V1.2,2026-10-06T17:15:00Z,,,PENDING
ARQT|ZORYVE_AD_20270223,ZORYVE_AD_INFANT_US_20270223,ARQT,ZORYVE cream 0.05%,2027-02-23,YES,YES,APPROVED,68.9,MEDIUM,FDA_WEIGHTED_FORCE,80.0,Weighted FDA-domain evidence; fallback=neutral_50 | statistics unresolved -5; CMC unresolved -5; facility unresolved -5,FDA-DIRECTIONAL-100-V1.2,2026-10-06T17:15:00Z,,,PENDING
CGEM|ZIPALERTINIB_NSCLC_20270227,ZIPALERTINIB_NSCLC_US_20270227,CGEM,zipalertinib,2027-02-27,YES,YES,APPROVED,66.7,MEDIUM,FDA_WEIGHTED_FORCE,75.0,Weighted FDA-domain evidence; fallback=neutral_50 | statistics unresolved -5; CMC unresolved -5; facility unresolved -5,FDA-DIRECTIONAL-100-V1.2,2026-10-06T17:15:00Z,,,PENDING
APMD|OXNIMBI_OSA_20270228,APMD|OXNIMBI_OSA_20270228,APMD,Oxnimbi,2027-02-28,YES,YES,APPROVED,60.7,MEDIUM,FDA_WEIGHTED_FORCE,75.0,Weighted FDA-domain evidence; fallback=neutral_50 | statistics unresolved -5; CMC unresolved -5; facility unresolved -5,FDA-DIRECTIONAL-100-V1.2,2026-10-06T17:15:00Z,,,PENDING
BMRN|VOXZOGO_ACHONDROPLASIA_20270228,BMRN|VOXZOGO_ACHONDROPLASIA_20270228,BMRN,VOXZOGO,2027-02-28,YES,YES,APPROVED,71.1,HIGH,FDA_WEIGHTED_FORCE,75.0,Weighted FDA-domain evidence; fallback=neutral_50 | statistics unresolved -5; CMC unresolved -5; facility unresolved -5,FDA-DIRECTIONAL-100-V1.2,2026-10-06T17:15:00Z,,,PENDING
EXEL|ZANZALINTINIB_CRC,ZANZALINTINIB_CRC_US_20261203,EXEL,zanzalintinib + atezolizumab,2026-12-03,YES,YES,APPROVED,65.9,MEDIUM,FDA_WEIGHTED_FORCE,75.0,Weighted FDA-domain evidence; fallback=neutral_50 | statistics unresolved -5; CMC unresolved -5; facility unresolved -5,FDA-DIRECTIONAL-100-V1.2,2026-10-06T17:15:00Z,,,PENDING
NTLA|LONVOZ_HAE_20270310,NTLA|LONVOZ_HAE_20270310,NTLA,lonvoguran ziclumeran (lonvo-z),2027-03-10,YES,YES,APPROVED,79.9,HIGH,FDA_WEIGHTED_FORCE,75.0,Weighted FDA-domain evidence; fallback=neutral_50 | statistics unresolved -5; CMC unresolved -5; facility unresolved -5,FDA-DIRECTIONAL-100-V1.2,2026-10-06T17:15:00Z,,,PENDING
HRMY|PITOLISANT_GR_20270401,PITOLISANT_GR_US_20270401,HRMY,pitolisant GR,2027-04-01,YES,YES,APPROVED,81.3,HIGH,FDA_WEIGHTED_FORCE,80.0,Weighted FDA-domain evidence; fallback=neutral_50 | CMC unresolved -5; facility unresolved -5,FDA-DIRECTIONAL-100-V1.2,2026-10-06T17:15:00Z,,,PENDING
IMNM|VAREGACESTAT_DESMOID_20270428,IMNM|VAREGACESTAT_DESMOID_20270428,IMNM,varegacestat,2027-04-28,YES,YES,APPROVED,77.7,HIGH,FDA_WEIGHTED_FORCE,75.0,Weighted FDA-domain evidence; fallback=neutral_50 | statistics unresolved -5; CMC unresolved -5; facility unresolved -5,FDA-DIRECTIONAL-100-V1.2,2026-10-06T17:15:00Z,,,PENDING
AXSM|AXS12_CATAPLEXY_20270501,AXS12_CATAPLEXY_US_20270501,AXSM,AXS-12,2027-05-01,YES,YES,APPROVED,75.0,HIGH,FDA_WEIGHTED_FORCE,75.0,Weighted FDA-domain evidence; fallback=neutral_50 | statistics unresolved -5; CMC unresolved -5; facility unresolved -5,FDA-DIRECTIONAL-100-V1.2,2026-10-06T17:15:00Z,,,PENDING
BBIO|ENCALERET_ADH1,BBIO|ENCALERET_ADH1,BBIO,encaleret,2027-05-08,YES,YES,APPROVED,77.9,HIGH,FDA_WEIGHTED_FORCE,75.0,Weighted FDA-domain evidence; fallback=neutral_50 | statistics unresolved -5; CMC unresolved -5; facility unresolved -5,FDA-DIRECTIONAL-100-V1.2,2026-10-06T17:15:00Z,,,PENDING
BMY|MEZIGDOMIDE_RRMM_20270513,BMY|MEZIGDOMIDE_RRMM_20270513,BMY,mezigdomide + carfilzomib + dexamethasone,2027-05-13,YES,YES,APPROVED,77.0,HIGH,FDA_WEIGHTED_FORCE,75.0,Weighted FDA-domain evidence; fallback=neutral_50 | statistics unresolved -5; CMC unresolved -5; facility unresolved -5,FDA-DIRECTIONAL-100-V1.2,2026-10-06T17:15:00Z,,,PENDING
ZBIO|OBEXELIMAB_IGG4RD_20270527,ZBIO|OBEXELIMAB_IGG4RD_20270527,ZBIO,obexelimab,2027-05-27,YES,YES,APPROVED,79.1,HIGH,FDA_WEIGHTED_FORCE,75.0,Weighted FDA-domain evidence; fallback=neutral_50 | statistics unresolved -5; CMC unresolved -5; facility unresolved -5,FDA-DIRECTIONAL-100-V1.2,2026-10-06T17:15:00Z,,,PENDING
SVRA|MOLBREEVI_PAP_20261122,SVRA|MOLBREEVI_PAP_20261122,SVRA,MOLBREEVI,2026-11-22,YES,YES,APPROVED,74.1,HIGH,FDA_WEIGHTED_FORCE,75.0,Weighted FDA-domain evidence; fallback=approval_probability | statistics unresolved -5; CMC unresolved -5; facility unresolved -5,FDA-DIRECTIONAL-100-V1.2,2026-10-06T17:15:00Z,,,PENDING
COGT|BEZUCLASTINIB_GIST_20261130,COGT|BEZUCLASTINIB_GIST_20261130,COGT,bezuclastinib + sunitinib,2026-11-30,YES,YES,APPROVED,76.7,HIGH,FDA_WEIGHTED_FORCE,75.0,Weighted FDA-domain evidence; fallback=approval_probability | statistics unresolved -5; CMC unresolved -5; facility unresolved -5,FDA-DIRECTIONAL-100-V1.2,2026-10-06T17:15:00Z,,,PENDING
PHAR|JOENJA_LOWER_DOSE_APDS_20270130,JOENJA_LOWER_DOSE_APDS_US_20270130,PHAR,Joenja (leniolisib),2027-01-30,YES,YES,APPROVED,68.9,MEDIUM,FDA_WEIGHTED_FORCE,80.0,Weighted FDA-domain evidence; fallback=neutral_50 | statistics unresolved -5; CMC unresolved -5; facility unresolved -5,FDA-DIRECTIONAL-100-V1.2,2026-10-06T17:15:00Z,,,PENDING
BLTE|TINLAREBANT_STGD1_20270212,TINLAREBANT_STGD1_US_20270212,BLTE,tinlarebant,2027-02-12,YES,YES,APPROVED,76.7,HIGH,FDA_WEIGHTED_FORCE,75.0,Weighted FDA-domain evidence; fallback=neutral_50 | statistics unresolved -5; CMC unresolved -5; facility unresolved -5,FDA-DIRECTIONAL-100-V1.2,2026-10-06T17:15:00Z,,,PENDING
SRPT|CASIMERSEN_DMD45_20270228,CASIMERSEN_DMD45_US_20270228,SRPT,AMONDYS 45 (casimersen),2027-02-28,YES,YES,CRL,5.0,HIGH,STRICT_V3,100.0,Strict FDA-V3.2 directional call,FDA-DIRECTIONAL-100-V1.2,2026-10-06T17:15:00Z,,,PENDING
SRPT|GOLODIRSEN_DMD53_20270228,GOLODIRSEN_DMD53_US_20270228,SRPT,VYONDYS 53 (golodirsen),2027-02-28,YES,YES,CRL,5.0,HIGH,STRICT_V3,100.0,Strict FDA-V3.2 directional call,FDA-DIRECTIONAL-100-V1.2,2026-10-06T17:15:00Z,,,PENDING
INBX|OZEKIBART_CHONDROSARCOMA_20270414,OZEKIBART_CHONDROSARCOMA_US_20270414,INBX,ozekibart (INBRX-109),2027-04-14,YES,YES,APPROVED,75.9,HIGH,FDA_WEIGHTED_FORCE,75.0,Weighted FDA-domain evidence; fallback=neutral_50 | statistics unresolved -5; CMC unresolved -5; facility unresolved -5,FDA-DIRECTIONAL-100-V1.2,2026-10-06T17:15:00Z,,,PENDING
PHVS|DEUCRICTIBANT_HAE_20270423,DEUCRICTIBANT_HAE_US_20270423,PHVS,deucrictibant immediate-release,2027-04-23,YES,YES,APPROVED,79.9,HIGH,FDA_WEIGHTED_FORCE,75.0,Weighted FDA-domain evidence; fallback=neutral_50 | statistics unresolved -5; CMC unresolved -5; facility unresolved -5,FDA-DIRECTIONAL-100-V1.2,2026-10-06T17:15:00Z,,,PENDING
COGT|BEZUCLASTINIB_ADVSM_20270629,COGT|BEZUCLASTINIB_ADVSM_20270629,COGT,bezuclastinib,2027-06-29,YES,YES,APPROVED,72.5,HIGH,FDA_WEIGHTED_FORCE,75.0,Weighted FDA-domain evidence; fallback=neutral_50 | statistics unresolved -5; CMC unresolved -5; facility unresolved -5,FDA-DIRECTIONAL-100-V1.2,2026-10-06T17:15:00Z,,,PENDING
VTRS|PHENTOLAMINE_PRESBYOPIA_20261017,MR141_PRESBYOPIA_20261017,VTRS,MR-141 (phentolamine ophthalmic solution 0.75%),2026-10-17,YES,YES,APPROVED,74.0,HIGH,FDA_WEIGHTED_FORCE,75.0,Weighted FDA-domain evidence; fallback=neutral_50 | statistics unresolved -5; CMC unresolved -5; facility unresolved -5,FDA-DIRECTIONAL-100-V1.3,2026-10-06T17:30:00Z,,,PENDING
IONS|BEPIROVIRSEN_CHB_20261026,BEPIROVIRSEN_CHB_20261026,IONS,bepirovirsen,2026-10-26,YES,YES,APPROVED,76.6,HIGH,FDA_WEIGHTED_FORCE,75.0,Weighted FDA-domain evidence; fallback=neutral_50 | statistics unresolved -5; CMC unresolved -5; facility unresolved -5,FDA-DIRECTIONAL-100-V1.3,2026-10-06T17:30:00Z,,,PENDING
INO|INO3107_RRP_20261030,INO3107_RRP_20261030,INO,INO-3107,2026-10-30,YES,YES,APPROVED,54.6,LOW,FDA_WEIGHTED_FORCE,75.0,Weighted FDA-domain evidence; fallback=neutral_50 | statistics unresolved -5; CMC unresolved -5; facility unresolved -5,FDA-DIRECTIONAL-100-V1.3,2026-10-06T17:30:00Z,,,PENDING
AGIO|MITAPIVAT_SCD_20261101,MITAPIVAT_SCD_20261101,AGIO,mitapivat,2026-11-01,YES,YES,APPROVED,64.7,MEDIUM,FDA_WEIGHTED_FORCE,75.0,Weighted FDA-domain evidence; fallback=approval_probability | statistics unresolved -5; CMC unresolved -5; facility unresolved -5,FDA-DIRECTIONAL-100-V1.3,2026-10-06T17:30:00Z,,,PENDING
CYTK|MYQORZO_HCM_20261114,CYTK|MYQORZO_HCM_20261114,CYTK,MYQORZO,2026-11-14,YES,YES,APPROVED,75.3,HIGH,FDA_WEIGHTED_FORCE,75.0,Weighted FDA-domain evidence; fallback=approval_probability | statistics unresolved -5; CMC unresolved -5; facility unresolved -5,FDA-DIRECTIONAL-100-V1.3,2026-10-06T17:30:00Z,,,PENDING
SMMT|IVONESCIMAB_20261114,SMMT|IVONESCIMAB_20261114,SMMT,ivonescimab,2026-11-14,YES,YES,APPROVED,54.1,LOW,FDA_WEIGHTED_FORCE,75.0,Weighted FDA-domain evidence; fallback=neutral_50 | statistics unresolved -5; CMC unresolved -5; facility unresolved -5,FDA-DIRECTIONAL-100-V1.3,2026-10-06T17:30:00Z,,,PENDING
CAPR|DERAMIOCEL_DMD_20261122,CAPR|DERAMIOCEL_DMD_20261122,CAPR,Deramiocel,2026-11-22,YES,YES,CRL,49.9,LOW,FDA_WEIGHTED_FORCE,75.0,Weighted FDA-domain evidence; fallback=approval_probability | statistics unresolved -5; CMC unresolved -5; facility unresolved -5; data integrity unresolved -6,FDA-DIRECTIONAL-100-V1.3,2026-10-06T17:30:00Z,,,PENDING
BBIO|BBP418_LGMD2IR9_20261127,BBIO|BBP418_LGMD2IR9_20261127,BBIO,BBP-418,2026-11-27,YES,YES,APPROVED,74.3,HIGH,FDA_WEIGHTED_FORCE,75.0,Weighted FDA-domain evidence; fallback=neutral_50 | statistics unresolved -5; CMC unresolved -5; facility unresolved -5,FDA-DIRECTIONAL-100-V1.3,2026-10-06T17:30:00Z,,,PENDING
VRTX|POVETACICEPT_IGAN_20261130,POVETACICEPT_IGAN_US_20261130,VRTX,povetacicept,2026-11-30,YES,YES,APPROVED,77.8,HIGH,FDA_WEIGHTED_FORCE,75.0,Weighted FDA-domain evidence; fallback=neutral_50 | statistics unresolved -5; CMC unresolved -5; facility unresolved -5,FDA-DIRECTIONAL-100-V1.3,2026-10-06T17:30:00Z,,,PENDING
ANAB|IMSIDOLIMAB_GPP_20261212,IMSIDOLIMAB_GPP_US_20261212,ANAB,Quimilza (imsidolimab),2026-12-12,YES,YES,APPROVED,72.6,HIGH,FDA_WEIGHTED_FORCE,75.0,Weighted FDA-domain evidence; fallback=approval_probability | statistics unresolved -5; CMC unresolved -5; facility unresolved -5,FDA-DIRECTIONAL-100-V1.3,2026-10-06T17:30:00Z,,,PENDING
CORT|RELACORILANT_CUSHINGS_20261217,RELACORILANT_CUSHINGS_US_20261217,CORT,relacorilant,2026-12-17,YES,YES,CRL,49.7,LOW,FDA_WEIGHTED_FORCE,75.0,Weighted FDA-domain evidence; fallback=neutral_50 | statistics unresolved -5; CMC unresolved -5; facility unresolved -5,FDA-DIRECTIONAL-100-V1.3,2026-10-06T17:30:00Z,,,PENDING
MLYS|LORUNDROSTAT_20261222,LORUNDROSTAT_HTN_US_20261222,MLYS,lorundrostat,2026-12-22,YES,YES,APPROVED,75.9,HIGH,FDA_WEIGHTED_FORCE,75.0,Weighted FDA-domain evidence; fallback=approval_probability | statistics unresolved -5; CMC unresolved -5; facility unresolved -5,FDA-DIRECTIONAL-100-V1.3,2026-10-06T17:30:00Z,,,PENDING
GILD|ANITOCEL_MM_20261223,ANITOCEL_RRMM_US_20261223,GILD,anitocabtagene autoleucel (anito-cel),2026-12-23,YES,YES,APPROVED,71.0,HIGH,FDA_WEIGHTED_FORCE,75.0,Weighted FDA-domain evidence; fallback=neutral_50 | statistics unresolved -5; CMC unresolved -5; facility unresolved -5,FDA-DIRECTIONAL-100-V1.3,2026-10-06T17:30:00Z,,,PENDING
PRAX|RELUTRIGINE_DEE_20261227,RELUTRIGINE_DEE_US_20261227,PRAX,relutrigine,2026-12-27,YES,YES,APPROVED,76.1,HIGH,FDA_WEIGHTED_FORCE,75.0,Weighted FDA-domain evidence; fallback=approval_probability | statistics unresolved -5; CMC unresolved -5; facility unresolved -5,FDA-DIRECTIONAL-100-V1.3,2026-10-06T17:30:00Z,,,PENDING
VTRS|MR107A02_ACUTEPAIN_20261227,MR107A02_ACUTEPAIN_US_20261227,VTRS,MR-107A-02 (fast-acting meloxicam),2026-12-27,YES,YES,APPROVED,76.1,HIGH,FDA_WEIGHTED_FORCE,75.0,Weighted FDA-domain evidence; fallback=neutral_50 | statistics unresolved -5; CMC unresolved -5; facility unresolved -5,FDA-DIRECTIONAL-100-V1.3,2026-10-06T17:30:00Z,,,PENDING
COGT|BEZUCLASTINIB_NONADVSM_20261230,BEZUCLASTINIB_NONADVSM_US_20261230,COGT,bezuclastinib,2026-12-30,YES,YES,APPROVED,78.3,HIGH,FDA_WEIGHTED_FORCE,75.0,Weighted FDA-domain evidence; fallback=approval_probability | statistics unresolved -5; CMC unresolved -5; facility unresolved -5,FDA-DIRECTIONAL-100-V1.3,2026-10-06T17:30:00Z,,,PENDING
IBRX|ANKTIVA_NMIBC_20270106,ANKTIVA_PAPILLARY_NMIBC_US_20270106,IBRX,ANKTIVA + BCG,2027-01-06,YES,YES,APPROVED,65.7,MEDIUM,FDA_WEIGHTED_FORCE,75.0,Weighted FDA-domain evidence; fallback=neutral_50 | statistics unresolved -5; CMC unresolved -5; facility unresolved -5,FDA-DIRECTIONAL-100-V1.3,2026-10-06T17:30:00Z,,,PENDING
DYN|ZROSTUDIRSEN_DMD_20270121,ZROSTUDIRSEN_DMD_US_20270121,DYN,z-rostudirsen,2027-01-21,YES,YES,APPROVED,67.1,MEDIUM,FDA_WEIGHTED_FORCE,75.0,Weighted FDA-domain evidence; fallback=neutral_50 | statistics unresolved -5; CMC unresolved -5; facility unresolved -5,FDA-DIRECTIONAL-100-V1.3,2026-10-06T17:30:00Z,,,PENDING
PRAX|ULIXACALTAMIDE_ET_20270129,ULIXACALTAMIDE_ET_US_20270129,PRAX,ulixacaltamide HCl,2027-01-29,YES,YES,APPROVED,79.0,HIGH,FDA_WEIGHTED_FORCE,75.0,Weighted FDA-domain evidence; fallback=neutral_50 | statistics unresolved -5; CMC unresolved -5; facility unresolved -5,FDA-DIRECTIONAL-100-V1.3,2026-10-06T17:30:00Z,,,PENDING
ARQT|ZORYVE_AD_20270223,ZORYVE_AD_INFANT_US_20270223,ARQT,ZORYVE cream 0.05%,2027-02-23,YES,YES,APPROVED,68.9,MEDIUM,FDA_WEIGHTED_FORCE,80.0,Weighted FDA-domain evidence; fallback=neutral_50 | statistics unresolved -5; CMC unresolved -5; facility unresolved -5,FDA-DIRECTIONAL-100-V1.3,2026-10-06T17:30:00Z,,,PENDING
CGEM|ZIPALERTINIB_NSCLC_20270227,ZIPALERTINIB_NSCLC_US_20270227,CGEM,zipalertinib,2027-02-27,YES,YES,APPROVED,66.7,MEDIUM,FDA_WEIGHTED_FORCE,75.0,Weighted FDA-domain evidence; fallback=neutral_50 | statistics unresolved -5; CMC unresolved -5; facility unresolved -5,FDA-DIRECTIONAL-100-V1.3,2026-10-06T17:30:00Z,,,PENDING
APMD|OXNIMBI_OSA_20270228,APMD|OXNIMBI_OSA_20270228,APMD,Oxnimbi,2027-02-28,YES,YES,APPROVED,60.7,MEDIUM,FDA_WEIGHTED_FORCE,75.0,Weighted FDA-domain evidence; fallback=neutral_50 | statistics unresolved -5; CMC unresolved -5; facility unresolved -5,FDA-DIRECTIONAL-100-V1.3,2026-10-06T17:30:00Z,,,PENDING
BMRN|VOXZOGO_ACHONDROPLASIA_20270228,BMRN|VOXZOGO_ACHONDROPLASIA_20270228,BMRN,VOXZOGO,2027-02-28,YES,YES,APPROVED,71.1,HIGH,FDA_WEIGHTED_FORCE,75.0,Weighted FDA-domain evidence; fallback=neutral_50 | statistics unresolved -5; CMC unresolved -5; facility unresolved -5,FDA-DIRECTIONAL-100-V1.3,2026-10-06T17:30:00Z,,,PENDING
EXEL|ZANZALINTINIB_CRC,ZANZALINTINIB_CRC_US_20261203,EXEL,zanzalintinib + atezolizumab,2026-12-03,YES,YES,APPROVED,65.9,MEDIUM,FDA_WEIGHTED_FORCE,75.0,Weighted FDA-domain evidence; fallback=neutral_50 | statistics unresolved -5; CMC unresolved -5; facility unresolved -5,FDA-DIRECTIONAL-100-V1.3,2026-10-06T17:30:00Z,,,PENDING
NTLA|LONVOZ_HAE_20270310,NTLA|LONVOZ_HAE_20270310,NTLA,lonvoguran ziclumeran (lonvo-z),2027-03-10,YES,YES,APPROVED,79.9,HIGH,FDA_WEIGHTED_FORCE,75.0,Weighted FDA-domain evidence; fallback=neutral_50 | statistics unresolved -5; CMC unresolved -5; facility unresolved -5,FDA-DIRECTIONAL-100-V1.3,2026-10-06T17:30:00Z,,,PENDING
HRMY|PITOLISANT_GR_20270401,PITOLISANT_GR_US_20270401,HRMY,pitolisant GR,2027-04-01,YES,YES,APPROVED,81.3,HIGH,FDA_WEIGHTED_FORCE,80.0,Weighted FDA-domain evidence; fallback=neutral_50 | CMC unresolved -5; facility unresolved -5,FDA-DIRECTIONAL-100-V1.3,2026-10-06T17:30:00Z,,,PENDING
IMNM|VAREGACESTAT_DESMOID_20270428,IMNM|VAREGACESTAT_DESMOID_20270428,IMNM,varegacestat,2027-04-28,YES,YES,APPROVED,77.7,HIGH,FDA_WEIGHTED_FORCE,75.0,Weighted FDA-domain evidence; fallback=neutral_50 | statistics unresolved -5; CMC unresolved -5; facility unresolved -5,FDA-DIRECTIONAL-100-V1.3,2026-10-06T17:30:00Z,,,PENDING
AXSM|AXS12_CATAPLEXY_20270501,AXS12_CATAPLEXY_US_20270501,AXSM,AXS-12,2027-05-01,YES,YES,APPROVED,75.0,HIGH,FDA_WEIGHTED_FORCE,75.0,Weighted FDA-domain evidence; fallback=neutral_50 | statistics unresolved -5; CMC unresolved -5; facility unresolved -5,FDA-DIRECTIONAL-100-V1.3,2026-10-06T17:30:00Z,,,PENDING
BBIO|ENCALERET_ADH1,BBIO|ENCALERET_ADH1,BBIO,encaleret,2027-05-08,YES,YES,APPROVED,77.9,HIGH,FDA_WEIGHTED_FORCE,75.0,Weighted FDA-domain evidence; fallback=neutral_50 | statistics unresolved -5; CMC unresolved -5; facility unresolved -5,FDA-DIRECTIONAL-100-V1.3,2026-10-06T17:30:00Z,,,PENDING
BMY|MEZIGDOMIDE_RRMM_20270513,BMY|MEZIGDOMIDE_RRMM_20270513,BMY,mezigdomide + carfilzomib + dexamethasone,2027-05-13,YES,YES,APPROVED,77.0,HIGH,FDA_WEIGHTED_FORCE,75.0,Weighted FDA-domain evidence; fallback=neutral_50 | statistics unresolved -5; CMC unresolved -5; facility unresolved -5,FDA-DIRECTIONAL-100-V1.3,2026-10-06T17:30:00Z,,,PENDING
ZBIO|OBEXELIMAB_IGG4RD_20270527,ZBIO|OBEXELIMAB_IGG4RD_20270527,ZBIO,obexelimab,2027-05-27,YES,YES,APPROVED,79.1,HIGH,FDA_WEIGHTED_FORCE,75.0,Weighted FDA-domain evidence; fallback=neutral_50 | statistics unresolved -5; CMC unresolved -5; facility unresolved -5,FDA-DIRECTIONAL-100-V1.3,2026-10-06T17:30:00Z,,,PENDING
SVRA|MOLBREEVI_PAP_20261122,SVRA|MOLBREEVI_PAP_20261122,SVRA,MOLBREEVI,2026-11-22,YES,YES,APPROVED,74.1,HIGH,FDA_WEIGHTED_FORCE,75.0,Weighted FDA-domain evidence; fallback=approval_probability | statistics unresolved -5; CMC unresolved -5; facility unresolved -5,FDA-DIRECTIONAL-100-V1.3,2026-10-06T17:30:00Z,,,PENDING
COGT|BEZUCLASTINIB_GIST_20261130,COGT|BEZUCLASTINIB_GIST_20261130,COGT,bezuclastinib + sunitinib,2026-11-30,YES,YES,APPROVED,76.7,HIGH,FDA_WEIGHTED_FORCE,75.0,Weighted FDA-domain evidence; fallback=approval_probability | statistics unresolved -5; CMC unresolved -5; facility unresolved -5,FDA-DIRECTIONAL-100-V1.3,2026-10-06T17:30:00Z,,,PENDING
PHAR|JOENJA_LOWER_DOSE_APDS_20270130,JOENJA_LOWER_DOSE_APDS_US_20270130,PHAR,Joenja (leniolisib),2027-01-30,YES,YES,APPROVED,68.9,MEDIUM,FDA_WEIGHTED_FORCE,80.0,Weighted FDA-domain evidence; fallback=neutral_50 | statistics unresolved -5; CMC unresolved -5; facility unresolved -5,FDA-DIRECTIONAL-100-V1.3,2026-10-06T17:30:00Z,,,PENDING
BLTE|TINLAREBANT_STGD1_20270212,TINLAREBANT_STGD1_US_20270212,BLTE,tinlarebant,2027-02-12,YES,YES,APPROVED,76.7,HIGH,FDA_WEIGHTED_FORCE,75.0,Weighted FDA-domain evidence; fallback=neutral_50 | statistics unresolved -5; CMC unresolved -5; facility unresolved -5,FDA-DIRECTIONAL-100-V1.3,2026-10-06T17:30:00Z,,,PENDING
SRPT|CASIMERSEN_DMD45_20270228,CASIMERSEN_DMD45_US_20270228,SRPT,AMONDYS 45 (casimersen),2027-02-28,YES,YES,CRL,5.0,HIGH,STRICT_V3,100.0,Strict FDA-V3.2 directional call,FDA-DIRECTIONAL-100-V1.3,2026-10-06T17:30:00Z,,,PENDING
SRPT|GOLODIRSEN_DMD53_20270228,GOLODIRSEN_DMD53_US_20270228,SRPT,VYONDYS 53 (golodirsen),2027-02-28,YES,YES,CRL,5.0,HIGH,STRICT_V3,100.0,Strict FDA-V3.2 directional call,FDA-DIRECTIONAL-100-V1.3,2026-10-06T17:30:00Z,,,PENDING
INBX|OZEKIBART_CHONDROSARCOMA_20270414,OZEKIBART_CHONDROSARCOMA_US_20270414,INBX,ozekibart (INBRX-109),2027-04-14,YES,YES,APPROVED,75.9,HIGH,FDA_WEIGHTED_FORCE,75.0,Weighted FDA-domain evidence; fallback=neutral_50 | statistics unresolved -5; CMC unresolved -5; facility unresolved -5,FDA-DIRECTIONAL-100-V1.3,2026-10-06T17:30:00Z,,,PENDING
PHVS|DEUCRICTIBANT_HAE_20270423,DEUCRICTIBANT_HAE_US_20270423,PHVS,deucrictibant immediate-release,2027-04-23,YES,YES,APPROVED,79.9,HIGH,FDA_WEIGHTED_FORCE,75.0,Weighted FDA-domain evidence; fallback=neutral_50 | statistics unresolved -5; CMC unresolved -5; facility unresolved -5,FDA-DIRECTIONAL-100-V1.3,2026-10-06T17:30:00Z,,,PENDING
COGT|BEZUCLASTINIB_ADVSM_20270629,COGT|BEZUCLASTINIB_ADVSM_20270629,COGT,bezuclastinib,2027-06-29,YES,YES,APPROVED,72.5,HIGH,FDA_WEIGHTED_FORCE,75.0,Weighted FDA-domain evidence; fallback=neutral_50 | statistics unresolved -5; CMC unresolved -5; facility unresolved -5,FDA-DIRECTIONAL-100-V1.3,2026-10-06T17:30:00Z,,,PENDING
