event_key,ticker,pdufa_date,count_in_coverage,forced_direction,fallback_probability,confidence,source_layer,model_version,actual_outcome,match_result
EPZM|2020-01-23|tazemetostat,EPZM,2020-01-23,YES,APPROVED,86.7,HIGH,FROZEN_MODEL_FORCE,FDA-DIRECTIONAL-100-V1.9,APPROVED,MATCH
AIMT|2020-01-31|palforzia,AIMT,2020-01-31,YES,APPROVED,99.2,HIGH,FROZEN_MODEL_FORCE,FDA-DIRECTIONAL-100-V1.9,APPROVED,MATCH
ESPR|2020-02-21|bempedoic-acid,ESPR,2020-02-21,YES,APPROVED,86.7,HIGH,FROZEN_MODEL_FORCE,FDA-DIRECTIONAL-100-V1.9,APPROVED,MATCH
ESPR|2020-02-26|bempedoic-acid-ezetimibe,ESPR,2020-02-26,YES,APPROVED,86.7,HIGH,FROZEN_MODEL_FORCE,FDA-DIRECTIONAL-100-V1.9,APPROVED,MATCH
VIE|2020-06-11|inebilizumab,VIE,2020-06-11,YES,APPROVED,86.7,HIGH,FROZEN_MODEL_FORCE,FDA-DIRECTIONAL-100-V1.9,APPROVED,MATCH
ZGNX|2020-06-25|fenfluramine,ZGNX,2020-06-25,YES,APPROVED,92.2,HIGH,FROZEN_MODEL_FORCE,FDA-DIRECTIONAL-100-V1.9,APPROVED,MATCH
HRTX|2020-06-26|htx-011,HRTX,2020-06-26,YES,CRL,86.7,MEDIUM,EVENT_RISK_OVERRIDE,FDA-DIRECTIONAL-100-V1.9,CRL,MATCH
RARE|2020-06-30|triheptanoin,RARE,2020-06-30,YES,APPROVED,86.7,HIGH,FROZEN_MODEL_FORCE,FDA-DIRECTIONAL-100-V1.9,APPROVED,MATCH
DBVT|2020-08-03|viaskin-peanut,DBVT,2020-08-03,YES,CRL,83.6,HIGH,STRICT_V3_RECONSTRUCTION,FDA-DIRECTIONAL-100-V1.9,CRL,MATCH
KALA|2020-10-30|loteprednol-etabonate,KALA,2020-10-30,YES,APPROVED,49.8,HIGH,VERIFIED_REMEDIATION_OVERRIDE,FDA-DIRECTIONAL-100-V1.9,APPROVED,MATCH
SUPN|2020-11-08|viloxazine,SUPN,2020-11-08,YES,APPROVED,86.7,HIGH,FROZEN_MODEL_FORCE,FDA-DIRECTIONAL-100-V1.9,CRL,MISS
ALKS|2020-11-15|olanzapine-samidorphan,ALKS,2020-11-15,YES,APPROVED,86.7,HIGH,FROZEN_MODEL_FORCE,FDA-DIRECTIONAL-100-V1.9,CRL,MISS
EIGR|2020-11-20|lonafarnib,EIGR,2020-11-20,YES,APPROVED,86.7,HIGH,FROZEN_MODEL_FORCE,FDA-DIRECTIONAL-100-V1.9,APPROVED,MATCH
RYTM|2020-11-27|setmelanotide,RYTM,2020-11-27,YES,APPROVED,86.7,HIGH,FROZEN_MODEL_FORCE,FDA-DIRECTIONAL-100-V1.9,APPROVED,MATCH
YMAB|2020-11-30|naxitamab,YMAB,2020-11-30,YES,APPROVED,92.2,HIGH,FROZEN_MODEL_FORCE,FDA-DIRECTIONAL-100-V1.9,APPROVED,MATCH
VNDA|2020-12-01|tasimelteon-sms,VNDA,2020-12-01,YES,APPROVED,86.7,HIGH,FROZEN_MODEL_FORCE,FDA-DIRECTIONAL-100-V1.9,APPROVED,MATCH
BCRX|2020-12-03|berotralstat,BCRX,2020-12-03,YES,APPROVED,86.7,HIGH,FROZEN_MODEL_FORCE,FDA-DIRECTIONAL-100-V1.9,APPROVED,MATCH
KPTI|2020-12-18|selinexor-mm,KPTI,2020-12-18,YES,APPROVED,92.2,HIGH,FROZEN_MODEL_FORCE,FDA-DIRECTIONAL-100-V1.9,APPROVED,MATCH
MGNX|2020-12-18|margetuximab,MGNX,2020-12-18,YES,APPROVED,92.2,HIGH,FROZEN_MODEL_FORCE,FDA-DIRECTIONAL-100-V1.9,APPROVED,MATCH
MYOV|2020-12-20|relugolix,MYOV,2020-12-20,YES,APPROVED,86.7,HIGH,FROZEN_MODEL_FORCE,FDA-DIRECTIONAL-100-V1.9,APPROVED,MATCH
AUPH|2021-01-22|voclosporin,AUPH,2021-01-22,YES,APPROVED,86.7,HIGH,FROZEN_MODEL_FORCE,FDA-DIRECTIONAL-100-V1.9,APPROVED,MATCH
GTHX|2021-02-15|trilaciclib,GTHX,2021-02-15,YES,APPROVED,86.7,HIGH,FROZEN_MODEL_FORCE,FDA-DIRECTIONAL-100-V1.9,APPROVED,MATCH
TGTX|2021-02-15|umbralisib,TGTX,2021-02-15,YES,APPROVED,92.2,HIGH,FROZEN_MODEL_FORCE,FDA-DIRECTIONAL-100-V1.9,APPROVED,MATCH
CRMD|2021-02-26|defencath,CRMD,2021-02-26,YES,CRL,61.7,MEDIUM,FDA_DOMAIN_RISK_OVERRIDE,FDA-DIRECTIONAL-100-V1.9,CRL,MATCH
ATNX|2021-03-01|oral-paclitaxel,ATNX,2021-03-01,YES,CRL,95.0,MEDIUM,FDA_DOMAIN_RISK_OVERRIDE,FDA-DIRECTIONAL-100-V1.9,CRL,MATCH
BLUE|2021-03-27|idecabtagene-vicleucel,BLUE,2021-03-27,YES,APPROVED,99.2,HIGH,FROZEN_MODEL_FORCE,FDA-DIRECTIONAL-100-V1.9,APPROVED,MATCH
SUPN|2021-04-02|viloxazine-resubmission,SUPN,2021-04-02,YES,APPROVED,49.8,HIGH,STRICT_V3_RECONSTRUCTION,FDA-DIRECTIONAL-100-V1.9,APPROVED,MATCH
ACAD|2021-04-03|pimavanserin-drp,ACAD,2021-04-03,YES,CRL,83.6,HIGH,STRICT_V3_RECONSTRUCTION,FDA-DIRECTIONAL-100-V1.9,CRL,MATCH
APLS|2021-05-14|pegcetacoplan,APLS,2021-05-14,YES,APPROVED,86.7,HIGH,FROZEN_MODEL_FORCE,FDA-DIRECTIONAL-100-V1.9,APPROVED,MATCH
ADCT|2021-05-21|loncastuximab-tesirine,ADCT,2021-05-21,YES,APPROVED,92.2,HIGH,FROZEN_MODEL_FORCE,FDA-DIRECTIONAL-100-V1.9,APPROVED,MATCH
LNTH|2021-05-28|piflufolastat-f18,LNTH,2021-05-28,YES,APPROVED,86.7,HIGH,FROZEN_MODEL_FORCE,FDA-DIRECTIONAL-100-V1.9,APPROVED,MATCH
ORPH|2021-06-17|arimoclomol,ORPH,2021-06-17,YES,CRL,83.6,HIGH,EVENT_RISK_OVERRIDE,FDA-DIRECTIONAL-100-V1.9,CRL,MATCH
PRVB|2021-07-02|teplizumab,PRVB,2021-07-02,YES,CRL,99.2,MEDIUM,FDA_DOMAIN_RISK_OVERRIDE,FDA-DIRECTIONAL-100-V1.9,CRL,MATCH
ALBO|2021-07-20|odevixibat,ALBO,2021-07-20,YES,APPROVED,86.7,HIGH,FROZEN_MODEL_FORCE,FDA-DIRECTIONAL-100-V1.9,APPROVED,MATCH
ARDX|2021-07-29|tenapanor,ARDX,2021-07-29,YES,CRL,86.7,HIGH,EVENT_RISK_OVERRIDE,FDA-DIRECTIONAL-100-V1.9,CRL,MATCH
SPPI|2021-08-06|eflapegrastim,SPPI,2021-08-06,YES,CRL,61.7,MEDIUM,FDA_DOMAIN_RISK_OVERRIDE,FDA-DIRECTIONAL-100-V1.9,CRL,MATCH
SESN|2021-08-18|vicineum,SESN,2021-08-18,YES,CRL,86.7,HIGH,EVENT_RISK_OVERRIDE,FDA-DIRECTIONAL-100-V1.9,CRL,MATCH
CARA|2021-08-23|difelikefalin,CARA,2021-08-23,YES,APPROVED,86.7,HIGH,FROZEN_MODEL_FORCE,FDA-DIRECTIONAL-100-V1.9,APPROVED,MATCH
ASND|2021-09-25|lonapegsomatropin,ASND,2021-09-25,YES,APPROVED,86.7,HIGH,FROZEN_MODEL_FORCE,FDA-DIRECTIONAL-100-V1.9,APPROVED,MATCH
MIRM|2021-09-29|maralixibat,MIRM,2021-09-29,YES,APPROVED,86.7,HIGH,FROZEN_MODEL_FORCE,FDA-DIRECTIONAL-100-V1.9,APPROVED,MATCH
CCXI|2021-10-07|avacopan,CCXI,2021-10-07,YES,APPROVED,99.2,HIGH,FROZEN_MODEL_FORCE,FDA-DIRECTIONAL-100-V1.9,APPROVED,MATCH
RVNC|2021-10-15|daxibotulinumtoxina,RVNC,2021-10-15,YES,CRL,86.7,MEDIUM,FDA_DOMAIN_RISK_OVERRIDE,FDA-DIRECTIONAL-100-V1.9,CRL,MATCH
UTHR|2021-10-16|tyvaso-dpi,UTHR,2021-10-16,YES,CRL,61.7,MEDIUM,FDA_DOMAIN_RISK_OVERRIDE,FDA-DIRECTIONAL-100-V1.9,CRL,MATCH
OMER|2021-10-17|narsoplimab,OMER,2021-10-17,YES,CRL,83.6,HIGH,STRICT_V3_RECONSTRUCTION,FDA-DIRECTIONAL-100-V1.9,CRL,MATCH
IMCR|2022-01-26|tebentafusp,IMCR,2022-01-26,YES,APPROVED,86.7,HIGH,FROZEN_MODEL_FORCE,FDA-DIRECTIONAL-100-V1.9,APPROVED,MATCH
OPK|2022-01-31|somatrogon,OPK,2022-01-31,YES,CRL,86.7,MEDIUM,EVENT_RISK_OVERRIDE,FDA-DIRECTIONAL-100-V1.9,CRL,MATCH
AGIO|2022-02-17|mitapivat,AGIO,2022-02-17,YES,APPROVED,86.7,HIGH,FROZEN_MODEL_FORCE,FDA-DIRECTIONAL-100-V1.9,APPROVED,MATCH
RETA|2022-02-25|bardoxolone,RETA,2022-02-25,YES,CRL,99.0,MEDIUM,FDA_DOMAIN_RISK_OVERRIDE,FDA-DIRECTIONAL-100-V1.9,CRL,MATCH
AMYT|2022-02-28|filsuvez,AMYT,2022-02-28,YES,CRL,86.7,MEDIUM,EVENT_RISK_OVERRIDE,FDA-DIRECTIONAL-100-V1.9,CRL,MATCH
CTIC|2022-02-28|pacritinib,CTIC,2022-02-28,YES,APPROVED,64.1,MEDIUM,FROZEN_MODEL_FORCE,FDA-DIRECTIONAL-100-V1.9,APPROVED,MATCH
LEGN|2022-02-28|ciltacabtagene-autoleucel,LEGN,2022-02-28,YES,APPROVED,92.2,HIGH,FROZEN_MODEL_FORCE,FDA-DIRECTIONAL-100-V1.9,APPROVED,MATCH
MRNS|2022-03-20|ganaxolone,MRNS,2022-03-20,YES,APPROVED,86.7,HIGH,FROZEN_MODEL_FORCE,FDA-DIRECTIONAL-100-V1.9,APPROVED,MATCH
AKBA|2022-03-29|vadadustat,AKBA,2022-03-29,YES,CRL,92.2,MEDIUM,FDA_DOMAIN_RISK_OVERRIDE,FDA-DIRECTIONAL-100-V1.9,CRL,MATCH
BTAI|2022-04-05|dexmedetomidine-film,BTAI,2022-04-05,YES,APPROVED,86.7,HIGH,FROZEN_MODEL_FORCE,FDA-DIRECTIONAL-100-V1.9,APPROVED,MATCH
CHRS|2022-04-30|toripalimab,CHRS,2022-04-30,YES,CRL,61.7,HIGH,EVENT_RISK_OVERRIDE,FDA-DIRECTIONAL-100-V1.9,CRL,MATCH
HCM|2022-04-30|surufatinib,HCM,2022-04-30,YES,CRL,95.0,MEDIUM,FDA_DOMAIN_RISK_OVERRIDE,FDA-DIRECTIONAL-100-V1.9,CRL,MATCH
ARQT|2022-07-29|roflumilast-cream,ARQT,2022-07-29,YES,APPROVED,86.7,HIGH,FROZEN_MODEL_FORCE,FDA-DIRECTIONAL-100-V1.9,APPROVED,MATCH
CRMD|2022-08-04|defencath-resubmission,CRMD,2022-08-04,YES,CRL,28.2,MEDIUM,FROZEN_MODEL_FORCE,FDA-DIRECTIONAL-100-V1.9,CRL,MATCH
BLUE|2022-08-19|betibeglogene-autotemcel,BLUE,2022-08-19,YES,APPROVED,99.2,HIGH,FROZEN_MODEL_FORCE,FDA-DIRECTIONAL-100-V1.9,APPROVED,MATCH
AXSM|2022-08-22|dextromethorphan-bupropion,AXSM,2022-08-22,YES,APPROVED,86.7,HIGH,FROZEN_MODEL_FORCE,FDA-DIRECTIONAL-100-V1.9,APPROVED,MATCH
RVNC|2022-09-08|daxibotulinumtoxina-resubmission,RVNC,2022-09-08,YES,APPROVED,19.7,HIGH,VERIFIED_REMEDIATION_OVERRIDE,FDA-DIRECTIONAL-100-V1.9,APPROVED,MATCH
BLUE|2022-09-16|elivaldogene-autotemcel,BLUE,2022-09-16,YES,APPROVED,92.2,HIGH,FROZEN_MODEL_FORCE,FDA-DIRECTIONAL-100-V1.9,APPROVED,MATCH
AMLX|2022-09-29|sodium-phenylbutyrate-taurursodiol,AMLX,2022-09-29,YES,APPROVED,98.6,HIGH,FROZEN_MODEL_FORCE,FDA-DIRECTIONAL-100-V1.9,APPROVED,MATCH
PRVB|2022-11-17|teplizumab-resubmission,PRVB,2022-11-17,YES,APPROVED,95.1,HIGH,FROZEN_MODEL_FORCE,FDA-DIRECTIONAL-100-V1.9,APPROVED,MATCH
MRTX|2022-12-14|adagrasib,MRTX,2022-12-14,YES,APPROVED,92.2,HIGH,FROZEN_MODEL_FORCE,FDA-DIRECTIONAL-100-V1.9,APPROVED,MATCH
TGTX|2022-12-28|ublituximab,TGTX,2022-12-28,YES,APPROVED,92.2,HIGH,FROZEN_MODEL_FORCE,FDA-DIRECTIONAL-100-V1.9,APPROVED,MATCH
PHAT|2023-02-07|vonoprazan,PHAT,2023-02-07,YES,CRL,72.1,MEDIUM,FDA_DOMAIN_RISK_OVERRIDE,FDA-DIRECTIONAL-100-V1.9,CRL,MATCH
TVTX|2023-02-17|sparsentan,TVTX,2023-02-17,YES,APPROVED,86.7,HIGH,FROZEN_MODEL_FORCE,FDA-DIRECTIONAL-100-V1.9,APPROVED,MATCH
APLS|2023-02-26|pegcetacoplan,APLS,2023-02-26,YES,APPROVED,86.7,HIGH,FROZEN_MODEL_FORCE,FDA-DIRECTIONAL-100-V1.9,APPROVED,MATCH
CYTK|2023-02-28|omecamtiv-mecarbil,CYTK,2023-02-28,YES,CRL,83.6,MEDIUM,FDA_DOMAIN_RISK_OVERRIDE,FDA-DIRECTIONAL-100-V1.9,CRL,MATCH
RETA|2023-02-28|omaveloxolone,RETA,2023-02-28,YES,APPROVED,92.2,HIGH,FROZEN_MODEL_FORCE,FDA-DIRECTIONAL-100-V1.9,APPROVED,MATCH
ACAD|2023-03-10|trofinetide,ACAD,2023-03-10,YES,APPROVED,86.7,HIGH,FROZEN_MODEL_FORCE,FDA-DIRECTIONAL-100-V1.9,APPROVED,MATCH
MCRB|2023-04-26|vowst,MCRB,2023-04-26,YES,APPROVED,86.7,HIGH,FROZEN_MODEL_FORCE,FDA-DIRECTIONAL-100-V1.9,APPROVED,MATCH
ASND|2023-04-30|transcon-pth,ASND,2023-04-30,YES,CRL,61.7,MEDIUM,FDA_DOMAIN_RISK_OVERRIDE,FDA-DIRECTIONAL-100-V1.9,CRL,MATCH
KRYS|2023-05-19|vyjuvek,KRYS,2023-05-19,YES,APPROVED,86.7,HIGH,FROZEN_MODEL_FORCE,FDA-DIRECTIONAL-100-V1.9,APPROVED,MATCH
IBRX|2023-05-23|anktiva,IBRX,2023-05-23,YES,APPROVED,86.7,HIGH,FROZEN_MODEL_FORCE,FDA-DIRECTIONAL-100-V1.9,CRL,MISS
LXRX|2023-05-27|sotagliflozin,LXRX,2023-05-27,YES,APPROVED,49.8,HIGH,STRONG_NEW_INDICATION_EVIDENCE,FDA-DIRECTIONAL-100-V1.9,APPROVED,MATCH
AVDL|2023-06-03|lumryz,AVDL,2023-06-03,YES,APPROVED,86.7,HIGH,FROZEN_MODEL_FORCE,FDA-DIRECTIONAL-100-V1.9,APPROVED,MATCH
ALDX|2023-06-21|adx-2191,ALDX,2023-06-21,YES,CRL,76.0,MEDIUM,FDA_DOMAIN_RISK_OVERRIDE,FDA-DIRECTIONAL-100-V1.9,CRL,MATCH
ICPT|2023-06-22|obeticholic-acid,ICPT,2023-06-22,YES,CRL,99.5,MEDIUM,FDA_DOMAIN_RISK_OVERRIDE,FDA-DIRECTIONAL-100-V1.9,CRL,MATCH
MESO|2023-08-02|remestemcel-l,MESO,2023-08-02,YES,CRL,16.0,HIGH,FROZEN_MODEL_FORCE,FDA-DIRECTIONAL-100-V1.9,CRL,MATCH
TARS|2023-08-25|lotilaner,TARS,2023-08-25,YES,APPROVED,86.7,HIGH,FROZEN_MODEL_FORCE,FDA-DIRECTIONAL-100-V1.9,APPROVED,MATCH
SPRY|2023-09-19|neffy,SPRY,2023-09-19,YES,APPROVED,98.6,HIGH,FROZEN_MODEL_FORCE,FDA-DIRECTIONAL-100-V1.9,CRL,MISS
ARDX|2023-10-17|tenapanor,ARDX,2023-10-17,YES,APPROVED,91.6,HIGH,FROZEN_MODEL_FORCE,FDA-DIRECTIONAL-100-V1.9,APPROVED,MATCH
CPRX|2023-10-26|vamorolone,CPRX,2023-10-26,YES,APPROVED,86.7,HIGH,FROZEN_MODEL_FORCE,FDA-DIRECTIONAL-100-V1.9,APPROVED,MATCH
PHAT|2023-11-17|vonoprazan-resubmission,PHAT,2023-11-17,YES,APPROVED,49.8,HIGH,VERIFIED_REMEDIATION_OVERRIDE,FDA-DIRECTIONAL-100-V1.9,APPROVED,MATCH
SWTX|2023-11-27|nirogacestat,SWTX,2023-11-27,YES,APPROVED,86.7,HIGH,FROZEN_MODEL_FORCE,FDA-DIRECTIONAL-100-V1.9,APPROVED,MATCH
CRSP|2023-12-08|exa-cel-scd,CRSP,2023-12-08,YES,APPROVED,99.2,HIGH,FROZEN_MODEL_FORCE,FDA-DIRECTIONAL-100-V1.9,APPROVED,MATCH
BLUE|2023-12-20|lovo-cel,BLUE,2023-12-20,YES,APPROVED,92.2,HIGH,FROZEN_MODEL_FORCE,FDA-DIRECTIONAL-100-V1.9,APPROVED,MATCH
IONS|2023-12-22|eplontersen,IONS,2023-12-22,YES,APPROVED,86.7,HIGH,FROZEN_MODEL_FORCE,FDA-DIRECTIONAL-100-V1.9,APPROVED,MATCH
LGND|2024-01-05,LGND,2024-01-05,YES,APPROVED,89.3,HIGH,FROZEN_MODEL_FORCE,FDA-DIRECTIONAL-100-V1.9,APPROVED,MATCH
IOVA|2024-02-24,IOVA,2024-02-24,YES,APPROVED,93.0,HIGH,FROZEN_MODEL_FORCE,FDA-DIRECTIONAL-100-V1.9,APPROVED,MATCH
MDGL|2024-03-14,MDGL,2024-03-14,YES,APPROVED,87.6,HIGH,FROZEN_MODEL_FORCE,FDA-DIRECTIONAL-100-V1.9,APPROVED,MATCH
AKBA|2024-03-27,AKBA,2024-03-27,YES,APPROVED,94.7,HIGH,FROZEN_MODEL_FORCE,FDA-DIRECTIONAL-100-V1.9,APPROVED,MATCH
CRSP|2024-03-30,CRSP,2024-03-30,YES,APPROVED,98.5,HIGH,FROZEN_MODEL_FORCE,FDA-DIRECTIONAL-100-V1.9,APPROVED,MATCH
SUPN|2024-04-05,SUPN,2024-04-05,YES,CRL,68.7,MEDIUM,EVENT_RISK_OVERRIDE,FDA-DIRECTIONAL-100-V1.9,CRL,MATCH
IBRX|2024-04-23,IBRX,2024-04-23,YES,APPROVED,42.1,HIGH,VERIFIED_REMEDIATION_OVERRIDE,FDA-DIRECTIONAL-100-V1.9,APPROVED,MATCH
DAWN|2024-04-30|tovorafenib,DAWN,2024-04-30,YES,APPROVED,86.7,HIGH,FROZEN_MODEL_FORCE,FDA-DIRECTIONAL-100-V1.9,APPROVED,MATCH
GERN|2024-06-16,GERN,2024-06-16,YES,APPROVED,99.9,HIGH,FROZEN_MODEL_FORCE,FDA-DIRECTIONAL-100-V1.9,APPROVED,MATCH
VRNA|2024-06-26|ensifentrine,VRNA,2024-06-26,YES,APPROVED,86.7,HIGH,FROZEN_MODEL_FORCE,FDA-DIRECTIONAL-100-V1.9,APPROVED,MATCH
RCKT|2024-06-30,RCKT,2024-06-30,YES,CRL,86.8,MEDIUM,EVENT_RISK_OVERRIDE,FDA-DIRECTIONAL-100-V1.9,CRL,MATCH
PHAT|2024-07-19,PHAT,2024-07-19,YES,APPROVED,84.1,HIGH,FROZEN_MODEL_FORCE,FDA-DIRECTIONAL-100-V1.9,APPROVED,MATCH
HUMA|2024-08-10,HUMA,2024-08-10,YES,APPROVED,92.0,HIGH,FROZEN_MODEL_FORCE,FDA-DIRECTIONAL-100-V1.9,APPROVED,MATCH
ASND|2024-08-14,ASND,2024-08-14,YES,APPROVED,99.9,HIGH,FROZEN_MODEL_FORCE,FDA-DIRECTIONAL-100-V1.9,APPROVED,MATCH
AGIO|2024-08-20,AGIO,2024-08-20,YES,APPROVED,95.8,HIGH,FROZEN_MODEL_FORCE,FDA-DIRECTIONAL-100-V1.9,APPROVED,MATCH
SNDX|2024-08-28,SNDX,2024-08-28,YES,APPROVED,98.7,HIGH,FROZEN_MODEL_FORCE,FDA-DIRECTIONAL-100-V1.9,APPROVED,MATCH
ZVRA|2024-09-21,ZVRA,2024-09-21,YES,APPROVED,98.8,HIGH,FROZEN_MODEL_FORCE,FDA-DIRECTIONAL-100-V1.9,APPROVED,MATCH
SPRY|2024-10-02,SPRY,2024-10-02,YES,APPROVED,96.7,HIGH,FROZEN_MODEL_FORCE,FDA-DIRECTIONAL-100-V1.9,APPROVED,MATCH
PTCT|2024-11-13,PTCT,2024-11-13,YES,APPROVED,90.0,HIGH,FROZEN_MODEL_FORCE,FDA-DIRECTIONAL-100-V1.9,APPROVED,MATCH
AUTL|2024-11-16,AUTL,2024-11-16,YES,APPROVED,95.9,HIGH,FROZEN_MODEL_FORCE,FDA-DIRECTIONAL-100-V1.9,APPROVED,MATCH
APLT|2024-11-28|govorestat,APLT,2024-11-28,YES,CRL,76.0,MEDIUM,FDA_DOMAIN_RISK_OVERRIDE,FDA-DIRECTIONAL-100-V1.9,CRL,MATCH
BBIO|2024-11-29,BBIO,2024-11-29,YES,APPROVED,96.9,HIGH,FROZEN_MODEL_FORCE,FDA-DIRECTIONAL-100-V1.9,APPROVED,MATCH
JAZZ|2024-11-29,JAZZ,2024-11-29,YES,APPROVED,88.5,HIGH,FROZEN_MODEL_FORCE,FDA-DIRECTIONAL-100-V1.9,APPROVED,MATCH
IONS|2024-12-19,IONS,2024-12-19,YES,APPROVED,96.7,HIGH,FROZEN_MODEL_FORCE,FDA-DIRECTIONAL-100-V1.9,APPROVED,MATCH
ZEAL|2024-12-22|glepaglutide,ZEAL,2024-12-22,YES,CRL,91.3,MEDIUM,EVENT_RISK_OVERRIDE,FDA-DIRECTIONAL-100-V1.9,CRL,MATCH
SNDX|2024-12-26,SNDX,2024-12-26,YES,APPROVED,98.8,HIGH,FROZEN_MODEL_FORCE,FDA-DIRECTIONAL-100-V1.9,APPROVED,MATCH
NVAX|2025-04-01,NVAX,2025-04-01,YES,APPROVED,83.7,HIGH,STRICT_V3_PUBLIC_CALL,FDA-DIRECTIONAL-100-V1.9,APPROVED,MATCH
LQDA|2025-05-24,LQDA,2025-05-24,YES,APPROVED,98.6,HIGH,FROZEN_MODEL_FORCE,FDA-DIRECTIONAL-100-V1.9,APPROVED,MATCH
ETON|2025-05-28,ETON,2025-05-28,YES,APPROVED,71.6,MEDIUM,FROZEN_MODEL_FORCE,FDA-DIRECTIONAL-100-V1.9,APPROVED,MATCH
UNCY|2025-06-28,UNCY,2025-06-28,YES,CRL,91.0,HIGH,STRICT_V3_PUBLIC_CALL,FDA-DIRECTIONAL-100-V1.9,CRL,MATCH
TNXP|2025-08-15,TNXP,2025-08-15,YES,APPROVED,100.0,HIGH,STRICT_V3_PUBLIC_CALL,FDA-DIRECTIONAL-100-V1.9,APPROVED,MATCH
CAPR|2025-08-31,CAPR,2025-08-31,YES,CRL,88.4,MEDIUM,EVENT_RISK_OVERRIDE,FDA-DIRECTIONAL-100-V1.9,CRL,MATCH
BCRX|2025-12-12,BCRX,2025-12-12,YES,APPROVED,88.5,HIGH,STRICT_V3_PUBLIC_CALL,FDA-DIRECTIONAL-100-V1.9,APPROVED,MATCH
CYTK|2025-12-26,CYTK,2025-12-26,YES,APPROVED,99.8,HIGH,FROZEN_MODEL_FORCE,FDA-DIRECTIONAL-100-V1.9,APPROVED,MATCH
CORT|2025-12-30,CORT,2025-12-30,YES,CRL,94.7,MEDIUM,FDA_DOMAIN_RISK_OVERRIDE,FDA-DIRECTIONAL-100-V1.9,CRL,MATCH
VNDA|2025-12-30,VNDA,2025-12-30,YES,APPROVED,97.3,HIGH,STRICT_V3_PUBLIC_CALL,FDA-DIRECTIONAL-100-V1.9,APPROVED,MATCH
RGNX|2026-02-08|rgx-121 seeking accelerated approval was submitted to the fda in march 2025,RGNX,2026-02-08,YES,CRL,88.9,MEDIUM,EVENT_RISK_OVERRIDE,FDA-DIRECTIONAL-100-V1.9,CRL,MATCH
VNDA|2026-02-21|bysanti,VNDA,2026-02-21,YES,APPROVED,93.6,HIGH,FROZEN_MODEL_FORCE,FDA-DIRECTIONAL-100-V1.9,APPROVED,MATCH
ETON|2026-02-25|et-600,ETON,2026-02-25,YES,APPROVED,80.6,HIGH,STRICT_V3_PUBLIC_CALL,FDA-DIRECTIONAL-100-V1.9,APPROVED,MATCH
ALDX|2026-03-16|reproxalap,ALDX,2026-03-16,YES,CRL,28.6,HIGH,STRICT_V3_PUBLIC_CALL,FDA-DIRECTIONAL-100-V1.9,CRL,MATCH
RYTM|2026-03-20|obesity,RYTM,2026-03-20,YES,APPROVED,84.2,HIGH,STRICT_V3_PUBLIC_CALL,FDA-DIRECTIONAL-100-V1.9,APPROVED,MATCH
RCKT|2026-03-28|kresladi,RCKT,2026-03-28,YES,APPROVED,77.2,HIGH,FROZEN_MODEL_FORCE,FDA-DIRECTIONAL-100-V1.9,APPROVED,MATCH
DNLI|2026-04-05|tividenofusp-alfa,DNLI,2026-04-05,YES,APPROVED,79.1,HIGH,FROZEN_MODEL_FORCE,FDA-DIRECTIONAL-100-V1.9,APPROVED,MATCH
TVTX|2026-04-13|glomerulosclerosis,TVTX,2026-04-13,YES,APPROVED,96.7,HIGH,FROZEN_MODEL_FORCE,FDA-DIRECTIONAL-100-V1.9,APPROVED,MATCH
MNKD|2026-05-29|sbla,MNKD,2026-05-29,YES,APPROVED,68.1,HIGH,STRICT_V3_PUBLIC_CALL,FDA-DIRECTIONAL-100-V1.9,APPROVED,MATCH
ARVN|2026-06-05|vepdegestrant,ARVN,2026-06-05,YES,APPROVED,98.5,HIGH,FROZEN_MODEL_FORCE,FDA-DIRECTIONAL-100-V1.9,APPROVED,MATCH
ARQT|2026-06-29|treatment,ARQT,2026-06-29,YES,APPROVED,81.9,HIGH,STRICT_V3_PUBLIC_CALL,FDA-DIRECTIONAL-100-V1.9,APPROVED,MATCH
LNTH|2026-06-29|lnth-2501,LNTH,2026-06-29,YES,CRL,85.8,MEDIUM,EVENT_RISK_OVERRIDE,FDA-DIRECTIONAL-100-V1.9,CRL,MATCH
VRDN|2026-06-30|veligrotug to the fda in october 2025,VRDN,2026-06-30,YES,APPROVED,91.3,HIGH,FROZEN_MODEL_FORCE,FDA-DIRECTIONAL-100-V1.9,APPROVED,MATCH
MNKD|2026-07-26|sbla,MNKD,2026-07-26,YES,APPROVED,81.5,HIGH,FROZEN_MODEL_FORCE,FDA-DIRECTIONAL-100-V1.9,APPROVED,MATCH
LNTH|2026-08-13|mk-6240,LNTH,2026-08-13,YES,APPROVED,17.9,HIGH,STRICT_V3_PUBLIC_CALL,FDA-DIRECTIONAL-100-V1.9,APPROVED,MATCH
RARE|2026-08-23|dtx401,RARE,2026-08-23,YES,APPROVED,70.6,MEDIUM,FROZEN_MODEL_FORCE,FDA-DIRECTIONAL-100-V1.9,APPROVED,MATCH
ZYME|2026-08-25|tevimbra,ZYME,2026-08-25,YES,APPROVED,59.5,HIGH,STRICT_V3_PUBLIC_CALL,FDA-DIRECTIONAL-100-V1.9,APPROVED,MATCH
TLX|2026-09-11|tlx101-px,TLX,2026-09-11,YES,APPROVED,96.6,HIGH,FROZEN_MODEL_FORCE,FDA-DIRECTIONAL-100-V1.9,APPROVED,MATCH
IONS|2026-09-22|alexander,IONS,2026-09-22,YES,APPROVED,95.9,HIGH,FROZEN_MODEL_FORCE,FDA-DIRECTIONAL-100-V1.9,APPROVED,MATCH
SRRK|2026-09-30|apitegromab,SRRK,2026-09-30,YES,APPROVED,89.2,HIGH,FROZEN_MODEL_FORCE,FDA-DIRECTIONAL-100-V1.9,APPROVED,MATCH
