event_key,ticker,pdufa_date,actual_outcome,validation_period,independence_status,v3_backfill_priority,diagnostic_miss_class,public_evidence_note,internal_direction_note
EPZM|2020-01-23|tazemetostat,EPZM,2020-01-23,APPROVED,2020_RETRO_PREDECISION_FROZEN_MODEL,RETROSPECTIVE_DEVELOPMENT_NOT_BLIND,P5_REMAINING_HISTORY,,2020 reconstruction uses public pre-decision FDA/SEC/issuer evidence; historical vendor probabilities intentionally left blank.,Tazverik/tazemetostat NDA; efficacy and regulatory acceptance public before action. Frozen 8-feature model applied without refit; source-count/text-depth held at frozen training means.
AIMT|2020-01-31|palforzia,AIMT,2020-01-31,APPROVED,2020_RETRO_PREDECISION_FROZEN_MODEL,RETROSPECTIVE_DEVELOPMENT_NOT_BLIND,P5_REMAINING_HISTORY,,2020 reconstruction uses public pre-decision FDA/SEC/issuer evidence; historical vendor probabilities intentionally left blank.,Positive peanut-allergy efficacy plus known anaphylaxis safety burden and advisory review. Frozen 8-feature model applied without refit; source-count/text-depth held at frozen training means.
ESPR|2020-02-21|bempedoic-acid,ESPR,2020-02-21,APPROVED,2020_RETRO_PREDECISION_FROZEN_MODEL,RETROSPECTIVE_DEVELOPMENT_NOT_BLIND,P5_REMAINING_HISTORY,,2020 reconstruction uses public pre-decision FDA/SEC/issuer evidence; historical vendor probabilities intentionally left blank.,CLEAR program efficacy and accepted NDA were public before decision. Frozen 8-feature model applied without refit; source-count/text-depth held at frozen training means.
ESPR|2020-02-26|bempedoic-acid-ezetimibe,ESPR,2020-02-26,APPROVED,2020_RETRO_PREDECISION_FROZEN_MODEL,RETROSPECTIVE_DEVELOPMENT_NOT_BLIND,P5_REMAINING_HISTORY,,2020 reconstruction uses public pre-decision FDA/SEC/issuer evidence; historical vendor probabilities intentionally left blank.,Combination LDL-lowering efficacy and accepted NDA were public before decision. Frozen 8-feature model applied without refit; source-count/text-depth held at frozen training means.
VIE|2020-06-11|inebilizumab,VIE,2020-06-11,APPROVED,2020_RETRO_PREDECISION_FROZEN_MODEL,RETROSPECTIVE_DEVELOPMENT_NOT_BLIND,P5_REMAINING_HISTORY,,2020 reconstruction uses public pre-decision FDA/SEC/issuer evidence; historical vendor probabilities intentionally left blank.,N-MOmentum efficacy and BLA review were public before approval. Frozen 8-feature model applied without refit; source-count/text-depth held at frozen training means.
ZGNX|2020-06-25|fenfluramine,ZGNX,2020-06-25,APPROVED,2020_RETRO_PREDECISION_FROZEN_MODEL,RETROSPECTIVE_DEVELOPMENT_NOT_BLIND,P5_REMAINING_HISTORY,,2020 reconstruction uses public pre-decision FDA/SEC/issuer evidence; historical vendor probabilities intentionally left blank.,Dravet efficacy was strong; cardiovascular monitoring/safety history was public. Frozen 8-feature model applied without refit; source-count/text-depth held at frozen training means.
RARE|2020-06-30|triheptanoin,RARE,2020-06-30,APPROVED,2020_RETRO_PREDECISION_FROZEN_MODEL,RETROSPECTIVE_DEVELOPMENT_NOT_BLIND,P5_REMAINING_HISTORY,,2020 reconstruction uses public pre-decision FDA/SEC/issuer evidence; historical vendor probabilities intentionally left blank.,Long-chain fatty-acid oxidation disorder evidence and priority review were public pre-decision. Frozen 8-feature model applied without refit; source-count/text-depth held at frozen training means.
SUPN|2020-11-08|viloxazine,SUPN,2020-11-08,CRL,2020_RETRO_PREDECISION_FROZEN_MODEL,RETROSPECTIVE_DEVELOPMENT_NOT_BLIND,P2_LEGACY_MISS,CMC_INSPECTION,2020 reconstruction uses public pre-decision FDA/SEC/issuer evidence; historical vendor probabilities intentionally left blank.,Positive pediatric ADHD Phase 3 program; later inspection deficiency was not backfilled. Frozen 8-feature model applied without refit; source-count/text-depth held at frozen training means.
ALKS|2020-11-15|olanzapine-samidorphan,ALKS,2020-11-15,CRL,2020_RETRO_PREDECISION_FROZEN_MODEL,RETROSPECTIVE_DEVELOPMENT_NOT_BLIND,P2_LEGACY_MISS,CMC_INSPECTION,2020 reconstruction uses public pre-decision FDA/SEC/issuer evidence; historical vendor probabilities intentionally left blank.,Positive efficacy/metabolic evidence; later manufacturing deficiency not known from public pre-decision record. Frozen 8-feature model applied without refit; source-count/text-depth held at frozen training means.
EIGR|2020-11-20|lonafarnib,EIGR,2020-11-20,APPROVED,2020_RETRO_PREDECISION_FROZEN_MODEL,RETROSPECTIVE_DEVELOPMENT_NOT_BLIND,P5_REMAINING_HISTORY,,2020 reconstruction uses public pre-decision FDA/SEC/issuer evidence; historical vendor probabilities intentionally left blank.,Progeria survival evidence and Priority Review were public before approval. Frozen 8-feature model applied without refit; source-count/text-depth held at frozen training means.
RYTM|2020-11-27|setmelanotide,RYTM,2020-11-27,APPROVED,2020_RETRO_PREDECISION_FROZEN_MODEL,RETROSPECTIVE_DEVELOPMENT_NOT_BLIND,P5_REMAINING_HISTORY,,2020 reconstruction uses public pre-decision FDA/SEC/issuer evidence; historical vendor probabilities intentionally left blank.,Rare-obesity pivotal efficacy and regulatory designations were public. Frozen 8-feature model applied without refit; source-count/text-depth held at frozen training means.
YMAB|2020-11-30|naxitamab,YMAB,2020-11-30,APPROVED,2020_RETRO_PREDECISION_FROZEN_MODEL,RETROSPECTIVE_DEVELOPMENT_NOT_BLIND,P5_REMAINING_HISTORY,,2020 reconstruction uses public pre-decision FDA/SEC/issuer evidence; historical vendor probabilities intentionally left blank.,Neuroblastoma response evidence plus known safety burden were public before early approval. Frozen 8-feature model applied without refit; source-count/text-depth held at frozen training means.
VNDA|2020-12-01|tasimelteon-sms,VNDA,2020-12-01,APPROVED,2020_RETRO_PREDECISION_FROZEN_MODEL,RETROSPECTIVE_DEVELOPMENT_NOT_BLIND,P5_REMAINING_HISTORY,,2020 reconstruction uses public pre-decision FDA/SEC/issuer evidence; historical vendor probabilities intentionally left blank.,Smith-Magenis sleep-disorder evidence and sNDA review were public. Frozen 8-feature model applied without refit; source-count/text-depth held at frozen training means.
BCRX|2020-12-03|berotralstat,BCRX,2020-12-03,APPROVED,2020_RETRO_PREDECISION_FROZEN_MODEL,RETROSPECTIVE_DEVELOPMENT_NOT_BLIND,P5_REMAINING_HISTORY,,2020 reconstruction uses public pre-decision FDA/SEC/issuer evidence; historical vendor probabilities intentionally left blank.,APeX-2 prophylaxis efficacy and accepted NDA were public. Frozen 8-feature model applied without refit; source-count/text-depth held at frozen training means.
KPTI|2020-12-18|selinexor-mm,KPTI,2020-12-18,APPROVED,2020_RETRO_PREDECISION_FROZEN_MODEL,RETROSPECTIVE_DEVELOPMENT_NOT_BLIND,P5_REMAINING_HISTORY,,2020 reconstruction uses public pre-decision FDA/SEC/issuer evidence; historical vendor probabilities intentionally left blank.,Myeloma efficacy and known tolerability burden were public. Frozen 8-feature model applied without refit; source-count/text-depth held at frozen training means.
MGNX|2020-12-18|margetuximab,MGNX,2020-12-18,APPROVED,2020_RETRO_PREDECISION_FROZEN_MODEL,RETROSPECTIVE_DEVELOPMENT_NOT_BLIND,P5_REMAINING_HISTORY,,2020 reconstruction uses public pre-decision FDA/SEC/issuer evidence; historical vendor probabilities intentionally left blank.,SOPHIA efficacy and safety profile were public before early approval. Frozen 8-feature model applied without refit; source-count/text-depth held at frozen training means.
MYOV|2020-12-20|relugolix,MYOV,2020-12-20,APPROVED,2020_RETRO_PREDECISION_FROZEN_MODEL,RETROSPECTIVE_DEVELOPMENT_NOT_BLIND,P5_REMAINING_HISTORY,,2020 reconstruction uses public pre-decision FDA/SEC/issuer evidence; historical vendor probabilities intentionally left blank.,HERO efficacy and oral GnRH regulatory package were public before early approval. Frozen 8-feature model applied without refit; source-count/text-depth held at frozen training means.
AUPH|2021-01-22|voclosporin,AUPH,2021-01-22,APPROVED,2021_RETRO_PREDECISION_FROZEN_MODEL,RETROSPECTIVE_DEVELOPMENT_NOT_BLIND,P5_REMAINING_HISTORY,,2021 reconstruction uses public pre-decision FDA/SEC/issuer evidence; historical vendor probabilities intentionally left blank.,AURORA efficacy and Priority Review were public pre-decision. Frozen 8-feature model applied without refit; source-count/text-depth held at frozen training means.
GTHX|2021-02-15|trilaciclib,GTHX,2021-02-15,APPROVED,2021_RETRO_PREDECISION_FROZEN_MODEL,RETROSPECTIVE_DEVELOPMENT_NOT_BLIND,P5_REMAINING_HISTORY,,2021 reconstruction uses public pre-decision FDA/SEC/issuer evidence; historical vendor probabilities intentionally left blank.,Myelopreservation efficacy and Priority Review were public. Frozen 8-feature model applied without refit; source-count/text-depth held at frozen training means.
TGTX|2021-02-15|umbralisib,TGTX,2021-02-15,APPROVED,2021_RETRO_PREDECISION_FROZEN_MODEL,RETROSPECTIVE_DEVELOPMENT_NOT_BLIND,P5_REMAINING_HISTORY,,2021 reconstruction uses public pre-decision FDA/SEC/issuer evidence; historical vendor probabilities intentionally left blank.,UNITY-NHL efficacy and known PI3K safety burden were public. Frozen 8-feature model applied without refit; source-count/text-depth held at frozen training means.
ATNX|2021-03-01|oral-paclitaxel,ATNX,2021-03-01,CRL,2021_RETRO_PREDECISION_FROZEN_MODEL,RETROSPECTIVE_DEVELOPMENT_NOT_BLIND,P2_LEGACY_MISS,EFFICACY_STATISTICS,2021 reconstruction uses public pre-decision FDA/SEC/issuer evidence; historical vendor probabilities intentionally left blank.,Efficacy signal coexisted with meaningful safety/benefit-risk concerns. Frozen 8-feature model applied without refit; source-count/text-depth held at frozen training means.
BLUE|2021-03-27|idecabtagene-vicleucel,BLUE,2021-03-27,APPROVED,2021_RETRO_PREDECISION_FROZEN_MODEL,RETROSPECTIVE_DEVELOPMENT_NOT_BLIND,P5_REMAINING_HISTORY,,2021 reconstruction uses public pre-decision FDA/SEC/issuer evidence; historical vendor probabilities intentionally left blank.,"KarMMa efficacy, safety profile and advisory/regulatory context were public. Frozen 8-feature model applied without refit; source-count/text-depth held at frozen training means."
SUPN|2021-04-02|viloxazine-resubmission,SUPN,2021-04-02,APPROVED,2021_RETRO_PREDECISION_FROZEN_MODEL,RETROSPECTIVE_DEVELOPMENT_NOT_BLIND,P2_LEGACY_MISS,RESUBMISSION_REMEDIATION,2021 reconstruction uses public pre-decision FDA/SEC/issuer evidence; historical vendor probabilities intentionally left blank.,Successful resubmission after 2020 CRL with public remediation and Phase 3 evidence. Frozen 8-feature model applied without refit; source-count/text-depth held at frozen training means.
APLS|2021-05-14|pegcetacoplan,APLS,2021-05-14,APPROVED,2021_RETRO_PREDECISION_FROZEN_MODEL,RETROSPECTIVE_DEVELOPMENT_NOT_BLIND,P5_REMAINING_HISTORY,,2021 reconstruction uses public pre-decision FDA/SEC/issuer evidence; historical vendor probabilities intentionally left blank.,PEGASUS/PRINCE benefit and priority regulatory review were public. Frozen 8-feature model applied without refit; source-count/text-depth held at frozen training means.
ADCT|2021-05-21|loncastuximab-tesirine,ADCT,2021-05-21,APPROVED,2021_RETRO_PREDECISION_FROZEN_MODEL,RETROSPECTIVE_DEVELOPMENT_NOT_BLIND,P5_REMAINING_HISTORY,,2021 reconstruction uses public pre-decision FDA/SEC/issuer evidence; historical vendor probabilities intentionally left blank.,LOTIS-2 response data and toxicity profile were public before early approval. Frozen 8-feature model applied without refit; source-count/text-depth held at frozen training means.
LNTH|2021-05-28|piflufolastat-f18,LNTH,2021-05-28,APPROVED,2021_RETRO_PREDECISION_FROZEN_MODEL,RETROSPECTIVE_DEVELOPMENT_NOT_BLIND,P5_REMAINING_HISTORY,,2021 reconstruction uses public pre-decision FDA/SEC/issuer evidence; historical vendor probabilities intentionally left blank.,Diagnostic performance evidence and NDA review were public. Frozen 8-feature model applied without refit; source-count/text-depth held at frozen training means.
ORPH|2021-06-17|arimoclomol,ORPH,2021-06-17,CRL,2021_RETRO_PREDECISION_FROZEN_MODEL,RETROSPECTIVE_DEVELOPMENT_NOT_BLIND,P2_LEGACY_MISS,EFFICACY_STATISTICS,2021 reconstruction uses public pre-decision FDA/SEC/issuer evidence; historical vendor probabilities intentionally left blank.,Confirmatory-efficacy uncertainty was public; pre-action market cap was about $560M before the CRL selloff. Frozen 8-feature model applied without refit; source-count/text-depth held at frozen training means.
PRVB|2021-07-02|teplizumab,PRVB,2021-07-02,CRL,2021_RETRO_PREDECISION_FROZEN_MODEL,RETROSPECTIVE_DEVELOPMENT_NOT_BLIND,P2_LEGACY_MISS,OTHER_UNCLEAR,2021 reconstruction uses public pre-decision FDA/SEC/issuer evidence; historical vendor probabilities intentionally left blank.,Positive prevention study and favorable advisory vote coexisted with known PK/product comparability issues. Frozen 8-feature model applied without refit; source-count/text-depth held at frozen training means.
ALBO|2021-07-20|odevixibat,ALBO,2021-07-20,APPROVED,2021_RETRO_PREDECISION_FROZEN_MODEL,RETROSPECTIVE_DEVELOPMENT_NOT_BLIND,P5_REMAINING_HISTORY,,2021 reconstruction uses public pre-decision FDA/SEC/issuer evidence; historical vendor probabilities intentionally left blank.,PEDFIC efficacy and Priority Review were public. Frozen 8-feature model applied without refit; source-count/text-depth held at frozen training means.
ARDX|2021-07-29|tenapanor,ARDX,2021-07-29,CRL,2021_RETRO_PREDECISION_FROZEN_MODEL,RETROSPECTIVE_DEVELOPMENT_NOT_BLIND,P2_LEGACY_MISS,OTHER_UNCLEAR,2021 reconstruction uses public pre-decision FDA/SEC/issuer evidence; historical vendor probabilities intentionally left blank.,Positive phosphate-lowering trials were public; later clinical-relevance deficiency was not backfilled. Frozen 8-feature model applied without refit; source-count/text-depth held at frozen training means.
SPPI|2021-08-06|eflapegrastim,SPPI,2021-08-06,CRL,2021_RETRO_PREDECISION_FROZEN_MODEL,RETROSPECTIVE_DEVELOPMENT_NOT_BLIND,P2_LEGACY_MISS,CMC_INSPECTION,2021 reconstruction uses public pre-decision FDA/SEC/issuer evidence; historical vendor probabilities intentionally left blank.,Positive efficacy with manufacturing/inspection dependence during the COVID-era review. Frozen 8-feature model applied without refit; source-count/text-depth held at frozen training means.
SESN|2021-08-18|vicineum,SESN,2021-08-18,CRL,2021_RETRO_PREDECISION_FROZEN_MODEL,RETROSPECTIVE_DEVELOPMENT_NOT_BLIND,P2_LEGACY_MISS,OTHER_UNCLEAR,2021 reconstruction uses public pre-decision FDA/SEC/issuer evidence; historical vendor probabilities intentionally left blank.,Single-arm bladder-cancer response evidence and accepted BLA were public. Frozen 8-feature model applied without refit; source-count/text-depth held at frozen training means.
CARA|2021-08-23|difelikefalin,CARA,2021-08-23,APPROVED,2021_RETRO_PREDECISION_FROZEN_MODEL,RETROSPECTIVE_DEVELOPMENT_NOT_BLIND,P5_REMAINING_HISTORY,,2021 reconstruction uses public pre-decision FDA/SEC/issuer evidence; historical vendor probabilities intentionally left blank.,KALM efficacy and accepted NDA were public. Frozen 8-feature model applied without refit; source-count/text-depth held at frozen training means.
ASND|2021-09-25|lonapegsomatropin,ASND,2021-09-25,APPROVED,2021_RETRO_PREDECISION_FROZEN_MODEL,RETROSPECTIVE_DEVELOPMENT_NOT_BLIND,P5_REMAINING_HISTORY,,2021 reconstruction uses public pre-decision FDA/SEC/issuer evidence; historical vendor probabilities intentionally left blank.,heiGHt/foresGHt evidence and extended review were public before early approval. Frozen 8-feature model applied without refit; source-count/text-depth held at frozen training means.
MIRM|2021-09-29|maralixibat,MIRM,2021-09-29,APPROVED,2021_RETRO_PREDECISION_FROZEN_MODEL,RETROSPECTIVE_DEVELOPMENT_NOT_BLIND,P5_REMAINING_HISTORY,,2021 reconstruction uses public pre-decision FDA/SEC/issuer evidence; historical vendor probabilities intentionally left blank.,ICONIC efficacy and Priority Review were public. Frozen 8-feature model applied without refit; source-count/text-depth held at frozen training means.
CCXI|2021-10-07|avacopan,CCXI,2021-10-07,APPROVED,2021_RETRO_PREDECISION_FROZEN_MODEL,RETROSPECTIVE_DEVELOPMENT_NOT_BLIND,P5_REMAINING_HISTORY,,2021 reconstruction uses public pre-decision FDA/SEC/issuer evidence; historical vendor probabilities intentionally left blank.,ADVOCATE efficacy plus known safety/advisory scrutiny were public. Frozen 8-feature model applied without refit; source-count/text-depth held at frozen training means.
RVNC|2021-10-15|daxibotulinumtoxina,RVNC,2021-10-15,CRL,2021_RETRO_PREDECISION_FROZEN_MODEL,RETROSPECTIVE_DEVELOPMENT_NOT_BLIND,P2_LEGACY_MISS,CMC_INSPECTION,2021 reconstruction uses public pre-decision FDA/SEC/issuer evidence; historical vendor probabilities intentionally left blank.,Positive SAKURA efficacy; manufacturing-inspection deficiency was not outcome-backfilled. Frozen 8-feature model applied without refit; source-count/text-depth held at frozen training means.
UTHR|2021-10-16|tyvaso-dpi,UTHR,2021-10-16,CRL,2021_RETRO_PREDECISION_FROZEN_MODEL,RETROSPECTIVE_DEVELOPMENT_NOT_BLIND,P2_LEGACY_MISS,CMC_INSPECTION,2021 reconstruction uses public pre-decision FDA/SEC/issuer evidence; historical vendor probabilities intentionally left blank.,FDA review was explicitly dependent on facility inspection; historical cap was about $8.4B. Frozen 8-feature model applied without refit; source-count/text-depth held at frozen training means.
OMER|2021-10-17|narsoplimab,OMER,2021-10-17,CRL,2021_RETRO_PREDECISION_FROZEN_MODEL,RETROSPECTIVE_DEVELOPMENT_NOT_BLIND,P2_LEGACY_MISS,OTHER_UNCLEAR,2021 reconstruction uses public pre-decision FDA/SEC/issuer evidence; historical vendor probabilities intentionally left blank.,FDA publicly identified deficiencies before the Oct. 17 PDUFA date; cap remained above $300M. Frozen 8-feature model applied without refit; source-count/text-depth held at frozen training means.
IMCR|2022-01-26|tebentafusp,IMCR,2022-01-26,APPROVED,2022_RETRO_PREDECISION_FROZEN_MODEL,RETROSPECTIVE_DEVELOPMENT_NOT_BLIND,P5_REMAINING_HISTORY,,2022 reconstruction uses public pre-decision FDA/SEC/issuer evidence; historical vendor probabilities intentionally left blank.,Phase 3 overall-survival benefit and Priority Review were public. Frozen 8-feature model applied without refit; source-count/text-depth held at frozen training means.
OPK|2022-01-31|somatrogon,OPK,2022-01-31,CRL,2022_RETRO_PREDECISION_FROZEN_MODEL,RETROSPECTIVE_DEVELOPMENT_NOT_BLIND,P2_LEGACY_MISS,EFFICACY_STATISTICS,2022 reconstruction uses public pre-decision FDA/SEC/issuer evidence; historical vendor probabilities intentionally left blank.,Growth-hormone efficacy package and accepted BLA were public; later deficiency not backfilled. Frozen 8-feature model applied without refit; source-count/text-depth held at frozen training means.
AGIO|2022-02-17|mitapivat,AGIO,2022-02-17,APPROVED,2022_RETRO_PREDECISION_FROZEN_MODEL,RETROSPECTIVE_DEVELOPMENT_NOT_BLIND,P5_REMAINING_HISTORY,,2022 reconstruction uses public pre-decision FDA/SEC/issuer evidence; historical vendor probabilities intentionally left blank.,ACTIVATE/ACTIVATE-T efficacy and regulatory review were public. Frozen 8-feature model applied without refit; source-count/text-depth held at frozen training means.
RETA|2022-02-25|bardoxolone,RETA,2022-02-25,CRL,2022_RETRO_PREDECISION_FROZEN_MODEL,RETROSPECTIVE_DEVELOPMENT_NOT_BLIND,P2_LEGACY_MISS,SAFETY_BENEFIT_RISK,2022 reconstruction uses public pre-decision FDA/SEC/issuer evidence; historical vendor probabilities intentionally left blank.,Substantial benefit-risk/effectiveness concerns and negative advisory context were public. Frozen 8-feature model applied without refit; source-count/text-depth held at frozen training means.
AMYT|2022-02-28|filsuvez,AMYT,2022-02-28,CRL,2022_RETRO_PREDECISION_FROZEN_MODEL,RETROSPECTIVE_DEVELOPMENT_NOT_BLIND,P2_LEGACY_MISS,EFFICACY_STATISTICS,2022 reconstruction uses public pre-decision FDA/SEC/issuer evidence; historical vendor probabilities intentionally left blank.,EASE primary-endpoint evidence was public; later FDA clinical deficiency was not outcome-backfilled. Frozen 8-feature model applied without refit; source-count/text-depth held at frozen training means.
CTIC|2022-02-28|pacritinib,CTIC,2022-02-28,APPROVED,2022_RETRO_PREDECISION_FROZEN_MODEL,RETROSPECTIVE_DEVELOPMENT_NOT_BLIND,P5_REMAINING_HISTORY,,2022 reconstruction uses public pre-decision FDA/SEC/issuer evidence; historical vendor probabilities intentionally left blank.,Positive PERSIST/PAC203 evidence with known prior regulatory history and safety considerations. Frozen 8-feature model applied without refit; source-count/text-depth held at frozen training means.
LEGN|2022-02-28|ciltacabtagene-autoleucel,LEGN,2022-02-28,APPROVED,2022_RETRO_PREDECISION_FROZEN_MODEL,RETROSPECTIVE_DEVELOPMENT_NOT_BLIND,P5_REMAINING_HISTORY,,2022 reconstruction uses public pre-decision FDA/SEC/issuer evidence; historical vendor probabilities intentionally left blank.,CARTITUDE-1 response depth and CAR-T safety profile were public. Frozen 8-feature model applied without refit; source-count/text-depth held at frozen training means.
MRNS|2022-03-20|ganaxolone,MRNS,2022-03-20,APPROVED,2022_RETRO_PREDECISION_FROZEN_MODEL,RETROSPECTIVE_DEVELOPMENT_NOT_BLIND,P5_REMAINING_HISTORY,,2022 reconstruction uses public pre-decision FDA/SEC/issuer evidence; historical vendor probabilities intentionally left blank.,Marigold Phase 3 efficacy and accepted NDA were public. Frozen 8-feature model applied without refit; source-count/text-depth held at frozen training means.
AKBA|2022-03-29|vadadustat,AKBA,2022-03-29,CRL,2022_RETRO_PREDECISION_FROZEN_MODEL,RETROSPECTIVE_DEVELOPMENT_NOT_BLIND,P2_LEGACY_MISS,EFFICACY_STATISTICS,2022 reconstruction uses public pre-decision FDA/SEC/issuer evidence; historical vendor probabilities intentionally left blank.,Hematologic efficacy coexisted with publicly known cardiovascular safety uncertainty. Frozen 8-feature model applied without refit; source-count/text-depth held at frozen training means.
BTAI|2022-04-05|dexmedetomidine-film,BTAI,2022-04-05,APPROVED,2022_RETRO_PREDECISION_FROZEN_MODEL,RETROSPECTIVE_DEVELOPMENT_NOT_BLIND,P5_REMAINING_HISTORY,,2022 reconstruction uses public pre-decision FDA/SEC/issuer evidence; historical vendor probabilities intentionally left blank.,SERENITY agitation-trial efficacy and NDA review were public. Frozen 8-feature model applied without refit; source-count/text-depth held at frozen training means.
CHRS|2022-04-30|toripalimab,CHRS,2022-04-30,CRL,2022_RETRO_PREDECISION_FROZEN_MODEL,RETROSPECTIVE_DEVELOPMENT_NOT_BLIND,P2_LEGACY_MISS,CMC_INSPECTION,2022 reconstruction uses public pre-decision FDA/SEC/issuer evidence; historical vendor probabilities intentionally left blank.,Positive oncology efficacy with publicly visible inspection/manufacturing dependence during China travel restrictions. Frozen 8-feature model applied without refit; source-count/text-depth held at frozen training means.
HCM|2022-04-30|surufatinib,HCM,2022-04-30,CRL,2022_RETRO_PREDECISION_FROZEN_MODEL,RETROSPECTIVE_DEVELOPMENT_NOT_BLIND,P2_LEGACY_MISS,EFFICACY_STATISTICS,2022 reconstruction uses public pre-decision FDA/SEC/issuer evidence; historical vendor probabilities intentionally left blank.,Positive China trials coexisted with generalizability/benefit-risk concerns before FDA action. Frozen 8-feature model applied without refit; source-count/text-depth held at frozen training means.
ARQT|2022-07-29|roflumilast-cream,ARQT,2022-07-29,APPROVED,2022_RETRO_PREDECISION_FROZEN_MODEL,RETROSPECTIVE_DEVELOPMENT_NOT_BLIND,P5_REMAINING_HISTORY,,2022 reconstruction uses public pre-decision FDA/SEC/issuer evidence; historical vendor probabilities intentionally left blank.,DERMIS-1/2 efficacy and accepted NDA were public. Frozen 8-feature model applied without refit; source-count/text-depth held at frozen training means.
CRMD|2022-08-04|defencath-resubmission,CRMD,2022-08-04,CRL,2022_RETRO_PREDECISION_FROZEN_MODEL,RETROSPECTIVE_DEVELOPMENT_NOT_BLIND,P5_REMAINING_HISTORY,,2022 reconstruction uses public pre-decision FDA/SEC/issuer evidence; historical vendor probabilities intentionally left blank.,Resubmission after prior CRL with unresolved product-quality/manufacturing risk; event-period cap about $309M. Frozen 8-feature model applied without refit; source-count/text-depth held at frozen training means.
BLUE|2022-08-19|betibeglogene-autotemcel,BLUE,2022-08-19,APPROVED,2022_RETRO_PREDECISION_FROZEN_MODEL,RETROSPECTIVE_DEVELOPMENT_NOT_BLIND,P5_REMAINING_HISTORY,,2022 reconstruction uses public pre-decision FDA/SEC/issuer evidence; historical vendor probabilities intentionally left blank.,"Gene-therapy efficacy, long-term malignancy risk and favorable advisory review were public. Frozen 8-feature model applied without refit; source-count/text-depth held at frozen training means."
AXSM|2022-08-22|dextromethorphan-bupropion,AXSM,2022-08-22,APPROVED,2022_RETRO_PREDECISION_FROZEN_MODEL,RETROSPECTIVE_DEVELOPMENT_NOT_BLIND,P5_REMAINING_HISTORY,,2022 reconstruction uses public pre-decision FDA/SEC/issuer evidence; historical vendor probabilities intentionally left blank.,GEMINI/ASCEND efficacy and completed NDA review were public before early approval. Frozen 8-feature model applied without refit; source-count/text-depth held at frozen training means.
RVNC|2022-09-08|daxibotulinumtoxina-resubmission,RVNC,2022-09-08,APPROVED,2022_RETRO_PREDECISION_FROZEN_MODEL,RETROSPECTIVE_DEVELOPMENT_NOT_BLIND,P2_LEGACY_MISS,CMC_INSPECTION,2022 reconstruction uses public pre-decision FDA/SEC/issuer evidence; historical vendor probabilities intentionally left blank.,Class 2 resubmission after manufacturing CRL with public remediation and reinspection. Frozen 8-feature model applied without refit; source-count/text-depth held at frozen training means.
BLUE|2022-09-16|elivaldogene-autotemcel,BLUE,2022-09-16,APPROVED,2022_RETRO_PREDECISION_FROZEN_MODEL,RETROSPECTIVE_DEVELOPMENT_NOT_BLIND,P5_REMAINING_HISTORY,,2022 reconstruction uses public pre-decision FDA/SEC/issuer evidence; historical vendor probabilities intentionally left blank.,Cerebral ALD efficacy and serious gene-therapy safety risks were public. Frozen 8-feature model applied without refit; source-count/text-depth held at frozen training means.
AMLX|2022-09-29|sodium-phenylbutyrate-taurursodiol,AMLX,2022-09-29,APPROVED,2022_RETRO_PREDECISION_FROZEN_MODEL,RETROSPECTIVE_DEVELOPMENT_NOT_BLIND,P5_REMAINING_HISTORY,,2022 reconstruction uses public pre-decision FDA/SEC/issuer evidence; historical vendor probabilities intentionally left blank.,CENTAUR evidence and highly scrutinized advisory/regulatory record were public. Frozen 8-feature model applied without refit; source-count/text-depth held at frozen training means.
PRVB|2022-11-17|teplizumab-resubmission,PRVB,2022-11-17,APPROVED,2022_RETRO_PREDECISION_FROZEN_MODEL,RETROSPECTIVE_DEVELOPMENT_NOT_BLIND,P5_REMAINING_HISTORY,,2022 reconstruction uses public pre-decision FDA/SEC/issuer evidence; historical vendor probabilities intentionally left blank.,"Resubmission after 2021 CRL with public clinical benefit, advisory history and remediation. Frozen 8-feature model applied without refit; source-count/text-depth held at frozen training means."
MRTX|2022-12-14|adagrasib,MRTX,2022-12-14,APPROVED,2022_RETRO_PREDECISION_FROZEN_MODEL,RETROSPECTIVE_DEVELOPMENT_NOT_BLIND,P5_REMAINING_HISTORY,,2022 reconstruction uses public pre-decision FDA/SEC/issuer evidence; historical vendor probabilities intentionally left blank.,KRYSTAL-1 response evidence and known safety profile were public before early approval. Frozen 8-feature model applied without refit; source-count/text-depth held at frozen training means.
TGTX|2022-12-28|ublituximab,TGTX,2022-12-28,APPROVED,2022_RETRO_PREDECISION_FROZEN_MODEL,RETROSPECTIVE_DEVELOPMENT_NOT_BLIND,P5_REMAINING_HISTORY,,2022 reconstruction uses public pre-decision FDA/SEC/issuer evidence; historical vendor probabilities intentionally left blank.,ULTIMATE I/II MS efficacy and known anti-CD20 safety considerations were public. Frozen 8-feature model applied without refit; source-count/text-depth held at frozen training means.
PHAT|2023-02-07|vonoprazan,PHAT,2023-02-07,CRL,2023_RETRO_PREDECISION_FROZEN_MODEL,RETROSPECTIVE_TUNING_NOT_BLIND,P2_LEGACY_MISS,CMC_INSPECTION,2023 reconstruction uses public pre-decision FDA/SEC/issuer evidence; separate historical public/vendor probabilities intentionally left blank.,Nitrosamine/product-quality issue was a known regulatory/CMC risk before the February action. Frozen 8-feature model applied without refit; source-count/text-depth inputs held at frozen training means.
TVTX|2023-02-17|sparsentan,TVTX,2023-02-17,APPROVED,2023_RETRO_PREDECISION_FROZEN_MODEL,RETROSPECTIVE_TUNING_NOT_BLIND,P4_2023_TUNING,,2023 reconstruction uses public pre-decision FDA/SEC/issuer evidence; separate historical public/vendor probabilities intentionally left blank.,Phase 3 PROTECT proteinuria benefit and accelerated-approval pathway were public pre-decision. Frozen 8-feature model applied without refit; source-count/text-depth inputs held at frozen training means.
APLS|2023-02-26|pegcetacoplan,APLS,2023-02-26,APPROVED,2023_RETRO_PREDECISION_FROZEN_MODEL,RETROSPECTIVE_TUNING_NOT_BLIND,P4_2023_TUNING,,2023 reconstruction uses public pre-decision FDA/SEC/issuer evidence; separate historical public/vendor probabilities intentionally left blank.,DERBY/OAKS package and February 26 PDUFA were public before FDA approved early. Frozen 8-feature model applied without refit; source-count/text-depth inputs held at frozen training means.
CYTK|2023-02-28|omecamtiv-mecarbil,CYTK,2023-02-28,CRL,2023_RETRO_PREDECISION_FROZEN_MODEL,RETROSPECTIVE_TUNING_NOT_BLIND,P2_LEGACY_MISS,EFFICACY_STATISTICS,2023 reconstruction uses public pre-decision FDA/SEC/issuer evidence; separate historical public/vendor probabilities intentionally left blank.,Pre-decision record contained effectiveness uncertainty around whether GALACTIC-HF alone established substantial evidence. Frozen 8-feature model applied without refit; source-count/text-depth inputs held at frozen training means.
RETA|2023-02-28|omaveloxolone,RETA,2023-02-28,APPROVED,2023_RETRO_PREDECISION_FROZEN_MODEL,RETROSPECTIVE_TUNING_NOT_BLIND,P4_2023_TUNING,,2023 reconstruction uses public pre-decision FDA/SEC/issuer evidence; separate historical public/vendor probabilities intentionally left blank.,Pivotal efficacy plus known safety/label considerations and Priority Review were public pre-decision. Frozen 8-feature model applied without refit; source-count/text-depth inputs held at frozen training means.
ACAD|2023-03-10|trofinetide,ACAD,2023-03-10,APPROVED,2023_RETRO_PREDECISION_FROZEN_MODEL,RETROSPECTIVE_TUNING_NOT_BLIND,P4_2023_TUNING,,2023 reconstruction uses public pre-decision FDA/SEC/issuer evidence; separate historical public/vendor probabilities intentionally left blank.,Randomized double-blind pivotal Rett syndrome evidence and regulatory review were public pre-decision. Frozen 8-feature model applied without refit; source-count/text-depth inputs held at frozen training means.
MCRB|2023-04-26|vowst,MCRB,2023-04-26,APPROVED,2023_RETRO_PREDECISION_FROZEN_MODEL,RETROSPECTIVE_TUNING_NOT_BLIND,P4_2023_TUNING,,2023 reconstruction uses public pre-decision FDA/SEC/issuer evidence; separate historical public/vendor probabilities intentionally left blank.,ECOSPOR III Phase 3 recurrence benefit and BLA review were public pre-decision. Frozen 8-feature model applied without refit; source-count/text-depth inputs held at frozen training means.
ASND|2023-04-30|transcon-pth,ASND,2023-04-30,CRL,2023_RETRO_PREDECISION_FROZEN_MODEL,RETROSPECTIVE_TUNING_NOT_BLIND,P2_LEGACY_MISS,CMC_INSPECTION,2023 reconstruction uses public pre-decision FDA/SEC/issuer evidence; separate historical public/vendor probabilities intentionally left blank.,Positive clinical evidence coexisted with product/device/CMC regulatory complexity before the April 30 target. Frozen 8-feature model applied without refit; source-count/text-depth inputs held at frozen training means.
KRYS|2023-05-19|vyjuvek,KRYS,2023-05-19,APPROVED,2023_RETRO_PREDECISION_FROZEN_MODEL,RETROSPECTIVE_TUNING_NOT_BLIND,P4_2023_TUNING,,2023 reconstruction uses public pre-decision FDA/SEC/issuer evidence; separate historical public/vendor probabilities intentionally left blank.,Positive late-stage gene-therapy wound-healing evidence and Priority Review were public pre-decision. Frozen 8-feature model applied without refit; source-count/text-depth inputs held at frozen training means.
IBRX|2023-05-23|anktiva,IBRX,2023-05-23,CRL,2023_RETRO_PREDECISION_FROZEN_MODEL,RETROSPECTIVE_TUNING_NOT_BLIND,P2_LEGACY_MISS,CMC_INSPECTION,2023 reconstruction uses public pre-decision FDA/SEC/issuer evidence; separate historical public/vendor probabilities intentionally left blank.,Strong clinical efficacy and accepted BLA were public; no outcome-derived manufacturing flag was added to the frozen pre-decision score. Frozen 8-feature model applied without refit; source-count/text-depth inputs held at frozen training means.
LXRX|2023-05-27|sotagliflozin,LXRX,2023-05-27,APPROVED,2023_RETRO_PREDECISION_FROZEN_MODEL,RETROSPECTIVE_TUNING_NOT_BLIND,P2_LEGACY_MISS,OTHER_UNCLEAR,2023 reconstruction uses public pre-decision FDA/SEC/issuer evidence; separate historical public/vendor probabilities intentionally left blank.,"SOLOIST-WHF/SCORED evidence and late-cycle review were positive, while the molecule had prior FDA rejection history. Frozen 8-feature model applied without refit; source-count/text-depth inputs held at frozen training means."
AVDL|2023-06-03|lumryz,AVDL,2023-06-03,APPROVED,2023_RETRO_PREDECISION_FROZEN_MODEL,RETROSPECTIVE_TUNING_NOT_BLIND,P4_2023_TUNING,,2023 reconstruction uses public pre-decision FDA/SEC/issuer evidence; separate historical public/vendor probabilities intentionally left blank.,REST-ON Phase 3 efficacy/safety and pending final approval were public before FDA approved early on May 1. Frozen 8-feature model applied without refit; source-count/text-depth inputs held at frozen training means.
ALDX|2023-06-21|adx-2191,ALDX,2023-06-21,CRL,2023_RETRO_PREDECISION_FROZEN_MODEL,RETROSPECTIVE_TUNING_NOT_BLIND,P2_LEGACY_MISS,OTHER_UNCLEAR,2023 reconstruction uses public pre-decision FDA/SEC/issuer evidence; separate historical public/vendor probabilities intentionally left blank.,"Priority Review was positive, but the application relied on literature rather than adequate controlled investigations. Frozen 8-feature model applied without refit; source-count/text-depth inputs held at frozen training means."
ICPT|2023-06-22|obeticholic-acid,ICPT,2023-06-22,CRL,2023_RETRO_PREDECISION_FROZEN_MODEL,RETROSPECTIVE_TUNING_NOT_BLIND,P2_LEGACY_MISS,EFFICACY_STATISTICS,2023 reconstruction uses public pre-decision FDA/SEC/issuer evidence; separate historical public/vendor probabilities intentionally left blank.,NASH efficacy evidence was accompanied by substantial safety/benefit-risk scrutiny and advisory-committee review. Frozen 8-feature model applied without refit; source-count/text-depth inputs held at frozen training means.
MESO|2023-08-02|remestemcel-l,MESO,2023-08-02,CRL,2023_RETRO_PREDECISION_FROZEN_MODEL,RETROSPECTIVE_TUNING_NOT_BLIND,P4_2023_TUNING,,2023 reconstruction uses public pre-decision FDA/SEC/issuer evidence; separate historical public/vendor probabilities intentionally left blank.,Prior CRL history plus known potency/CMC and clinical-evidence uncertainty were public before the August target. Frozen 8-feature model applied without refit; source-count/text-depth inputs held at frozen training means.
TARS|2023-08-25|lotilaner,TARS,2023-08-25,APPROVED,2023_RETRO_PREDECISION_FROZEN_MODEL,RETROSPECTIVE_TUNING_NOT_BLIND,P4_2023_TUNING,,2023 reconstruction uses public pre-decision FDA/SEC/issuer evidence; separate historical public/vendor probabilities intentionally left blank.,Two positive pivotal Demodex blepharitis trials and accepted NDA were public; approval came early July 24. Frozen 8-feature model applied without refit; source-count/text-depth inputs held at frozen training means.
SPRY|2023-09-19|neffy,SPRY,2023-09-19,CRL,2023_RETRO_PREDECISION_FROZEN_MODEL,RETROSPECTIVE_TUNING_NOT_BLIND,P2_LEGACY_MISS,OTHER_UNCLEAR,2023 reconstruction uses public pre-decision FDA/SEC/issuer evidence; separate historical public/vendor probabilities intentionally left blank.,Clinical package and favorable advisory-committee context were public pre-decision; no post-CRL device finding was backfilled. Frozen 8-feature model applied without refit; source-count/text-depth inputs held at frozen training means.
ARDX|2023-10-17|tenapanor,ARDX,2023-10-17,APPROVED,2023_RETRO_PREDECISION_FROZEN_MODEL,RETROSPECTIVE_TUNING_NOT_BLIND,P4_2023_TUNING,,2023 reconstruction uses public pre-decision FDA/SEC/issuer evidence; separate historical public/vendor probabilities intentionally left blank.,"Resubmission, prior CRL, supporting efficacy evidence and prior advisory-committee record were public before review. Frozen 8-feature model applied without refit; source-count/text-depth inputs held at frozen training means."
CPRX|2023-10-26|vamorolone,CPRX,2023-10-26,APPROVED,2023_RETRO_PREDECISION_FROZEN_MODEL,RETROSPECTIVE_TUNING_NOT_BLIND,P4_2023_TUNING,,2023 reconstruction uses public pre-decision FDA/SEC/issuer evidence; separate historical public/vendor probabilities intentionally left blank.,Catalyst's licensed North American exposure and favorable pivotal benefit-risk evidence were public pre-decision. Frozen 8-feature model applied without refit; source-count/text-depth inputs held at frozen training means.
PHAT|2023-11-17|vonoprazan-resubmission,PHAT,2023-11-17,APPROVED,2023_RETRO_PREDECISION_FROZEN_MODEL,RETROSPECTIVE_TUNING_NOT_BLIND,P2_LEGACY_MISS,RESUBMISSION_REMEDIATION,2023 reconstruction uses public pre-decision FDA/SEC/issuer evidence; separate historical public/vendor probabilities intentionally left blank.,Class 2 resubmission followed the February CRL; six-month stability data addressing nitrosamine controls were public before approval. Frozen 8-feature model applied without refit; source-count/text-depth inputs held at frozen training means.
SWTX|2023-11-27|nirogacestat,SWTX,2023-11-27,APPROVED,2023_RETRO_PREDECISION_FROZEN_MODEL,RETROSPECTIVE_TUNING_NOT_BLIND,P4_2023_TUNING,,2023 reconstruction uses public pre-decision FDA/SEC/issuer evidence; separate historical public/vendor probabilities intentionally left blank.,Positive randomized Phase 3 DeFi PFS/response evidence and regulatory designations were public pre-decision. Frozen 8-feature model applied without refit; source-count/text-depth inputs held at frozen training means.
CRSP|2023-12-08|exa-cel-scd,CRSP,2023-12-08,APPROVED,2023_RETRO_PREDECISION_FROZEN_MODEL,RETROSPECTIVE_TUNING_NOT_BLIND,P4_2023_TUNING,,2023 reconstruction uses public pre-decision FDA/SEC/issuer evidence; separate historical public/vendor probabilities intentionally left blank.,Pivotal gene-editing efficacy/safety data and the October FDA advisory-committee meeting were public before decision. Frozen 8-feature model applied without refit; source-count/text-depth inputs held at frozen training means.
BLUE|2023-12-20|lovo-cel,BLUE,2023-12-20,APPROVED,2023_RETRO_PREDECISION_FROZEN_MODEL,RETROSPECTIVE_TUNING_NOT_BLIND,P4_2023_TUNING,,2023 reconstruction uses public pre-decision FDA/SEC/issuer evidence; separate historical public/vendor probabilities intentionally left blank.,"Priority Review, mature SCD efficacy data, safety follow-up and no planned advisory committee were public before early December 8 approval. Frozen 8-feature model applied without refit; source-count/text-depth inputs held at frozen training means."
IONS|2023-12-22|eplontersen,IONS,2023-12-22,APPROVED,2023_RETRO_PREDECISION_FROZEN_MODEL,RETROSPECTIVE_TUNING_NOT_BLIND,P4_2023_TUNING,,2023 reconstruction uses public pre-decision FDA/SEC/issuer evidence; separate historical public/vendor probabilities intentionally left blank.,Phase 3 NEURO-TTRansform benefit and December 22 PDUFA were public before early December 21 approval. Frozen 8-feature model applied without refit; source-count/text-depth inputs held at frozen training means.
LGND|2024-01-05,LGND,2024-01-05,APPROVED,2024_FROZEN_PREDECISION_TUNE,TUNING_COHORT,P3_2024_VALIDATION,,2024 reconstruction used public SEC/FDA/calendar sources; a separate public-only probability is intentionally not fabricated.,Frozen 2025 eight-feature model applied without refit to pre-decision 2024 SEC evidence.
IOVA|2024-02-24,IOVA,2024-02-24,APPROVED,2024_FROZEN_PREDECISION_TUNE,TUNING_COHORT,P3_2024_VALIDATION,,2024 reconstruction used public SEC/FDA/calendar sources; a separate public-only probability is intentionally not fabricated.,Frozen 2025 eight-feature model applied without refit to pre-decision 2024 SEC evidence.
MDGL|2024-03-14,MDGL,2024-03-14,APPROVED,2024_FROZEN_PREDECISION_TUNE,TUNING_COHORT,P3_2024_VALIDATION,,2024 reconstruction used public SEC/FDA/calendar sources; a separate public-only probability is intentionally not fabricated.,Frozen 2025 eight-feature model applied without refit to pre-decision 2024 SEC evidence.
AKBA|2024-03-27,AKBA,2024-03-27,APPROVED,2024_FROZEN_PREDECISION_TUNE,TUNING_COHORT,P3_2024_VALIDATION,,2024 reconstruction used public SEC/FDA/calendar sources; a separate public-only probability is intentionally not fabricated.,Frozen 2025 eight-feature model applied without refit to pre-decision 2024 SEC evidence.
CRSP|2024-03-30,CRSP,2024-03-30,APPROVED,2024_FROZEN_PREDECISION_TUNE,TUNING_COHORT,P3_2024_VALIDATION,,2024 reconstruction used public SEC/FDA/calendar sources; a separate public-only probability is intentionally not fabricated.,Frozen 2025 eight-feature model applied without refit to pre-decision 2024 SEC evidence.
SUPN|2024-04-05,SUPN,2024-04-05,CRL,2024_FROZEN_PREDECISION_TUNE,TUNING_COHORT,P2_LEGACY_MISS,OTHER_UNCLEAR,2024 reconstruction used public SEC/FDA/calendar sources; a separate public-only probability is intentionally not fabricated.,Frozen 2025 eight-feature model applied without refit to pre-decision 2024 SEC evidence.
IBRX|2024-04-23,IBRX,2024-04-23,APPROVED,2024_FROZEN_PREDECISION_TUNE,TUNING_COHORT,P2_LEGACY_MISS,OTHER_UNCLEAR,2024 reconstruction used public SEC/FDA/calendar sources; a separate public-only probability is intentionally not fabricated.,Frozen 2025 eight-feature model applied without refit to pre-decision 2024 SEC evidence.
DAWN|2024-04-30|tovorafenib,DAWN,2024-04-30,APPROVED,2024_RETRO_PREDECISION_FROZEN_MODEL,RETROSPECTIVE_DEVELOPMENT_NOT_BLIND,P3_2024_VALIDATION,,Positive registrational evidence and Priority Review with April 30 PDUFA were public pre-decision.,Frozen 8-feature model; no 2024 refit; outcomes excluded from feature construction; source-count/text-depth inputs neutralized to frozen training means.
GERN|2024-06-16,GERN,2024-06-16,APPROVED,2024_FROZEN_PREDECISION_TUNE,TUNING_COHORT,P3_2024_VALIDATION,,2024 reconstruction used public SEC/FDA/calendar sources; a separate public-only probability is intentionally not fabricated.,Frozen 2025 eight-feature model applied without refit to pre-decision 2024 SEC evidence.
VRNA|2024-06-26|ensifentrine,VRNA,2024-06-26,APPROVED,2024_RETRO_PREDECISION_FROZEN_MODEL,RETROSPECTIVE_DEVELOPMENT_NOT_BLIND,P3_2024_VALIDATION,,Two positive Phase 3 ENHANCE trials and accepted application were public pre-decision.,Frozen 8-feature model; no 2024 refit; outcomes excluded from feature construction; source-count/text-depth inputs neutralized to frozen training means.
RCKT|2024-06-30,RCKT,2024-06-30,CRL,2024_FROZEN_PREDECISION_TUNE,TUNING_COHORT,P2_LEGACY_MISS,OTHER_UNCLEAR,2024 reconstruction used public SEC/FDA/calendar sources; a separate public-only probability is intentionally not fabricated.,Frozen 2025 eight-feature model applied without refit to pre-decision 2024 SEC evidence.
PHAT|2024-07-19,PHAT,2024-07-19,APPROVED,2024_FROZEN_PREDECISION_TUNE,TUNING_COHORT,P3_2024_VALIDATION,,2024 reconstruction used public SEC/FDA/calendar sources; a separate public-only probability is intentionally not fabricated.,Frozen 2025 eight-feature model applied without refit to pre-decision 2024 SEC evidence.
HUMA|2024-08-10,HUMA,2024-08-10,APPROVED,2024_FROZEN_PREDECISION_TUNE,TUNING_COHORT,P3_2024_VALIDATION,,2024 reconstruction used public SEC/FDA/calendar sources; a separate public-only probability is intentionally not fabricated.,Frozen 2025 eight-feature model applied without refit to pre-decision 2024 SEC evidence.
ASND|2024-08-14,ASND,2024-08-14,APPROVED,2024_FROZEN_PREDECISION_TUNE,TUNING_COHORT,P3_2024_VALIDATION,,2024 reconstruction used public SEC/FDA/calendar sources; a separate public-only probability is intentionally not fabricated.,Frozen 2025 eight-feature model applied without refit to pre-decision 2024 SEC evidence.
AGIO|2024-08-20,AGIO,2024-08-20,APPROVED,2024_FROZEN_PREDECISION_TUNE,TUNING_COHORT,P3_2024_VALIDATION,,2024 reconstruction used public SEC/FDA/calendar sources; a separate public-only probability is intentionally not fabricated.,Frozen 2025 eight-feature model applied without refit to pre-decision 2024 SEC evidence.
SNDX|2024-08-28,SNDX,2024-08-28,APPROVED,2024_FROZEN_PREDECISION_TUNE,TUNING_COHORT,P3_2024_VALIDATION,,2024 reconstruction used public SEC/FDA/calendar sources; a separate public-only probability is intentionally not fabricated.,Frozen 2025 eight-feature model applied without refit to pre-decision 2024 SEC evidence.
ZVRA|2024-09-21,ZVRA,2024-09-21,APPROVED,2024_FROZEN_PREDECISION_TUNE,TUNING_COHORT,P3_2024_VALIDATION,,2024 reconstruction used public SEC/FDA/calendar sources; a separate public-only probability is intentionally not fabricated.,Frozen 2025 eight-feature model applied without refit to pre-decision 2024 SEC evidence.
SPRY|2024-10-02,SPRY,2024-10-02,APPROVED,2024_FROZEN_PREDECISION_TUNE,TUNING_COHORT,P3_2024_VALIDATION,,2024 reconstruction used public SEC/FDA/calendar sources; a separate public-only probability is intentionally not fabricated.,Frozen 2025 eight-feature model applied without refit to pre-decision 2024 SEC evidence.
PTCT|2024-11-13,PTCT,2024-11-13,APPROVED,2024_FROZEN_PREDECISION_TUNE,TUNING_COHORT,P3_2024_VALIDATION,,2024 reconstruction used public SEC/FDA/calendar sources; a separate public-only probability is intentionally not fabricated.,Frozen 2025 eight-feature model applied without refit to pre-decision 2024 SEC evidence.
AUTL|2024-11-16,AUTL,2024-11-16,APPROVED,2024_FROZEN_PREDECISION_TUNE,TUNING_COHORT,P3_2024_VALIDATION,,2024 reconstruction used public SEC/FDA/calendar sources; a separate public-only probability is intentionally not fabricated.,Frozen 2025 eight-feature model applied without refit to pre-decision 2024 SEC evidence.
APLT|2024-11-28|govorestat,APLT,2024-11-28,CRL,2024_RETRO_PREDECISION_FROZEN_MODEL,RETROSPECTIVE_DEVELOPMENT_NOT_BLIND,P2_LEGACY_MISS,EFFICACY_STATISTICS,Pre-decision package had endpoint/sensitivity-analysis complexity; frozen feature reconstruction does not mark clean primary efficacy success.,Frozen 8-feature model; no 2024 refit; outcomes excluded from feature construction; source-count/text-depth inputs neutralized to frozen training means.
BBIO|2024-11-29,BBIO,2024-11-29,APPROVED,2024_FROZEN_PREDECISION_TUNE,TUNING_COHORT,P3_2024_VALIDATION,,2024 reconstruction used public SEC/FDA/calendar sources; a separate public-only probability is intentionally not fabricated.,Frozen 2025 eight-feature model applied without refit to pre-decision 2024 SEC evidence.
JAZZ|2024-11-29,JAZZ,2024-11-29,APPROVED,2024_FROZEN_PREDECISION_TUNE,TUNING_COHORT,P3_2024_VALIDATION,,2024 reconstruction used public SEC/FDA/calendar sources; a separate public-only probability is intentionally not fabricated.,Frozen 2025 eight-feature model applied without refit to pre-decision 2024 SEC evidence.
IONS|2024-12-19,IONS,2024-12-19,APPROVED,2024_FROZEN_PREDECISION_TUNE,TUNING_COHORT,P3_2024_VALIDATION,,2024 reconstruction used public SEC/FDA/calendar sources; a separate public-only probability is intentionally not fabricated.,Frozen 2025 eight-feature model applied without refit to pre-decision 2024 SEC evidence.
ZEAL|2024-12-22|glepaglutide,ZEAL,2024-12-22,CRL,2024_RETRO_PREDECISION_FROZEN_MODEL,RETROSPECTIVE_DEVELOPMENT_NOT_BLIND,P2_LEGACY_MISS,EFFICACY_STATISTICS,"EASE-1 benefit was public, but the eventual CRL found the to-be-marketed dose lacked substantial evidence for efficacy and safety.",Frozen 8-feature model; no 2024 refit; outcomes excluded from feature construction; source-count/text-depth inputs neutralized to frozen training means.
SNDX|2024-12-26,SNDX,2024-12-26,APPROVED,2024_FROZEN_PREDECISION_TUNE,TUNING_COHORT,P3_2024_VALIDATION,,2024 reconstruction used public SEC/FDA/calendar sources; a separate public-only probability is intentionally not fabricated.,Frozen 2025 eight-feature model applied without refit to pre-decision 2024 SEC evidence.
LQDA|2025-05-24,LQDA,2025-05-24,APPROVED,2025_AUDIT_REPAIR_FROZEN_MODEL,RETROSPECTIVE_AUDIT_REPAIR_NOT_BLIND,P5_REMAINING_HISTORY,,Audit repair reconstructed retrospectively from SEC evidence filed on or before 2025-05-22; frozen 2025 model reused without refit; outcome evidence was joined only after the score was frozen. This is not a blind prediction.,Frozen 2025 eight-feature model applied without refit during 48-row audit repair.
ETON|2025-05-28,ETON,2025-05-28,APPROVED,2025_AUDIT_REPAIR_FROZEN_MODEL,RETROSPECTIVE_AUDIT_REPAIR_NOT_BLIND,P5_REMAINING_HISTORY,,Audit repair reconstructed retrospectively from SEC evidence filed on or before 2025-05-27; frozen 2025 model reused without refit; outcome evidence was joined only after the score was frozen. This is not a blind prediction.,Frozen 2025 eight-feature model applied without refit during 48-row audit repair.
CAPR|2025-08-31,CAPR,2025-08-31,CRL,2025_AUDIT_REPAIR_FROZEN_MODEL,RETROSPECTIVE_AUDIT_REPAIR_NOT_BLIND,P2_LEGACY_MISS,OTHER_UNCLEAR,Audit repair reconstructed retrospectively from SEC evidence filed on or before 2025-07-10; frozen 2025 model reused without refit; outcome evidence was joined only after the score was frozen. This is not a blind prediction.,Frozen 2025 eight-feature model applied without refit during 48-row audit repair.
CYTK|2025-12-26,CYTK,2025-12-26,APPROVED,2025_AUDIT_REPAIR_FROZEN_MODEL,RETROSPECTIVE_AUDIT_REPAIR_NOT_BLIND,P5_REMAINING_HISTORY,,Audit repair reconstructed retrospectively from SEC evidence filed on or before 2025-12-18; frozen 2025 model reused without refit; outcome evidence was joined only after the score was frozen. This is not a blind prediction.,Frozen 2025 eight-feature model applied without refit during 48-row audit repair.
RGNX|2026-02-08|rgx-121 seeking accelerated approval was submitted to the fda in march 2025,RGNX,2026-02-08,CRL,2026_AUDIT_REPAIR_FROZEN_MODEL,RETROSPECTIVE_AUDIT_REPAIR_NOT_BLIND,P2_LEGACY_MISS,OTHER_UNCLEAR,Audit repair reconstructed retrospectively from SEC evidence filed on or before 2026-02-06; frozen 2025 model reused without refit; outcome evidence was joined only after the score was frozen. This is not a blind prediction.,Frozen 2025 eight-feature model applied without refit during 48-row audit repair.
VNDA|2026-02-21|bysanti,VNDA,2026-02-21,APPROVED,2026_AUDIT_REPAIR_FROZEN_MODEL,RETROSPECTIVE_AUDIT_REPAIR_NOT_BLIND,P5_REMAINING_HISTORY,,Audit repair reconstructed retrospectively from SEC evidence filed on or before 2026-02-19; frozen 2025 model reused without refit; outcome evidence was joined only after the score was frozen. This is not a blind prediction.,Frozen 2025 eight-feature model applied without refit during 48-row audit repair.
RCKT|2026-03-28|kresladi,RCKT,2026-03-28,APPROVED,2026_AUDIT_REPAIR_FROZEN_MODEL,RETROSPECTIVE_AUDIT_REPAIR_NOT_BLIND,P5_REMAINING_HISTORY,,Audit repair reconstructed retrospectively from SEC evidence filed on or before 2026-03-25; frozen 2025 model reused without refit; outcome evidence was joined only after the score was frozen. This is not a blind prediction.,Frozen 2025 eight-feature model applied without refit during 48-row audit repair.
DNLI|2026-04-05|tividenofusp-alfa,DNLI,2026-04-05,APPROVED,2026_AUDIT_REPAIR_FROZEN_MODEL,RETROSPECTIVE_AUDIT_REPAIR_NOT_BLIND,P5_REMAINING_HISTORY,,Audit repair reconstructed retrospectively from SEC evidence filed on or before 2026-03-23; frozen 2025 model reused without refit; outcome evidence was joined only after the score was frozen. This is not a blind prediction.,Frozen 2025 eight-feature model applied without refit during 48-row audit repair.
ARVN|2026-06-05|vepdegestrant,ARVN,2026-06-05,APPROVED,2026_AUDIT_REPAIR_FROZEN_MODEL,RETROSPECTIVE_AUDIT_REPAIR_NOT_BLIND,P5_REMAINING_HISTORY,,Audit repair reconstructed retrospectively from SEC evidence filed on or before 2026-04-30; frozen 2025 model reused without refit; outcome evidence was joined only after the score was frozen. This is not a blind prediction.,Frozen 2025 eight-feature model applied without refit during 48-row audit repair.
LNTH|2026-06-29|lnth-2501,LNTH,2026-06-29,CRL,2026_AUDIT_REPAIR_FROZEN_MODEL,RETROSPECTIVE_AUDIT_REPAIR_NOT_BLIND,P2_LEGACY_MISS,OTHER_UNCLEAR,Audit repair reconstructed retrospectively from SEC evidence filed on or before 2026-06-25; frozen 2025 model reused without refit; outcome evidence was joined only after the score was frozen. This is not a blind prediction.,Frozen 2025 eight-feature model applied without refit during 48-row audit repair.
VRDN|2026-06-30|veligrotug to the fda in october 2025,VRDN,2026-06-30,APPROVED,2026_AUDIT_REPAIR_FROZEN_MODEL,RETROSPECTIVE_AUDIT_REPAIR_NOT_BLIND,P5_REMAINING_HISTORY,,Audit repair reconstructed retrospectively from SEC evidence filed on or before 2026-06-25; frozen 2025 model reused without refit; outcome evidence was joined only after the score was frozen. This is not a blind prediction.,Frozen 2025 eight-feature model applied without refit during 48-row audit repair.
MNKD|2026-07-26|sbla,MNKD,2026-07-26,APPROVED,2026_AUDIT_REPAIR_FROZEN_MODEL,RETROSPECTIVE_AUDIT_REPAIR_NOT_BLIND,P5_REMAINING_HISTORY,,Audit repair reconstructed retrospectively from SEC evidence filed on or before 2026-07-22; frozen 2025 model reused without refit; outcome evidence was joined only after the score was frozen. This is not a blind prediction.,Frozen 2025 eight-feature model applied without refit during 48-row audit repair.
RARE|2026-08-23|dtx401,RARE,2026-08-23,APPROVED,2026_AUDIT_REPAIR_FROZEN_MODEL,RETROSPECTIVE_AUDIT_REPAIR_NOT_BLIND,P5_REMAINING_HISTORY,,Audit repair reconstructed retrospectively from SEC evidence filed on or before 2026-08-18; frozen 2025 model reused without refit; outcome evidence was joined only after the score was frozen. This is not a blind prediction.,Frozen 2025 eight-feature model applied without refit during 48-row audit repair.
TLX|2026-09-11|tlx101-px,TLX,2026-09-11,APPROVED,2026_AUDIT_REPAIR_FROZEN_MODEL,RETROSPECTIVE_AUDIT_REPAIR_NOT_BLIND,P5_REMAINING_HISTORY,,Audit repair reconstructed retrospectively from SEC evidence filed on or before 2026-09-10; frozen 2025 model reused without refit; outcome evidence was joined only after the score was frozen. This is not a blind prediction.,Frozen 2025 eight-feature model applied without refit during 48-row audit repair.
IONS|2026-09-22|alexander,IONS,2026-09-22,APPROVED,2026_AUDIT_REPAIR_FROZEN_MODEL,RETROSPECTIVE_AUDIT_REPAIR_NOT_BLIND,P5_REMAINING_HISTORY,,Audit repair reconstructed retrospectively from SEC evidence filed on or before 2026-09-02; frozen 2025 model reused without refit; outcome evidence was joined only after the score was frozen. This is not a blind prediction.,Frozen 2025 eight-feature model applied without refit during 48-row audit repair.
SRRK|2026-09-30|apitegromab,SRRK,2026-09-30,APPROVED,2026_AUDIT_REPAIR_FROZEN_MODEL,RETROSPECTIVE_AUDIT_REPAIR_NOT_BLIND,P5_REMAINING_HISTORY,,Audit repair reconstructed retrospectively from SEC evidence filed on or before 2026-09-10; frozen 2025 model reused without refit; outcome evidence was joined only after the score was frozen. This is not a blind prediction.,Frozen 2025 eight-feature model applied without refit during 48-row audit repair.
