event_key,ticker,drug,pdufa_date,fda_application_identity,fda_clinical_score,fda_statistics_score,fda_meaningfulness_score,fda_safety_score,fda_clinical_pharmacology_score,fda_nonclinical_score,fda_cmc_score,fda_inspection_status,fda_regulatory_score,fda_labeling_score,fda_benefit_risk_score,fda_evidence_freshness,fda_hard_gate,fda_probability,fda_prediction,fda_confidence,fda_gate_reason,fda_model_version,fda_prediction_frozen_at,fda_last_evaluated_at,decision_date,actual_fda_decision,fda_match_result,fda_source_note
BFRI|AMELUZ_SBCC_20260928,BFRI,Ameluz PDT,2026-09-28,REVIEW,,,,,,,,UNKNOWN,,,,UNKNOWN,REVIEW,,REVIEW,INSUFFICIENT FDA EVIDENCE,application/review-cycle identity not verified | statistics score missing | clinical meaningfulness score missing | safety score missing | CMC score missing | regulatory score missing | benefit-risk score missing | inspection status unknown | decision-safe evidence freshness not verified,FDA-V3.0,,,,APPROVED,PENDING,https://www.accessdata.fda.gov/drugsatfda_docs/label/2026/208081s040lbl.pdf
SRRK|APITEGROMAB_20260930,SRRK,apitegromab,2026-09-30,REVIEW,,,,,,,,UNKNOWN,,,,UNKNOWN,REVIEW,,REVIEW,INSUFFICIENT FDA EVIDENCE,application/review-cycle identity not verified | statistics score missing | clinical meaningfulness score missing | safety score missing | CMC score missing | regulatory score missing | benefit-risk score missing | inspection status unknown | decision-safe evidence freshness not verified,FDA-V3.0,,,,APPROVED,PENDING,https://www.fda.gov/drugs/news-events-human-drugs/fda-approves-first-therapy-target-muscle-loss-spinal-muscular-atrophy
IRD|PHENTOLAMINE_PRESBYOPIA_20261017,IRD,Phentolamine Ophthalmic Solution 0.75%,2026-10-17,PASS,,,,,,,,UNKNOWN,,,,UNKNOWN,REVIEW,,REVIEW,INSUFFICIENT FDA EVIDENCE,statistics score missing | clinical meaningfulness score missing | safety score missing | CMC score missing | regulatory score missing | benefit-risk score missing | inspection status unknown | decision-safe evidence freshness not verified,FDA-V3.0,,,,,PENDING,https://www.sec.gov/Archives/edgar/data/1228627/000114036126009247/ef20060643_10k.htm
VTRS|PHENTOLAMINE_PRESBYOPIA_20261017,VTRS,MR-141 (phentolamine ophthalmic solution 0.75%),2026-10-17,REVIEW,,,,,,,,UNKNOWN,,,,UNKNOWN,REVIEW,,REVIEW,INSUFFICIENT FDA EVIDENCE,application/review-cycle identity not verified | statistics score missing | clinical meaningfulness score missing | safety score missing | CMC score missing | regulatory score missing | benefit-risk score missing | inspection status unknown | decision-safe evidence freshness not verified,FDA-V3.0,,,,,PENDING,https://newsroom.viatris.com/2026-02-25-FDA-Accepts-Viatris-Supplemental-New-Drug-Application-for-MR-141-Phentolamine-Ophthalmic-Solution-0-75-for-the-Treatment-of-Presbyopia
IONS|BEPIROVIRSEN_CHB_20261026,IONS,bepirovirsen,2026-10-26,PASS,,,,,,,,UNKNOWN,,,,UNKNOWN,REVIEW,,REVIEW,INSUFFICIENT FDA EVIDENCE,statistics score missing | clinical meaningfulness score missing | safety score missing | CMC score missing | regulatory score missing | benefit-risk score missing | inspection status unknown | decision-safe evidence freshness not verified,FDA-V3.0,,,,,PENDING,https://ir.ionis.com/static-files/41f88614-0d27-446a-8e44-034684b8ba55
INO|INO3107_RRP_20261030,INO,INO-3107,2026-10-30,PASS,,,,,,,,UNKNOWN,,,,UNKNOWN,REVIEW,,REVIEW,INSUFFICIENT FDA EVIDENCE,statistics score missing | clinical meaningfulness score missing | safety score missing | CMC score missing | regulatory score missing | benefit-risk score missing | inspection status unknown | decision-safe evidence freshness not verified,FDA-V3.0,,,,,PENDING,https://www.sec.gov/Archives/edgar/data/1055726/000105572626000023/ino-20260630.htm
AGIO|MITAPIVAT_SCD_20261101,AGIO,mitapivat,2026-11-01,REVIEW,,,,,,,,UNKNOWN,,,,UNKNOWN,REVIEW,,REVIEW,INSUFFICIENT FDA EVIDENCE,application/review-cycle identity not verified | statistics score missing | clinical meaningfulness score missing | safety score missing | CMC score missing | regulatory score missing | benefit-risk score missing | inspection status unknown | decision-safe evidence freshness not verified,FDA-V3.0,,,,,PENDING,https://investor.agios.com/news-releases/news-release-details/us-fda-grants-priority-review-agios-snda-mitapivat-sickle-cell
CYTK|MYQORZO_HCM_20261114,CYTK,MYQORZO,2026-11-14,PASS,,,,,,,,UNKNOWN,,,,UNKNOWN,REVIEW,,REVIEW,INSUFFICIENT FDA EVIDENCE,statistics score missing | clinical meaningfulness score missing | safety score missing | CMC score missing | regulatory score missing | benefit-risk score missing | inspection status unknown | decision-safe evidence freshness not verified,FDA-V3.0,,,,,PENDING,https://www.sec.gov/Archives/edgar/data/1061983/000119312526206360/cytk-ex99_1.htm
SMMT|IVONESCIMAB_20261114,SMMT,ivonescimab,2026-11-14,PASS,,,,,,,,UNKNOWN,,,,UNKNOWN,REVIEW,,REVIEW,INSUFFICIENT FDA EVIDENCE,statistics score missing | clinical meaningfulness score missing | safety score missing | CMC score missing | regulatory score missing | benefit-risk score missing | inspection status unknown | decision-safe evidence freshness not verified,FDA-V3.0,,,,,PENDING,https://www.sec.gov/Archives/edgar/data/1599298/000159929826000006/smmt-20260129.htm
CAPR|DERAMIOCEL_DMD_20261122,CAPR,Deramiocel,2026-11-22,REVIEW,,,,,,,,UNKNOWN,,,,UNKNOWN,REVIEW,,REVIEW,INSUFFICIENT FDA EVIDENCE,application/review-cycle identity not verified | statistics score missing | clinical meaningfulness score missing | safety score missing | CMC score missing | regulatory score missing | benefit-risk score missing | inspection status unknown | decision-safe evidence freshness not verified,FDA-V3.0,,,,,PENDING,https://www.capricor.com/investors/news-events/press-releases/detail/355/capricor-therapeutics-to-present-hope-3-and-hope-3
BBIO|BBP418_LGMD2IR9_20261127,BBIO,BBP-418,2026-11-27,PASS,,,,,,,,UNKNOWN,,,,UNKNOWN,REVIEW,,REVIEW,INSUFFICIENT FDA EVIDENCE,statistics score missing | clinical meaningfulness score missing | safety score missing | CMC score missing | regulatory score missing | benefit-risk score missing | inspection status unknown | decision-safe evidence freshness not verified,FDA-V3.0,,,,,PENDING,https://www.sec.gov/Archives/edgar/data/1743881/000174388126000026/bbio-20260630xex991.htm
VRTX|POVETACICEPT_IGAN_20261130,VRTX,povetacicept,2026-11-30,REVIEW,,,,,,,,UNKNOWN,,,,UNKNOWN,REVIEW,,REVIEW,INSUFFICIENT FDA EVIDENCE,application/review-cycle identity not verified | statistics score missing | clinical meaningfulness score missing | safety score missing | CMC score missing | regulatory score missing | benefit-risk score missing | inspection status unknown | decision-safe evidence freshness not verified,FDA-V3.0,,,,,PENDING,https://investors.vrtx.com/news-releases/news-release-details/vertex-announces-us-fda-acceptance-biologics-license-application
ZLAB|POVETACICEPT_IGAN_20261130,ZLAB,povetacicept,2026-11-30,REVIEW,,,,,,,,UNKNOWN,,,,UNKNOWN,REVIEW,,REVIEW,INSUFFICIENT FDA EVIDENCE,application/review-cycle identity not verified | statistics score missing | clinical meaningfulness score missing | safety score missing | CMC score missing | regulatory score missing | benefit-risk score missing | inspection status unknown | decision-safe evidence freshness not verified,FDA-V3.0,,,,,PENDING,https://www.sec.gov/Archives/edgar/data/875320/000087532026000259/vrtx-20260630.htm
ANAB|IMSIDOLIMAB_GPP_20261212,ANAB,Quimilza (imsidolimab),2026-12-12,REVIEW,,,,,,,,UNKNOWN,,,,UNKNOWN,REVIEW,,REVIEW,INSUFFICIENT FDA EVIDENCE,application/review-cycle identity not verified | statistics score missing | clinical meaningfulness score missing | safety score missing | CMC score missing | regulatory score missing | benefit-risk score missing | inspection status unknown | decision-safe evidence freshness not verified,FDA-V3.0,,,,,PENDING,https://www.sec.gov/Archives/edgar/data/1347178/000162828026053308/vnda8-k852026exhibit991.htm
CORT|RELACORILANT_CUSHINGS_20261217,CORT,relacorilant,2026-12-17,PASS,,,,,,,,UNKNOWN,,,,UNKNOWN,REVIEW,,REVIEW,INSUFFICIENT FDA EVIDENCE,statistics score missing | clinical meaningfulness score missing | safety score missing | CMC score missing | regulatory score missing | benefit-risk score missing | inspection status unknown | decision-safe evidence freshness not verified,FDA-V3.0,,,,,PENDING,https://www.sec.gov/Archives/edgar/data/1088856/000162828026050607/cort072926ex991pressrelease.htm
MLYS|LORUNDROSTAT_20261222,MLYS,lorundrostat,2026-12-22,PASS,,,,,,,,UNKNOWN,,,,UNKNOWN,REVIEW,,REVIEW,INSUFFICIENT FDA EVIDENCE,statistics score missing | clinical meaningfulness score missing | safety score missing | CMC score missing | regulatory score missing | benefit-risk score missing | inspection status unknown | decision-safe evidence freshness not verified,FDA-V3.0,,,,,PENDING,https://www.sec.gov/Archives/edgar/data/1933414/000193341426000112/mlys2026q28kex991.htm
GILD|ANITOCEL_MM_20261223,GILD,anitocabtagene autoleucel (anito-cel),2026-12-23,PASS,,,,,,,,UNKNOWN,,,,UNKNOWN,REVIEW,,REVIEW,INSUFFICIENT FDA EVIDENCE,statistics score missing | clinical meaningfulness score missing | safety score missing | CMC score missing | regulatory score missing | benefit-risk score missing | inspection status unknown | decision-safe evidence freshness not verified,FDA-V3.0,,,,,PENDING,https://www.sec.gov/Archives/edgar/data/882095/000088209526000022/exhibit991earningspressrel.htm
PRAX|RELUTRIGINE_DEE_20261227,PRAX,relutrigine,2026-12-27,PASS,,,,,,,,UNKNOWN,,,,UNKNOWN,REVIEW,,REVIEW,INSUFFICIENT FDA EVIDENCE,statistics score missing | clinical meaningfulness score missing | safety score missing | CMC score missing | regulatory score missing | benefit-risk score missing | inspection status unknown | decision-safe evidence freshness not verified,FDA-V3.0,,,,,PENDING,https://www.sec.gov/Archives/edgar/data/1689548/000168954826000082/praxisq22026pr.htm
VTRS|MR107A02_ACUTEPAIN_20261227,VTRS,MR-107A-02 (fast-acting meloxicam),2026-12-27,PASS,,,,,,,,UNKNOWN,,,,UNKNOWN,REVIEW,,REVIEW,INSUFFICIENT FDA EVIDENCE,statistics score missing | clinical meaningfulness score missing | safety score missing | CMC score missing | regulatory score missing | benefit-risk score missing | inspection status unknown | decision-safe evidence freshness not verified,FDA-V3.0,,,,,PENDING,https://www.sec.gov/Archives/edgar/data/1792044/000179204426000037/exhibit991-2q26earningsrel.htm
COGT|BEZUCLASTINIB_NONADVSM_20261230,COGT,bezuclastinib,2026-12-30,PASS,,,,,,,,UNKNOWN,,,,UNKNOWN,REVIEW,,REVIEW,INSUFFICIENT FDA EVIDENCE,statistics score missing | clinical meaningfulness score missing | safety score missing | CMC score missing | regulatory score missing | benefit-risk score missing | inspection status unknown | decision-safe evidence freshness not verified,FDA-V3.0,,,,,PENDING,https://www.sec.gov/Archives/edgar/data/1622229/000119312526341315/cogt-ex99_1.htm
NUVB|IBTROZI_ROS1NSCLC_20270104,NUVB,IBTROZI (taletrectinib),2027-01-04,UNKNOWN,,,,,,,,UNKNOWN,,,,UNKNOWN,REVIEW,,REVIEW,INSUFFICIENT FDA EVIDENCE,application/review-cycle identity not verified | statistics score missing | clinical meaningfulness score missing | safety score missing | CMC score missing | regulatory score missing | benefit-risk score missing | inspection status unknown | decision-safe evidence freshness not verified,FDA-V3.0,,,,,PENDING,
IBRX|ANKTIVA_NMIBC_20270106,IBRX,ANKTIVA + BCG,2027-01-06,UNKNOWN,,,,,,,,UNKNOWN,,,,UNKNOWN,REVIEW,,REVIEW,INSUFFICIENT FDA EVIDENCE,application/review-cycle identity not verified | statistics score missing | clinical meaningfulness score missing | safety score missing | CMC score missing | regulatory score missing | benefit-risk score missing | inspection status unknown | decision-safe evidence freshness not verified,FDA-V3.0,,,,,PENDING,
DYN|ZROSTUDIRSEN_DMD_20270121,DYN,z-rostudirsen,2027-01-21,UNKNOWN,,,,,,,,UNKNOWN,,,,UNKNOWN,REVIEW,,REVIEW,INSUFFICIENT FDA EVIDENCE,application/review-cycle identity not verified | statistics score missing | clinical meaningfulness score missing | safety score missing | CMC score missing | regulatory score missing | benefit-risk score missing | inspection status unknown | decision-safe evidence freshness not verified,FDA-V3.0,,,,,PENDING,
PRAX|ULIXACALTAMIDE_ET_20270129,PRAX,ulixacaltamide HCl,2027-01-29,UNKNOWN,,,,,,,,UNKNOWN,,,,UNKNOWN,REVIEW,,REVIEW,INSUFFICIENT FDA EVIDENCE,application/review-cycle identity not verified | statistics score missing | clinical meaningfulness score missing | safety score missing | CMC score missing | regulatory score missing | benefit-risk score missing | inspection status unknown | decision-safe evidence freshness not verified,FDA-V3.0,,,,,PENDING,
ARQT|ZORYVE_AD_20270223,ARQT,ZORYVE cream 0.05%,2027-02-23,UNKNOWN,,,,,,,,UNKNOWN,,,,UNKNOWN,REVIEW,,REVIEW,INSUFFICIENT FDA EVIDENCE,application/review-cycle identity not verified | statistics score missing | clinical meaningfulness score missing | safety score missing | CMC score missing | regulatory score missing | benefit-risk score missing | inspection status unknown | decision-safe evidence freshness not verified,FDA-V3.0,,,,,PENDING,
CGEM|ZIPALERTINIB_NSCLC_20270227,CGEM,zipalertinib,2027-02-27,UNKNOWN,,,,,,,,UNKNOWN,,,,UNKNOWN,REVIEW,,REVIEW,INSUFFICIENT FDA EVIDENCE,application/review-cycle identity not verified | statistics score missing | clinical meaningfulness score missing | safety score missing | CMC score missing | regulatory score missing | benefit-risk score missing | inspection status unknown | decision-safe evidence freshness not verified,FDA-V3.0,,,,,PENDING,
APMD|OXNIMBI_OSA_20270228,APMD,Oxnimbi,2027-02-28,UNKNOWN,,,,,,,,UNKNOWN,,,,UNKNOWN,REVIEW,,REVIEW,INSUFFICIENT FDA EVIDENCE,application/review-cycle identity not verified | statistics score missing | clinical meaningfulness score missing | safety score missing | CMC score missing | regulatory score missing | benefit-risk score missing | inspection status unknown | decision-safe evidence freshness not verified,FDA-V3.0,,,,,PENDING,
BMRN|VOXZOGO_ACHONDROPLASIA_20270228,BMRN,VOXZOGO,2027-02-28,UNKNOWN,,,,,,,,UNKNOWN,,,,UNKNOWN,REVIEW,,REVIEW,INSUFFICIENT FDA EVIDENCE,application/review-cycle identity not verified | statistics score missing | clinical meaningfulness score missing | safety score missing | CMC score missing | regulatory score missing | benefit-risk score missing | inspection status unknown | decision-safe evidence freshness not verified,FDA-V3.0,,,,,PENDING,
EXEL|ZANZALINTINIB_CRC,EXEL,zanzalintinib + atezolizumab,2027-03-03,UNKNOWN,,,,,,,,UNKNOWN,,,,UNKNOWN,REVIEW,,REVIEW,INSUFFICIENT FDA EVIDENCE,application/review-cycle identity not verified | statistics score missing | clinical meaningfulness score missing | safety score missing | CMC score missing | regulatory score missing | benefit-risk score missing | inspection status unknown | decision-safe evidence freshness not verified,FDA-V3.0,,,,,PENDING,
NTLA|LONVOZ_HAE_20270310,NTLA,lonvoguran ziclumeran (lonvo-z),2027-03-10,UNKNOWN,,,,,,,,UNKNOWN,,,,UNKNOWN,REVIEW,,REVIEW,INSUFFICIENT FDA EVIDENCE,application/review-cycle identity not verified | statistics score missing | clinical meaningfulness score missing | safety score missing | CMC score missing | regulatory score missing | benefit-risk score missing | inspection status unknown | decision-safe evidence freshness not verified,FDA-V3.0,,,,,PENDING,
HRMY|PITOLISANT_GR_20270401,HRMY,pitolisant GR,2027-04-01,UNKNOWN,,,,,,,,UNKNOWN,,,,UNKNOWN,REVIEW,,REVIEW,INSUFFICIENT FDA EVIDENCE,application/review-cycle identity not verified | statistics score missing | clinical meaningfulness score missing | safety score missing | CMC score missing | regulatory score missing | benefit-risk score missing | inspection status unknown | decision-safe evidence freshness not verified,FDA-V3.0,,,,,PENDING,
IMNM|VAREGACESTAT_DESMOID_20270428,IMNM,varegacestat,2027-04-28,UNKNOWN,,,,,,,,UNKNOWN,,,,UNKNOWN,REVIEW,,REVIEW,INSUFFICIENT FDA EVIDENCE,application/review-cycle identity not verified | statistics score missing | clinical meaningfulness score missing | safety score missing | CMC score missing | regulatory score missing | benefit-risk score missing | inspection status unknown | decision-safe evidence freshness not verified,FDA-V3.0,,,,,PENDING,
AXSM|AXS12_CATAPLEXY_20270501,AXSM,AXS-12,2027-05-01,UNKNOWN,,,,,,,,UNKNOWN,,,,UNKNOWN,REVIEW,,REVIEW,INSUFFICIENT FDA EVIDENCE,application/review-cycle identity not verified | statistics score missing | clinical meaningfulness score missing | safety score missing | CMC score missing | regulatory score missing | benefit-risk score missing | inspection status unknown | decision-safe evidence freshness not verified,FDA-V3.0,,,,,PENDING,
BBIO|ENCALERET_ADH1,BBIO,encaleret,2027-05-08,UNKNOWN,,,,,,,,UNKNOWN,,,,UNKNOWN,REVIEW,,REVIEW,INSUFFICIENT FDA EVIDENCE,application/review-cycle identity not verified | statistics score missing | clinical meaningfulness score missing | safety score missing | CMC score missing | regulatory score missing | benefit-risk score missing | inspection status unknown | decision-safe evidence freshness not verified,FDA-V3.0,,,,,PENDING,
BMY|MEZIGDOMIDE_RRMM_20270513,BMY,mezigdomide + carfilzomib + dexamethasone,2027-05-13,UNKNOWN,,,,,,,,UNKNOWN,,,,UNKNOWN,REVIEW,,REVIEW,INSUFFICIENT FDA EVIDENCE,application/review-cycle identity not verified | statistics score missing | clinical meaningfulness score missing | safety score missing | CMC score missing | regulatory score missing | benefit-risk score missing | inspection status unknown | decision-safe evidence freshness not verified,FDA-V3.0,,,,,PENDING,
ZBIO|OBEXELIMAB_IGG4RD_20270527,ZBIO,obexelimab,2027-05-27,UNKNOWN,,,,,,,,UNKNOWN,,,,UNKNOWN,REVIEW,,REVIEW,INSUFFICIENT FDA EVIDENCE,application/review-cycle identity not verified | statistics score missing | clinical meaningfulness score missing | safety score missing | CMC score missing | regulatory score missing | benefit-risk score missing | inspection status unknown | decision-safe evidence freshness not verified,FDA-V3.0,,,,,PENDING,
SVRA|MOLBREEVI_PAP_20261122,SVRA,MOLBREEVI,2026-11-22,UNKNOWN,,,,,,,,UNKNOWN,,,,UNKNOWN,REVIEW,,REVIEW,INSUFFICIENT FDA EVIDENCE,application/review-cycle identity not verified | statistics score missing | clinical meaningfulness score missing | safety score missing | CMC score missing | regulatory score missing | benefit-risk score missing | inspection status unknown | decision-safe evidence freshness not verified,FDA-V3.0,,,,,PENDING,
COGT|BEZUCLASTINIB_GIST_20261130,COGT,bezuclastinib + sunitinib,2026-11-30,UNKNOWN,,,,,,,,UNKNOWN,,,,UNKNOWN,REVIEW,,REVIEW,INSUFFICIENT FDA EVIDENCE,application/review-cycle identity not verified | statistics score missing | clinical meaningfulness score missing | safety score missing | CMC score missing | regulatory score missing | benefit-risk score missing | inspection status unknown | decision-safe evidence freshness not verified,FDA-V3.0,,,,,PENDING,
PHAR|JOENJA_LOWER_DOSE_APDS_20270130,PHAR,Joenja (leniolisib),2027-01-30,PASS,,,,,,,,UNKNOWN,,,,UNKNOWN,REVIEW,,REVIEW,INSUFFICIENT FDA EVIDENCE,statistics score missing | clinical meaningfulness score missing | safety score missing | CMC score missing | regulatory score missing | benefit-risk score missing | inspection status unknown | decision-safe evidence freshness not verified,FDA-V3.0,,,,,PENDING,https://www.pharming.com/our-news/pharming-announces-us-fda-acceptance-and-priority-review-of-snda-for-lower-doses-joenja
BLTE|TINLAREBANT_STGD1_20270212,BLTE,tinlarebant,2027-02-12,PASS,,,,,,,,UNKNOWN,,,,UNKNOWN,REVIEW,,REVIEW,INSUFFICIENT FDA EVIDENCE,statistics score missing | clinical meaningfulness score missing | safety score missing | CMC score missing | regulatory score missing | benefit-risk score missing | inspection status unknown | decision-safe evidence freshness not verified,FDA-V3.0,,,,,PENDING,https://investors.belitebio.com/news-releases/news-release-details/belite-bio-announces-us-food-and-drug-administration-acceptance
SRPT|CASIMERSEN_DMD45_20270228,SRPT,AMONDYS 45 (casimersen),2027-02-28,PASS,,,,,,,,UNKNOWN,,,,UNKNOWN,REVIEW,,REVIEW,INSUFFICIENT FDA EVIDENCE,statistics score missing | clinical meaningfulness score missing | safety score missing | CMC score missing | regulatory score missing | benefit-risk score missing | inspection status unknown | decision-safe evidence freshness not verified,FDA-V3.0,,,,,PENDING,https://investorrelations.sarepta.com/news-releases/news-release-details/sarepta-announces-fda-acceptance-sndas-amondys-45r-and-vyondys
SRPT|GOLODIRSEN_DMD53_20270228,SRPT,VYONDYS 53 (golodirsen),2027-02-28,PASS,,,,,,,,UNKNOWN,,,,UNKNOWN,REVIEW,,REVIEW,INSUFFICIENT FDA EVIDENCE,statistics score missing | clinical meaningfulness score missing | safety score missing | CMC score missing | regulatory score missing | benefit-risk score missing | inspection status unknown | decision-safe evidence freshness not verified,FDA-V3.0,,,,,PENDING,https://investorrelations.sarepta.com/news-releases/news-release-details/sarepta-announces-fda-acceptance-sndas-amondys-45r-and-vyondys
INBX|OZEKIBART_CHONDROSARCOMA_20270414,INBX,ozekibart (INBRX-109),2027-04-14,PASS,,,,,,,,UNKNOWN,,,,UNKNOWN,REVIEW,,REVIEW,INSUFFICIENT FDA EVIDENCE,statistics score missing | clinical meaningfulness score missing | safety score missing | CMC score missing | regulatory score missing | benefit-risk score missing | inspection status unknown | decision-safe evidence freshness not verified,FDA-V3.0,,,,,PENDING,https://inhibrx.investorroom.com/2026-06-15-Inhibrx-Announces-U-S-FDA-Acceptance-of-BLA-for-Ozekibart-in-Patients-with-Conventional-Chondrosarcoma
PHVS|DEUCRICTIBANT_HAE_20270423,PHVS,deucrictibant immediate-release,2027-04-23,PASS,,,,,,,,UNKNOWN,,,,UNKNOWN,REVIEW,,REVIEW,INSUFFICIENT FDA EVIDENCE,statistics score missing | clinical meaningfulness score missing | safety score missing | CMC score missing | regulatory score missing | benefit-risk score missing | inspection status unknown | decision-safe evidence freshness not verified,FDA-V3.0,,,,,PENDING,https://ir.pharvaris.com/news-releases/news-release-details/pharvaris-announces-fda-acceptance-new-drug-application
COGT|BEZUCLASTINIB_ADVSM_20270629,COGT,bezuclastinib,2027-06-29,PASS,,,,,,,,UNKNOWN,,,,UNKNOWN,REVIEW,,REVIEW,INSUFFICIENT FDA EVIDENCE,statistics score missing | clinical meaningfulness score missing | safety score missing | CMC score missing | regulatory score missing | benefit-risk score missing | inspection status unknown | decision-safe evidence freshness not verified,FDA-V3.0,,,,,PENDING,https://investors.cogentbio.com/news-releases/news-release-details/cogent-biosciences-announces-fda-acceptance-new-drug-1
