event_key,ticker,pdufa_date,qualified_direction,actual_outcome,match_result,source_layer,status
DBVT|2020-08-03|viaskin-peanut,DBVT,2020-08-03,CRL,CRL,MATCH,V3_RECONSTRUCTED,RETROSPECTIVE_NOT_BLIND
SUPN|2021-04-02|viloxazine-resubmission,SUPN,2021-04-02,APPROVED,APPROVED,MATCH,V3_RECONSTRUCTED,RETROSPECTIVE_NOT_BLIND
ACAD|2021-04-03|pimavanserin-drp,ACAD,2021-04-03,CRL,CRL,MATCH,V3_RECONSTRUCTED,RETROSPECTIVE_NOT_BLIND
OMER|2021-10-17|narsoplimab,OMER,2021-10-17,CRL,CRL,MATCH,V3_RECONSTRUCTED,RETROSPECTIVE_NOT_BLIND
NVAX|2025-04-01,NVAX,2025-04-01,APPROVED,APPROVED,MATCH,PHASE_A_PUBLIC,RETROSPECTIVE_NOT_BLIND
UNCY|2025-06-28,UNCY,2025-06-28,CRL,CRL,MATCH,PHASE_A_PUBLIC,RETROSPECTIVE_NOT_BLIND
TNXP|2025-08-15,TNXP,2025-08-15,APPROVED,APPROVED,MATCH,PHASE_A_PUBLIC,RETROSPECTIVE_NOT_BLIND
BCRX|2025-12-12,BCRX,2025-12-12,APPROVED,APPROVED,MATCH,PHASE_A_PUBLIC,RETROSPECTIVE_NOT_BLIND
VNDA|2025-12-30,VNDA,2025-12-30,APPROVED,APPROVED,MATCH,PHASE_A_PUBLIC,RETROSPECTIVE_NOT_BLIND
ETON|2026-02-25|et-600,ETON,2026-02-25,APPROVED,APPROVED,MATCH,PHASE_A_PUBLIC,RETROSPECTIVE_NOT_BLIND
ALDX|2026-03-16|reproxalap,ALDX,2026-03-16,CRL,CRL,MATCH,PHASE_A_PUBLIC,RETROSPECTIVE_NOT_BLIND
RYTM|2026-03-20|obesity,RYTM,2026-03-20,APPROVED,APPROVED,MATCH,PHASE_A_PUBLIC,RETROSPECTIVE_NOT_BLIND
TVTX|2026-04-13|glomerulosclerosis,TVTX,2026-04-13,APPROVED,APPROVED,MATCH,PHASE_A_PUBLIC,RETROSPECTIVE_NOT_BLIND
MNKD|2026-05-29|sbla,MNKD,2026-05-29,APPROVED,APPROVED,MATCH,PHASE_A_PUBLIC,RETROSPECTIVE_NOT_BLIND
ARQT|2026-06-29|treatment,ARQT,2026-06-29,APPROVED,APPROVED,MATCH,PHASE_A_PUBLIC,RETROSPECTIVE_NOT_BLIND
LNTH|2026-08-13|mk-6240,LNTH,2026-08-13,APPROVED,APPROVED,MATCH,PHASE_A_PUBLIC,RETROSPECTIVE_NOT_BLIND
ZYME|2026-08-25|tevimbra,ZYME,2026-08-25,APPROVED,APPROVED,MATCH,PHASE_A_PUBLIC,RETROSPECTIVE_NOT_BLIND
KALA|2020-10-30|loteprednol-etabonate,KALA,2020-10-30,APPROVED,APPROVED,MATCH,VERIFIED_PREDECISION_PROMOTION,RETROSPECTIVE_NOT_BLIND
ARDX|2023-10-17|tenapanor,ARDX,2023-10-17,APPROVED,APPROVED,MATCH,VERIFIED_PREDECISION_PROMOTION,RETROSPECTIVE_NOT_BLIND
PHAT|2023-11-17|vonoprazan-resubmission,PHAT,2023-11-17,APPROVED,APPROVED,MATCH,VERIFIED_PREDECISION_PROMOTION,RETROSPECTIVE_NOT_BLIND
PRVB|2021-07-02|teplizumab,PRVB,2021-07-02,CRL,CRL,MATCH,STRICT_126_FDA_V3_2,RETROSPECTIVE_NOT_BLIND
AKBA|2022-03-29|vadadustat,AKBA,2022-03-29,CRL,CRL,MATCH,STRICT_126_FDA_V3_2,RETROSPECTIVE_NOT_BLIND
