issue,ticker,company,drug,trial_name,nct_id,evidence_url,target_population_note
Headache disorders,AXSM,Axsome Therapeutics,AXS-07 (meloxicam/rizatriptan),MOMENTUM,NCT03896009,https://cdn.clinicaltrials.gov/large-docs/09/NCT03896009/Prot_SAP_000.pdf,Adults with migraine and inadequate response to prior acute treatments; not all headache disorders.
Hypertension,MLYS,Mineralys Therapeutics,Lorundrostat,Launch-HTN,NCT06153693,https://ir.mineralystx.com/news-events/press-releases/detail/60/mineralys-therapeutics-announces-positive-topline-results,Uncontrolled or resistant hypertension despite background medicines.
Hypertension,MLYS,Mineralys Therapeutics,Lorundrostat,Advance-HTN,NCT05769608,https://ir.mineralystx.com/news-events/press-releases/detail/60/mineralys-therapeutics-announces-positive-topline-results,Uncontrolled or resistant hypertension; pivotal Phase 2 study.
Metabolic fatty liver disease,MDGL,Madrigal Pharmaceuticals,Resmetirom,MAESTRO-NASH,NCT03900429,https://clinicaltrials.gov/study/NCT03900429,MASH/NASH with fibrosis; not the whole MASLD population.
Metabolic fatty liver disease,MDGL,Madrigal Pharmaceuticals,Resmetirom,MAESTRO-NASH OUTCOMES,NCT05500222,https://ir.madrigalpharma.com/news-releases/news-release-details/madrigal-pharmaceuticals-initiates-maestro-nash-outcomes-study,Well-compensated MASH/NASH cirrhosis; liver-related outcomes.
Obesity,VKTX,Viking Therapeutics,VK2735,VANQUISH-1,NCT07104500,https://ir.vikingtherapeutics.com/2026-10-06-Viking-Therapeutics-Announces-Initiation-of-VK2735-Oral-Maintenance-Dosing-Clinical-Trial-in-Patients-with-Obesity,"Obesity or overweight with a weight-related condition, without type 2 diabetes."
Obesity,GPCR,Structure Therapeutics,Aleniglipron,ACCOMPLISH-1,NCT07654361,https://www.globenewswire.com/news-release/2026/09/08/3357602/0/en/structure-therapeutics-reports-positive-clinical-data-across-oral-small-molecule-amylin-and-glp-1-programs-for-chronic-weight-management.html,Obesity or overweight with a weight-related condition.
Obesity,LLY,Eli Lilly and Company,Tirzepatide,SURMOUNT-1,NCT04184622,https://trials.lilly.com/en-US/trial/251019,Obesity or overweight; historical supporting study.
Diabetes,VKTX,Viking Therapeutics,VK2735,VANQUISH-2,NCT07104383,https://ir.vikingtherapeutics.com/2026-10-06-Viking-Therapeutics-Announces-Initiation-of-VK2735-Oral-Maintenance-Dosing-Clinical-Trial-in-Patients-with-Obesity,Weight management in adults with obesity or overweight and type 2 diabetes.
Diabetes,GPCR,Structure Therapeutics,Aleniglipron,ACCOMPLISH-2,NCT07654374,https://www.globenewswire.com/news-release/2026/09/08/3357602/0/en/structure-therapeutics-reports-positive-clinical-data-across-oral-small-molecule-amylin-and-glp-1-programs-for-chronic-weight-management.html,Weight management in adults with obesity or overweight and type 2 diabetes.
Diabetes,LLY,Eli Lilly and Company,Tirzepatide,SURPASS-2,NCT03987919,https://investor.lilly.com/news-releases/news-release-details/lillys-surpass-2-results-published-new-england-journal-medicine,Type 2 diabetes inadequately controlled with metformin; historical supporting study.
Chronic kidney disease,TVTX,Travere Therapeutics,Sparsentan,PROTECT,NCT03762850,https://clinicaltrials.gov/study/NCT03762850,IgA nephropathy; a specific cause of chronic kidney disease.
Chronic kidney disease,TVTX,Travere Therapeutics,Sparsentan,DUPLEX,NCT03493685,https://clinicaltrials.gov/study/NCT03493685,Primary focal segmental glomerulosclerosis; a specific kidney disease.
Osteoarthritis,PAR,Paradigm Biopharmaceuticals,Pentosan polysulfate sodium,PARA_OA_012,NCT06917404,https://paradigmbiopharma.com/clinical-trials,Knee osteoarthritis pain; PAR is an Australian Securities Exchange ticker.
Anxiety disorders,DFTX,Definium Therapeutics,DT120 (formerly MM120),Voyage,NCT06741228,https://definiumtx.com/clinical-trials/,Generalized anxiety disorder; not all anxiety disorders. Former company name MindMed.
Depression,AXSM,Axsome Therapeutics,AXS-05 (dextromethorphan/bupropion),GEMINI,NCT04019704,https://www.psychiatrist.com/jcp/efficacy-safety-of-axs-05-dextromethorphan-bupropion-mdd/,Major depressive disorder; historical supporting study.
Asthma,SNY,Sanofi,Dupilumab,LIBERTY ASTHMA QUEST,NCT02414854,https://newsroom.regeneron.com/news-releases/news-release-details/new-england-journal-medicine-publishes-two-positive-phase-3,Uncontrolled moderate-to-severe asthma; joint program with Regeneron (REGN).
Asthma,SNY,Sanofi,Dupilumab,LIBERTY ASTHMA VENTURE,NCT02528214,https://newsroom.regeneron.com/news-releases/news-release-details/new-england-journal-medicine-publishes-two-positive-phase-3,Oral corticosteroid-dependent severe asthma; joint program with Regeneron (REGN).
Pain,VRTX,Vertex Pharmaceuticals,Suzetrigine,Diabetic peripheral neuropathy pivotal study,NCT06628908,https://clinicaltrials.vrtx.com/studies/nct06628908,Pain associated with diabetic peripheral neuropathy; separate from the approved acute-pain indication.
Pain,VRTX,Vertex Pharmaceuticals,Suzetrigine,Diabetic peripheral neuropathy pivotal study,NCT07231419,https://clinicaltrials.gov/study/NCT07231419,Pain associated with diabetic peripheral neuropathy; separate from the approved acute-pain indication.
