ticker,company,drug,indication,pdufa_date,signal,approval_probability,confidence,science_score,regulatory_score,safety_score,cmc_score,science_summary,regulatory_summary,trading_summary,evidence_cutoff,evidence_summary,application_type,market_cap,trade_score,short_interest,iv_30d,financing_status,setup_phase,outcome,phase1_date,phase2_date,phase3_date,nda_submission_date,fda_acceptance_date,decision_date
BFRI,Biofrontera Inc.,Ameluz PDT,superficial basal cell carcinoma (sBCC),2026-09-28,EXCLUDED,,PENDING,,,,,UNVERIFIED,"Imported identity/date only. Existing CLOSED_VERIFIED does not establish second financing sequence. FDA label confirms adult sBCC indication, NDA 208081/S040; SEC approval announcement https://www.sec.gov/Archives/edgar/data/1858685/000149315226042508/ex99-1.htm dated September 14, 2026. Resolved approval; do not monitor as pending. Scope: regulatory source review only; finance/clinical/designation/market coverage incomplete unless explicitly stated. No full scan PASS. FDA pending goal not independently public-confirmed unless FDA evidence linked. days_to_pdufa=-3 (2026-10-01, reported unless SEC-verified).",,2026-10-02T06:02:48.976Z,https://www.accessdata.fda.gov/drugsatfda_docs/label/2026/208081s040lbl.pdf,FDA,,,,,UNVERIFIED,EXCLUDED,APPROVED,,,,,,
SRRK,Scholar Rock Holding Corp,apitegromab,spinal muscular atrophy; age >=2 on SMN2-targeted treatment,2026-09-30,EXCLUDED,,PENDING,,,,,UNVERIFIED,"Imported identity/date only. Existing CLOSED_VERIFIED does not establish second financing sequence. FDA confirms Isembyld/apitegromab for SMA; September 11, 2026 approval per SEC https://www.sec.gov/Archives/edgar/data/1727196/000110465926107273/tm2625362d1_8k.htm ; original BLA 761463. Historical event resolved, unrelated programs unaffected. Scope: regulatory source review only; finance/clinical/designation/market coverage incomplete unless explicitly stated. No full scan PASS. FDA pending goal not independently public-confirmed unless FDA evidence linked. days_to_pdufa=-1 (2026-10-01, reported unless SEC-verified).",,2026-10-02T06:02:48.976Z,https://www.fda.gov/drugs/news-events-human-drugs/fda-approves-first-therapy-target-muscle-loss-spinal-muscular-atrophy,FDA,,,,,UNVERIFIED,EXCLUDED,APPROVED,,,,,,
IRD,"Opus Genetics, Inc.",Phentolamine Ophthalmic Solution 0.75%,presbyopia,2026-10-17,REVIEW,,PENDING,,,,,RESULTS_REVIEW,"Imported identity/date only. Existing CLOSED_VERIFIED does not establish second financing sequence. SEC confirms presbyopia sNDA goal October 17, 2026. VEGA-3 p<0.0001; saved NCT05646719 is not established as VEGA-3. Registry returned empty shell. Financing closes documented separately; November 7 versus November 10, 2025 conflict; second-close sequence NOT verified. Fast Track for low-light indication must not transfer to presbyopia. Scope: regulatory source review only; finance/clinical/designation/market coverage incomplete unless explicitly stated. No full scan PASS. FDA pending goal not independently public-confirmed unless FDA evidence linked. days_to_pdufa=16 (2026-10-01, reported unless SEC-verified). Later in run: SEC June 26 result explicitly matches VEGA-3 NCT06542497 (corrected). Enrollment conflict 545/40 vs 569/36 remains; RESULTS_REVIEW. Nightly 2026-10-03T06:07:48.699Z: saved regulatory source re-opened successfully; exact NCT pages, where present, rendered shell-only. Fresh FDA/SEC search found no application-specific decision, extension, withdrawal, or new designation. Market quote checked; financing sequence remains unverified unless separately documented.",,2026-10-03T06:07:48.699Z,https://www.sec.gov/Archives/edgar/data/1228627/000114036126009247/ef20060643_10k.htm,FDA,,,,,UNVERIFIED,REVIEW,,,,2025-06-26,,,
VTRS,Viatris Inc,MR-141 (phentolamine ophthalmic solution 0.75%),presbyopia,2026-10-17,REVIEW,,PENDING,,,,,RESULTS_REVIEW,"Imported identity/date only. Existing CLOSED_VERIFIED does not establish second financing sequence. Issuer fallback dated February 25, 2026 supports October 17 presbyopia sNDA goal and Viatris US commercialization role. FDA date NOT_PUBLICLY_CONFIRMED. Exact trial verification, company financing ordering and designation review incomplete. Scope: regulatory source review only; finance/clinical/designation/market coverage incomplete unless explicitly stated. No full scan PASS. FDA pending goal not independently public-confirmed unless FDA evidence linked. days_to_pdufa=16 (2026-10-01, reported unless SEC-verified). Nightly 2026-10-03T06:07:48.699Z: saved regulatory source re-opened successfully; exact NCT pages, where present, rendered shell-only. Fresh FDA/SEC search found no application-specific decision, extension, withdrawal, or new designation. Market quote checked; financing sequence remains unverified unless separately documented.",,2026-10-03T06:07:48.699Z,https://newsroom.viatris.com/2026-02-25-FDA-Accepts-Viatris-Supplemental-New-Drug-Application-for-MR-141-Phentolamine-Ophthalmic-Solution-0-75-for-the-Treatment-of-Presbyopia,FDA,,,,,UNVERIFIED,REVIEW,,,,2025-06-26,,,
IONS,IONIS PHARMACEUTICALS INC,bepirovirsen,chronic hepatitis B (CHB),2026-10-26,REVIEW,,PENDING,,,,,RESULTS_VERIFIED,"Imported identity/date only. Existing CLOSED_VERIFIED does not establish second financing sequence. Issuer-hosted SEC 8-K confirms NDA priority review goal October 26, 2026. GSK SEC results match B-Well NCT05630807/NCT05630820, not saved NCT07696520. Original NCT retained here as conflict history. First topline January 7; numerical disclosure May 28. Direct registry retrieval incomplete. Second financing remains unverified. Scope: regulatory source review only; finance/clinical/designation/market coverage incomplete unless explicitly stated. No full scan PASS. FDA pending goal not independently public-confirmed unless FDA evidence linked. days_to_pdufa=25 (2026-10-01, reported unless SEC-verified). Nightly 2026-10-03T06:07:48.699Z: issuer-hosted regulatory file returned FETCH_ERROR and exact NCT pages rendered shell-only. Prior verified facts retained. Fresh FDA-domain search found no application-specific decision; market quote checked.",,2026-10-03T06:07:48.699Z,https://ir.ionis.com/static-files/41f88614-0d27-446a-8e44-034684b8ba55,FDA,,,,,UNVERIFIED,REVIEW,,,,2026-01-07,,,
INO,"INOVIO PHARMACEUTICALS, INC.",INO-3107,recurrent respiratory papillomatosis (RRP),2026-10-30,EXCLUDED,,PENDING,,,,,PHASE_1_2_NOT_PHASE_3,"Imported identity/date only. Existing CLOSED_VERIFIED does not establish second financing sequence. BLA goal October 30, 2026; submitted trial is Phase 1/2, NOT matched Phase 3. Excluded from strict post-Phase-3 bucket, regulatory history retained. July 31 public offering closed, ~$18.3m net, but no post-Phase-3 sequence proven. Requested priority review was not granted; standard review. Accelerated approval is a pathway, not designation; eligibility issue noted by issuer. Registry fetch incomplete. Scope: regulatory source review only; finance/clinical/designation/market coverage incomplete unless explicitly stated. No full scan PASS. FDA pending goal not independently public-confirmed unless FDA evidence linked. days_to_pdufa=29 (2026-10-01, reported unless SEC-verified). Nightly 2026-10-03T06:07:48.699Z: saved regulatory source re-opened successfully; exact NCT pages, where present, rendered shell-only. Fresh FDA/SEC search found no application-specific decision, extension, withdrawal, or new designation. Market quote checked; financing sequence remains unverified unless separately documented.",,2026-10-03T06:07:48.699Z,https://www.sec.gov/Archives/edgar/data/1055726/000105572626000023/ino-20260630.htm,FDA,,,,,UNVERIFIED,EXCLUDED,,,,,,,
AGIO,"AGIOS PHARMACEUTICALS, INC.",mitapivat,sickle cell disease,2026-11-01,REVIEW,95,FROZEN MODEL,,,,,UNVERIFIED,"Imported identity/date only. Existing CLOSED_VERIFIED does not establish second financing sequence. Issuer fallback July 7, 2026: sickle-cell sNDA, priority review, November 1 goal. Accelerated approval pathway separate from designation. Full trial/financing verification remains pending. Scope: regulatory source review only; finance/clinical/designation/market coverage incomplete unless explicitly stated. No full scan PASS. FDA pending goal not independently public-confirmed unless FDA evidence linked. days_to_pdufa=31 (2026-10-01, reported unless SEC-verified). Nightly 2026-10-03T06:07:48.699Z: saved regulatory source re-opened successfully; exact NCT pages, where present, rendered shell-only. Fresh FDA/SEC search found no application-specific decision, extension, withdrawal, or new designation. Market quote checked; financing sequence remains unverified unless separately documented.",,2026-10-03T06:07:48.699Z,https://investor.agios.com/news-releases/news-release-details/us-fda-grants-priority-review-agios-snda-mitapivat-sickle-cell,FDA,,,,,UNVERIFIED,REVIEW,,,,,,,
CYTK,CYTOKINETICS INC,MYQORZO,symptomatic obstructive HCM / MAPLE-HCM expansion,2026-11-14,REVIEW,97.5,FROZEN MODEL,,,,,UNVERIFIED,"Imported identity/date only. Existing CLOSED_VERIFIED does not establish second financing sequence. SEC disclosure confirms MAPLE-HCM supplemental NDA November 14 goal; do not confuse prior MYQORZO approval with this pending supplement. Full trial and financing verification pending. Scope: regulatory source review only; finance/clinical/designation/market coverage incomplete unless explicitly stated. No full scan PASS. FDA pending goal not independently public-confirmed unless FDA evidence linked. days_to_pdufa=44 (2026-10-01, reported unless SEC-verified). Nightly 2026-10-03T06:07:48.699Z: saved regulatory source re-opened successfully; exact NCT pages, where present, rendered shell-only. Fresh FDA/SEC search found no application-specific decision, extension, withdrawal, or new designation. Market quote checked; financing sequence remains unverified unless separately documented.",,2026-10-03T06:07:48.699Z,https://www.sec.gov/Archives/edgar/data/1061983/000119312526206360/cytk-ex99_1.htm,FDA,,,,,UNVERIFIED,REVIEW,,,,,,,
SMMT,Summit Therapeutics Inc.,ivonescimab,EGFR-mutated locally advanced/metastatic nonsquamous NSCLC after TKI; with chemotherapy,2026-11-14,REVIEW,,PENDING,,,,,UNVERIFIED,"Imported identity/date only. Existing CLOSED_VERIFIED does not establish second financing sequence. SEC January 29 BLA filing: ivonescimab plus chemotherapy in EGFR-mutated locally advanced/metastatic nonsquamous NSCLC after TKI; November 14 goal. Do not transfer first-line HARMONi-2/3 data to this application. Full trial/financing/designation review pending. Scope: regulatory source review only; finance/clinical/designation/market coverage incomplete unless explicitly stated. No full scan PASS. FDA pending goal not independently public-confirmed unless FDA evidence linked. days_to_pdufa=44 (2026-10-01, reported unless SEC-verified). Nightly 2026-10-03T06:07:48.699Z: existing regulatory evidence re-opened; no FDA outcome found. New SEC filing dated 2026-09-28 discloses $2.0B AstraZeneca preferred-equity investment, expected to close by week-end; actual close not verified, so it is pending dilution and does not satisfy any post-readout second-close rule. SEC: https://www.sec.gov/Archives/edgar/data/1599298/000119312526405776/d178892d8k.htm",,2026-10-03T06:07:48.699Z,https://www.sec.gov/Archives/edgar/data/1599298/000159929826000006/smmt-20260129.htm,FDA,,,,,UNVERIFIED,REVIEW,,,,,,,
CAPR,"CAPRICOR THERAPEUTICS, INC.",Deramiocel,Duchenne muscular dystrophy (DMD),2026-11-22,REVIEW,34,FROZEN MODEL,,,,,UNVERIFIED,"Imported identity/date only. Existing CLOSED_VERIFIED does not establish second financing sequence. Issuer fallback September 17: November 22 goal, HOPE-3 major amendment. Saved NCT03406780 not yet matched to HOPE-3; keep trial/financing REVIEW. Prior August 22 goal superseded per issuer timeline; FDA letter not obtained. Scope: regulatory source review only; finance/clinical/designation/market coverage incomplete unless explicitly stated. No full scan PASS. FDA pending goal not independently public-confirmed unless FDA evidence linked. days_to_pdufa=52 (2026-10-01, reported unless SEC-verified). Nightly 2026-10-03T06:07:48.699Z: saved regulatory source re-opened successfully; exact NCT pages, where present, rendered shell-only. Fresh FDA/SEC search found no application-specific decision, extension, withdrawal, or new designation. Market quote checked; financing sequence remains unverified unless separately documented.",,2026-10-03T06:07:48.699Z,https://www.capricor.com/investors/news-events/press-releases/detail/355/capricor-therapeutics-to-present-hope-3-and-hope-3,FDA,,,,,UNVERIFIED,REVIEW,,,,,,,
BBIO,"BridgeBio Pharma, Inc.",BBP-418,LGMD2I/R9,2026-11-27,REVIEW,,PENDING,,,,,UNVERIFIED,"Imported identity/date only. Existing CLOSED_VERIFIED does not establish second financing sequence. SEC supports BBP-418 NDA priority review November 27; saved NCT match not verified. Separate encaleret event source says May 8, 2027 versus saved May 7; flagged for later keyed review, not transferred to this program. Scope: regulatory source review only; finance/clinical/designation/market coverage incomplete unless explicitly stated. No full scan PASS. FDA pending goal not independently public-confirmed unless FDA evidence linked. days_to_pdufa=57 (2026-10-01, reported unless SEC-verified). Nightly 2026-10-03T06:07:48.699Z: saved regulatory source re-opened successfully; exact NCT pages, where present, rendered shell-only. Fresh FDA/SEC search found no application-specific decision, extension, withdrawal, or new designation. Market quote checked; financing sequence remains unverified unless separately documented.",,2026-10-03T06:07:48.699Z,https://www.sec.gov/Archives/edgar/data/1743881/000174388126000026/bbio-20260630xex991.htm,FDA,,,,,UNVERIFIED,REVIEW,,,,,,,
VRTX,VERTEX PHARMACEUTICALS INC / MA,povetacicept,IgA nephropathy (IgAN) in adults,2026-11-30,REVIEW,,PENDING,,,,,UNVERIFIED,"Imported identity/date only. Existing CLOSED_VERIFIED does not establish second financing sequence. Issuer fallback June 1: IgAN original BLA accelerated-approval request; November 30 goal. Exact Phase 3 RAINIER match/financing sequence pending. Scope: regulatory source review only; finance/clinical/designation/market coverage incomplete unless explicitly stated. No full scan PASS. FDA pending goal not independently public-confirmed unless FDA evidence linked. days_to_pdufa=60 (2026-10-01, reported unless SEC-verified). Nightly 2026-10-03T06:07:48.699Z: saved regulatory source re-opened successfully; exact NCT pages, where present, rendered shell-only. Fresh FDA/SEC search found no application-specific decision, extension, withdrawal, or new designation. Market quote checked; financing sequence remains unverified unless separately documented.",,2026-10-03T06:07:48.699Z,https://investors.vrtx.com/news-releases/news-release-details/vertex-announces-us-fda-acceptance-biologics-license-application,FDA,,,,,UNVERIFIED,REVIEW,,,,,,,
ZLAB,Zai Lab Ltd,povetacicept,IgA nephropathy (IgAN) in adults,2026-11-30,REVIEW,,PENDING,,,,,UNVERIFIED,"Imported identity/date only. Existing CLOSED_VERIFIED does not establish second financing sequence. Zai rights are licensed Asian territories; US BLA is Vertex's. Shared drug exposure is not a separate Zai FDA application. Keep REVIEW for company/application mapping; do not infer US sponsorship or reuse another company's financing. Scope: regulatory source review only; finance/clinical/designation/market coverage incomplete unless explicitly stated. No full scan PASS. FDA pending goal not independently public-confirmed unless FDA evidence linked. days_to_pdufa=60 (2026-10-01, reported unless SEC-verified). Nightly 2026-10-03T06:07:48.699Z: saved regulatory source re-opened successfully; exact NCT pages, where present, rendered shell-only. Fresh FDA/SEC search found no application-specific decision, extension, withdrawal, or new designation. Market quote checked; financing sequence remains unverified unless separately documented.",,2026-10-03T06:07:48.699Z,https://www.sec.gov/Archives/edgar/data/875320/000087532026000259/vrtx-20260630.htm,FDA,,,,,UNVERIFIED,REVIEW,,,,,,,
ANAB,"ANAPTYSBIO, INC",Quimilza (imsidolimab),generalized pustular psoriasis (GPP),2026-12-12,REVIEW,99.9,FROZEN MODEL,,,,,UNVERIFIED,"Imported identity/date only. Existing CLOSED_VERIFIED does not establish second financing sequence. Vanda SEC August 5 supports GPP BLA December 12 goal; Anaptys economic/rights mapping needs verification. ANAB 10-K fetch failed. No approval or financing PASS inferred. Scope: regulatory source review only; finance/clinical/designation/market coverage incomplete unless explicitly stated. No full scan PASS. FDA pending goal not independently public-confirmed unless FDA evidence linked. days_to_pdufa=72 (2026-10-01, reported unless SEC-verified). Nightly 2026-10-03T06:07:48.699Z: saved regulatory source re-opened successfully; exact NCT pages, where present, rendered shell-only. Fresh FDA/SEC search found no application-specific decision, extension, withdrawal, or new designation. Market quote checked; financing sequence remains unverified unless separately documented.",,2026-10-03T06:07:48.699Z,https://www.sec.gov/Archives/edgar/data/1347178/000162828026053308/vnda8-k852026exhibit991.htm,FDA,,,,,UNVERIFIED,REVIEW,,,,,,,
CORT,CORCEPT THERAPEUTICS INC,relacorilant,Cushing's syndrome / hypercortisolism,2026-12-17,REVIEW,,PENDING,,,,,UNVERIFIED,"Imported identity/date only. Existing CLOSED_VERIFIED does not establish second financing sequence. SEC July 29: Cushing's NDA resubmitted June, December 17 goal. Applicable Phase 3 is GRACE; other indications/trials must not substitute. Full readout/financing/designation review pending. Scope: regulatory source review only; finance/clinical/designation/market coverage incomplete unless explicitly stated. No full scan PASS. FDA pending goal not independently public-confirmed unless FDA evidence linked. days_to_pdufa=77 (2026-10-01, reported unless SEC-verified). Nightly 2026-10-03T06:07:48.699Z: saved regulatory source re-opened successfully; exact NCT pages, where present, rendered shell-only. Fresh FDA/SEC search found no application-specific decision, extension, withdrawal, or new designation. Market quote checked; financing sequence remains unverified unless separately documented.",,2026-10-03T06:07:48.699Z,https://www.sec.gov/Archives/edgar/data/1088856/000162828026050607/cort072926ex991pressrelease.htm,FDA,,,,,UNVERIFIED,REVIEW,,,,,,,
MLYS,"Mineralys Therapeutics, Inc.",lorundrostat,NOT_STATED_IN_SAVED_EVIDENCE,2026-12-22,REVIEW,90.1,FROZEN MODEL,,,,,UNVERIFIED,"Imported identity/date only. Existing CLOSED_VERIFIED does not establish second financing sequence. SEC supports lorundrostat NDA December 22 goal and hypertension launch preparation. Exact readout/endpoint/financing verification pending. Scope: regulatory source review only; finance/clinical/designation/market coverage incomplete unless explicitly stated. No full scan PASS. FDA pending goal not independently public-confirmed unless FDA evidence linked. days_to_pdufa=82 (2026-10-01, reported unless SEC-verified). Nightly 2026-10-03T06:07:48.699Z: saved regulatory source re-opened successfully; exact NCT pages, where present, rendered shell-only. Fresh FDA/SEC search found no application-specific decision, extension, withdrawal, or new designation. Market quote checked; financing sequence remains unverified unless separately documented.",,2026-10-03T06:07:48.699Z,https://www.sec.gov/Archives/edgar/data/1933414/000193341426000112/mlys2026q28kex991.htm,FDA,,,,,UNVERIFIED,REVIEW,,,,,,,
GILD,"GILEAD SCIENCES, INC.",anitocabtagene autoleucel (anito-cel),4L+ relapsed/refractory multiple myeloma,2026-12-23,REVIEW,,PENDING,,,,,UNVERIFIED,"Imported identity/date only. Existing CLOSED_VERIFIED does not establish second financing sequence. SEC confirms original anito-cel BLA for fourth-line-or-later RRMM, December 23 goal. Pivotal iMMagine-1 is Phase 2 per Arcellx filing; Phase 3 evidence for this application not established. Do not substitute unrelated Gilead trial names. Scope: regulatory source review only; finance/clinical/designation/market coverage incomplete unless explicitly stated. No full scan PASS. FDA pending goal not independently public-confirmed unless FDA evidence linked. days_to_pdufa=83 (2026-10-01, reported unless SEC-verified). Nightly 2026-10-03T06:07:48.699Z: saved regulatory source re-opened successfully; exact NCT pages, where present, rendered shell-only. Fresh FDA/SEC search found no application-specific decision, extension, withdrawal, or new designation. Market quote checked; financing sequence remains unverified unless separately documented.",,2026-10-03T06:07:48.699Z,https://www.sec.gov/Archives/edgar/data/882095/000088209526000022/exhibit991earningspressrel.htm,FDA,,,,,UNVERIFIED,REVIEW,,,,,,,
PRAX,"Praxis Precision Medicines, Inc.",relutrigine,SCN2A/SCN8A developmental and epileptic encephalopathies,2026-12-27,REVIEW,91.2,FROZEN MODEL,,,,,UNVERIFIED,"Imported identity/date only. Existing CLOSED_VERIFIED does not establish second financing sequence. SEC supports relutrigine SCN2A/SCN8A DEE NDA extension from September 27 to December 27 after major amendment; company reports Breakthrough and Orphan designations. Full endpoint/financing verification pending. Scope: regulatory source review only; finance/clinical/designation/market coverage incomplete unless explicitly stated. No full scan PASS. FDA pending goal not independently public-confirmed unless FDA evidence linked. days_to_pdufa=87 (2026-10-01, reported unless SEC-verified). Nightly 2026-10-03T06:07:48.699Z: saved regulatory source re-opened successfully; exact NCT pages, where present, rendered shell-only. Fresh FDA/SEC search found no application-specific decision, extension, withdrawal, or new designation. Market quote checked; financing sequence remains unverified unless separately documented.",,2026-10-03T06:07:48.699Z,https://www.sec.gov/Archives/edgar/data/1689548/000168954826000082/praxisq22026pr.htm,FDA,,,,,UNVERIFIED,REVIEW,,,,,,,
VTRS,Viatris Inc,MR-107A-02 (fast-acting meloxicam),moderate-to-severe acute pain,2026-12-27,REVIEW,,PENDING,,,,,UNVERIFIED,"Imported identity/date only. Existing CLOSED_VERIFIED does not establish second financing sequence. SEC confirms MR-107A-02 NDA for moderate/severe acute pain, December 27 goal. Company manufacturing issues reported; product-specific relevance unresolved. Full trial/financing/designation review pending. Scope: regulatory source review only; finance/clinical/designation/market coverage incomplete unless explicitly stated. No full scan PASS. FDA pending goal not independently public-confirmed unless FDA evidence linked. days_to_pdufa=87 (2026-10-01, reported unless SEC-verified). Nightly 2026-10-03T06:07:48.699Z: saved regulatory source re-opened successfully; exact NCT pages, where present, rendered shell-only. Fresh FDA/SEC search found no application-specific decision, extension, withdrawal, or new designation. Market quote checked; financing sequence remains unverified unless separately documented.",,2026-10-03T06:07:48.699Z,https://www.sec.gov/Archives/edgar/data/1792044/000179204426000037/exhibit991-2q26earningsrel.htm,FDA,,,,,UNVERIFIED,REVIEW,,,,,,,
COGT,"Cogent Biosciences, Inc.",bezuclastinib,Non-Advanced Systemic Mastocytosis (NonAdvSM),2026-12-30,REVIEW,100,FROZEN MODEL,,,,,UNVERIFIED,"Imported identity/date only. Existing CLOSED_VERIFIED does not establish second financing sequence. SEC supports NonAdvSM NDA December 30 goal. Separate GIST November 30 application discovered as lead; do not combine indications. SUMMIT pivotal phase/result identity and financing sequence require verification. Scope: regulatory source review only; finance/clinical/designation/market coverage incomplete unless explicitly stated. No full scan PASS. FDA pending goal not independently public-confirmed unless FDA evidence linked. days_to_pdufa=90 (2026-10-01, reported unless SEC-verified). Nightly 2026-10-03T06:07:48.699Z: saved regulatory source re-opened successfully; exact NCT pages, where present, rendered shell-only. Fresh FDA/SEC search found no application-specific decision, extension, withdrawal, or new designation. Market quote checked; financing sequence remains unverified unless separately documented.",,2026-10-03T06:07:48.699Z,https://www.sec.gov/Archives/edgar/data/1622229/000119312526341315/cogt-ex99_1.htm,FDA,,,,,UNVERIFIED,REVIEW,,,,,,,
NUVB,Nuvation Bio Inc.,IBTROZI (taletrectinib),advanced ROS1-positive NSCLC,2027-01-04,REVIEW,,PENDING,,,,,UNVERIFIED,Imported identity/date only. Existing CLOSED_VERIFIED does not establish second financing sequence.,,,,FDA,,,,,UNVERIFIED,REVIEW,,,,,,,
IBRX,"ImmunityBio, Inc.",ANKTIVA + BCG,BCG-unresponsive NMIBC with papillary disease without CIS,2027-01-06,REVIEW,,PENDING,,,,,UNVERIFIED,Imported identity/date only. Existing CLOSED_VERIFIED does not establish second financing sequence.,,,,FDA,,,,,UNVERIFIED,REVIEW,,,,,,,
DYN,"Dyne Therapeutics, Inc.",z-rostudirsen,exon 51 Duchenne muscular dystrophy,2027-01-21,REVIEW,,PENDING,,,,,UNVERIFIED,Imported identity/date only. Existing CLOSED_VERIFIED does not establish second financing sequence.,,,,FDA,,,,,UNVERIFIED,REVIEW,,,,,,,
PRAX,"Praxis Precision Medicines, Inc.",ulixacaltamide HCl,Essential Tremor,2027-01-29,REVIEW,,PENDING,,,,,UNVERIFIED,Imported identity/date only. Existing CLOSED_VERIFIED does not establish second financing sequence.,,,,FDA,,,,,UNVERIFIED,REVIEW,,,,,,,
ARQT,"Arcutis Biotherapeutics, Inc.",ZORYVE cream 0.05%,"mild-to-moderate atopic dermatitis, age 3-24 months",2027-02-23,REVIEW,,PENDING,,,,,UNVERIFIED,Imported identity/date only. Existing CLOSED_VERIFIED does not establish second financing sequence.,,,,FDA,,,,,UNVERIFIED,REVIEW,,,,,,,
CGEM,"Cullinan Therapeutics, Inc.",zipalertinib,locally advanced/metastatic EGFR exon 20 insertion NSCLC after platinum +/- amivantamab,2027-02-27,REVIEW,,PENDING,,,,,UNVERIFIED,Imported identity/date only. Existing CLOSED_VERIFIED does not establish second financing sequence.,,,,FDA,,,,,UNVERIFIED,REVIEW,,,,,,,
APMD,"Apnimed, Inc.",Oxnimbi,obstructive sleep apnea (OSA),2027-02-28,REVIEW,,PENDING,,,,,UNVERIFIED,Imported identity/date only. Existing CLOSED_VERIFIED does not establish second financing sequence.,,,,FDA,,,,,UNVERIFIED,REVIEW,,,,,,,
BMRN,BIOMARIN PHARMACEUTICAL INC,VOXZOGO,full approval in children with achondroplasia,2027-02-28,REVIEW,,PENDING,,,,,UNVERIFIED,Imported identity/date only. Existing CLOSED_VERIFIED does not establish second financing sequence.,,,,FDA,,,,,UNVERIFIED,REVIEW,,,,,,,
EXEL,"EXELIXIS, INC.",zanzalintinib + atezolizumab,metastatic colorectal cancer,2027-03-03,REVIEW,,PENDING,,,,,UNVERIFIED,Imported identity/date only. Existing CLOSED_VERIFIED does not establish second financing sequence.,,,,FDA,,,,,UNVERIFIED,REVIEW,,,,,,,
NTLA,"Intellia Therapeutics, Inc.",lonvoguran ziclumeran (lonvo-z),hereditary angioedema (HAE),2027-03-10,REVIEW,,PENDING,,,,,UNVERIFIED,Imported identity/date only. Existing CLOSED_VERIFIED does not establish second financing sequence.,,,,FDA,,,,,UNVERIFIED,REVIEW,,,,,,,
HRMY,"Harmony Biosciences Holdings, Inc.",pitolisant GR,NOT_STATED_IN_SAVED_EVIDENCE,2027-04-01,REVIEW,,PENDING,,,,,UNVERIFIED,Imported identity/date only. Existing CLOSED_VERIFIED does not establish second financing sequence.,,,,FDA,,,,,UNVERIFIED,REVIEW,,,,,,,
IMNM,Immunome Inc.,varegacestat,adults with desmoid tumors,2027-04-28,REVIEW,,PENDING,,,,,UNVERIFIED,Imported identity/date only. Existing CLOSED_VERIFIED does not establish second financing sequence.,,,,FDA,,,,,UNVERIFIED,REVIEW,,,,,,,
AXSM,"Axsome Therapeutics, Inc.",AXS-12,cataplexy in narcolepsy,2027-05-01,REVIEW,,PENDING,,,,,UNVERIFIED,Imported identity/date only. Existing CLOSED_VERIFIED does not establish second financing sequence.,,,,FDA,,,,,UNVERIFIED,REVIEW,,,,,,,
BBIO,"BridgeBio Pharma, Inc.",encaleret,autosomal dominant hypocalcemia type 1 (ADH1),2027-05-07,REVIEW,,PENDING,,,,,UNVERIFIED,Imported identity/date only. Existing CLOSED_VERIFIED does not establish second financing sequence.,,,,FDA,,,,,UNVERIFIED,REVIEW,,,,,,,
BMY,BRISTOL MYERS SQUIBB CO,mezigdomide + carfilzomib + dexamethasone,relapsed/refractory multiple myeloma (RRMM),2027-05-13,REVIEW,,PENDING,,,,,UNVERIFIED,Imported identity/date only. Existing CLOSED_VERIFIED does not establish second financing sequence.,,,,FDA,,,,,UNVERIFIED,REVIEW,,,,,,,
ZBIO,"Zenas BioPharma, Inc.",obexelimab,IgG4-related disease (IgG4-RD),2027-05-27,REVIEW,,PENDING,,,,,UNVERIFIED,Imported identity/date only. Existing CLOSED_VERIFIED does not establish second financing sequence.,,,,FDA,,,,,UNVERIFIED,REVIEW,,,,,,,
SVRA,Savara Inc,MOLBREEVI,pulmonary alveolar proteinosis,2026-11-22,REVIEW,85.4,FROZEN MODEL,,,,,UNVERIFIED,Added from locked Q4 validation cohort so live event list and validation cohort correspond.,,,,FDA,1057424383,,,,UNVERIFIED,REVIEW,,,,,,,
COGT,"Cogent Biosciences, Inc.",bezuclastinib + sunitinib,gastrointestinal stromal tumor (GIST),2026-11-30,REVIEW,100,FROZEN MODEL,,,,,UNVERIFIED,Added from corrected locked Q4 validation cohort so live event list and validation cohort correspond.,,,,FDA,,,,,UNVERIFIED,REVIEW,,,,,,,
