phase2_nct_id,phase3_nct_id,ticker,program_key,result_first_posted,primary_endpoint,p_value,p_value_modifier,statistical_method,effect_parameter,effect_value,ci_lower,ci_upper,source_url,checked_at,evidence_status
NCT03909971,NCT03052608,PFE,PFE|lorlatinib|carcinoma non small cell lung,2021-10-26,Percentage of Participants With Objective Response (Cohort 1),<0.0001,,Fisher Exact,,,,,https://clinicaltrials.gov/study/NCT03909971,2026-10-10T17:51:03.895492+00:00,PHASE2_PRIMARY_P_RECORDED_NOT_ADJUDICATED
NCT05964335,NCT07671911,TRVI,TRVI|nal er|idiopathic pulmonary fibrosis,2026-06-26,Relative Change From Baseline in 24-hour Cough Frequency at Week 6,0.0028,,MMRM,Least square (LS) mean difference,-0.71,-1.17,-0.25,https://clinicaltrials.gov/study/NCT05964335,2026-10-10T17:51:03.895492+00:00,PHASE2_PRIMARY_P_RECORDED_NOT_ADJUDICATED
NCT05964335,NCT07671911,TRVI,TRVI|nal er|idiopathic pulmonary fibrosis,2026-06-26,Relative Change From Baseline in 24-hour Cough Frequency at Week 6,0.0000,,MMRM,Least square (LS) mean difference,-1.08,-1.55,-0.61,https://clinicaltrials.gov/study/NCT05964335,2026-10-10T17:51:03.895492+00:00,PHASE2_PRIMARY_P_RECORDED_NOT_ADJUDICATED
NCT05964335,NCT07671911,TRVI,TRVI|nal er|idiopathic pulmonary fibrosis,2026-06-26,Relative Change From Baseline in 24-hour Cough Frequency at Week 6,0.0000,,MMRM,Least square (LS) mean difference,-1.14,-1.61,-0.67,https://clinicaltrials.gov/study/NCT05964335,2026-10-10T17:51:03.895492+00:00,PHASE2_PRIMARY_P_RECORDED_NOT_ADJUDICATED
NCT05964335,NCT07868419,TRVI,TRVI|nal er|idiopathic pulmonary fibrosis,2026-06-26,Relative Change From Baseline in 24-hour Cough Frequency at Week 6,0.0028,,MMRM,Least square (LS) mean difference,-0.71,-1.17,-0.25,https://clinicaltrials.gov/study/NCT05964335,2026-10-10T17:51:03.895492+00:00,PHASE2_PRIMARY_P_RECORDED_NOT_ADJUDICATED
NCT05964335,NCT07868419,TRVI,TRVI|nal er|idiopathic pulmonary fibrosis,2026-06-26,Relative Change From Baseline in 24-hour Cough Frequency at Week 6,0.0000,,MMRM,Least square (LS) mean difference,-1.08,-1.55,-0.61,https://clinicaltrials.gov/study/NCT05964335,2026-10-10T17:51:03.895492+00:00,PHASE2_PRIMARY_P_RECORDED_NOT_ADJUDICATED
NCT05964335,NCT07868419,TRVI,TRVI|nal er|idiopathic pulmonary fibrosis,2026-06-26,Relative Change From Baseline in 24-hour Cough Frequency at Week 6,0.0000,,MMRM,Least square (LS) mean difference,-1.14,-1.61,-0.67,https://clinicaltrials.gov/study/NCT05964335,2026-10-10T17:51:03.895492+00:00,PHASE2_PRIMARY_P_RECORDED_NOT_ADJUDICATED
NCT06179108,NCT07369154,LBRX,LBRX|lb 102|schizophrenia,2025-10-22,Change From Baseline to Week 4 in the PANSS Total Score,0.0009,,Mixed Models Analysis,,,,,https://clinicaltrials.gov/study/NCT06179108,2026-10-10T17:51:03.895492+00:00,PHASE2_PRIMARY_P_RECORDED_NOT_ADJUDICATED
NCT06179108,NCT07369154,LBRX,LBRX|lb 102|schizophrenia,2025-10-22,Change From Baseline to Week 4 in the PANSS Total Score,0.0022,,Mixed Models Analysis,,,,,https://clinicaltrials.gov/study/NCT06179108,2026-10-10T17:51:03.895492+00:00,PHASE2_PRIMARY_P_RECORDED_NOT_ADJUDICATED
NCT06179108,NCT07369154,LBRX,LBRX|lb 102|schizophrenia,2025-10-22,Change From Baseline to Week 4 in the PANSS Total Score,.0017,,Mixed Models Analysis,,,,,https://clinicaltrials.gov/study/NCT06179108,2026-10-10T17:51:03.895492+00:00,PHASE2_PRIMARY_P_RECORDED_NOT_ADJUDICATED
NCT06644924,NCT05555290,AZN,AZN||asthma,2026-08-27,Change From Baseline in FEV1 AUC 0-6 Hours (mL) for Ventolin Evohaler Compared With Placebo - Superiority Analysis,<0.001,,Linear mixed effect model,Difference in Least square means,137.43,92.67,182.19,https://clinicaltrials.gov/study/NCT06644924,2026-10-10T17:51:03.895492+00:00,PHASE2_PRIMARY_P_RECORDED_NOT_ADJUDICATED
NCT06644924,NCT06307665,AZN,AZN||asthma,2026-08-27,Change From Baseline in FEV1 AUC 0-6 Hours (mL) for Ventolin Evohaler Compared With Placebo - Superiority Analysis,<0.001,,Linear mixed effect model,Difference in Least square means,137.43,92.67,182.19,https://clinicaltrials.gov/study/NCT06644924,2026-10-10T17:51:03.895492+00:00,PHASE2_PRIMARY_P_RECORDED_NOT_ADJUDICATED
NCT06644924,NCT06471257,AZN,AZN||asthma,2026-08-27,Change From Baseline in FEV1 AUC 0-6 Hours (mL) for Ventolin Evohaler Compared With Placebo - Superiority Analysis,<0.001,,Linear mixed effect model,Difference in Least square means,137.43,92.67,182.19,https://clinicaltrials.gov/study/NCT06644924,2026-10-10T17:51:03.895492+00:00,PHASE2_PRIMARY_P_RECORDED_NOT_ADJUDICATED
