ticker,market_cap,market_cap_source,market_cap_checked_at,market_cap_status
AARD,101545685.0,https://api.nasdaq.com/api/quote/AARD/summary?assetclass=stocks,2026-10-09T13:58:35.860078+00:00,VERIFIED
ABBV,485904239856.0,https://api.nasdaq.com/api/quote/ABBV/summary?assetclass=stocks,2026-10-09T13:58:35.860954+00:00,VERIFIED
ABCL,3987277062.0,https://api.nasdaq.com/api/quote/ABCL/summary?assetclass=stocks,2026-10-09T13:58:35.861735+00:00,VERIFIED
ABEO,283346804.0,https://api.nasdaq.com/api/quote/ABEO/summary?assetclass=stocks,2026-10-09T13:58:35.862408+00:00,VERIFIED
ABOS,154397403.0,https://api.nasdaq.com/api/quote/ABOS/summary?assetclass=stocks,2026-10-09T13:58:35.863023+00:00,VERIFIED
ABUS,826014711.0,https://api.nasdaq.com/api/quote/ABUS/summary?assetclass=stocks,2026-10-09T13:58:35.863676+00:00,VERIFIED
ABVX,7844116350.0,https://api.nasdaq.com/api/quote/ABVX/summary?assetclass=stocks,2026-10-09T13:58:36.214512+00:00,VERIFIED
ACAD,3422849115.0,https://api.nasdaq.com/api/quote/ACAD/summary?assetclass=stocks,2026-10-09T13:58:36.360747+00:00,VERIFIED
ACHV,756333302.0,https://api.nasdaq.com/api/quote/ACHV/summary?assetclass=stocks,2026-10-09T13:58:36.406622+00:00,VERIFIED
ACIU,261049215.0,https://api.nasdaq.com/api/quote/ACIU/summary?assetclass=stocks,2026-10-09T13:58:36.426244+00:00,VERIFIED
ACRS,543899910.0,https://api.nasdaq.com/api/quote/ACRS/summary?assetclass=stocks,2026-10-09T13:58:36.465001+00:00,VERIFIED
ACRV,80992854.0,https://api.nasdaq.com/api/quote/ACRV/summary?assetclass=stocks,2026-10-09T13:58:36.534728+00:00,VERIFIED
ACTU,15313857.0,https://api.nasdaq.com/api/quote/ACTU/summary?assetclass=stocks,2026-10-09T13:58:36.681075+00:00,VERIFIED
ACXP,6893662.0,https://api.nasdaq.com/api/quote/ACXP/summary?assetclass=stocks,2026-10-09T13:58:36.703617+00:00,VERIFIED
ADAG,184944463.0,https://api.nasdaq.com/api/quote/ADAG/summary?assetclass=stocks,2026-10-09T13:58:36.768792+00:00,VERIFIED
AGEN,340295037.0,https://api.nasdaq.com/api/quote/AGEN/summary?assetclass=stocks,2026-10-09T13:58:36.816414+00:00,VERIFIED
AGIO,1908370658.0,https://api.nasdaq.com/api/quote/AGIO/summary?assetclass=stocks,2026-10-09T13:58:36.836176+00:00,VERIFIED
AIM,7216977.0,https://api.nasdaq.com/api/quote/AIM/summary?assetclass=stocks,2026-10-09T13:58:36.901791+00:00,VERIFIED
AKBA,226368092.0,https://api.nasdaq.com/api/quote/AKBA/summary?assetclass=stocks,2026-10-09T13:58:36.967803+00:00,VERIFIED
AKTX,20132075.0,https://api.nasdaq.com/api/quote/AKTX/summary?assetclass=stocks,2026-10-09T13:58:37.098054+00:00,VERIFIED
ALDX,56332812.0,https://api.nasdaq.com/api/quote/ALDX/summary?assetclass=stocks,2026-10-09T13:58:37.100652+00:00,VERIFIED
ALEC,232693019.0,https://api.nasdaq.com/api/quote/ALEC/summary?assetclass=stocks,2026-10-09T13:58:37.131883+00:00,VERIFIED
ALGS,32940043.0,https://api.nasdaq.com/api/quote/ALGS/summary?assetclass=stocks,2026-10-09T13:58:37.155834+00:00,VERIFIED
ALKS,6811188843.0,https://api.nasdaq.com/api/quote/ALKS/summary?assetclass=stocks,2026-10-09T13:58:37.195960+00:00,VERIFIED
ALLO,488869597.0,https://api.nasdaq.com/api/quote/ALLO/summary?assetclass=stocks,2026-10-09T13:58:37.358153+00:00,VERIFIED
ALLR,15831170.0,https://api.nasdaq.com/api/quote/ALLR/summary?assetclass=stocks,2026-10-09T13:58:37.493926+00:00,VERIFIED
ALMS,904752321.0,https://api.nasdaq.com/api/quote/ALMS/summary?assetclass=stocks,2026-10-09T13:58:37.501805+00:00,VERIFIED
ALNY,30940682355.0,https://api.nasdaq.com/api/quote/ALNY/summary?assetclass=stocks,2026-10-09T13:58:37.527592+00:00,VERIFIED
ALT,504773434.0,https://api.nasdaq.com/api/quote/ALT/summary?assetclass=stocks,2026-10-09T13:58:37.537187+00:00,VERIFIED
ALZN,6900784.0,https://api.nasdaq.com/api/quote/ALZN/summary?assetclass=stocks,2026-10-09T13:58:37.542425+00:00,VERIFIED
AMGN,221829421132.0,https://api.nasdaq.com/api/quote/AMGN/summary?assetclass=stocks,2026-10-09T13:58:37.550208+00:00,VERIFIED
AMLX,3466412359.0,https://api.nasdaq.com/api/quote/AMLX/summary?assetclass=stocks,2026-10-09T13:58:37.724163+00:00,VERIFIED
AMPH,1103217324.0,https://api.nasdaq.com/api/quote/AMPH/summary?assetclass=stocks,2026-10-09T13:58:37.751195+00:00,VERIFIED
ANAB,1366135313.0,https://api.nasdaq.com/api/quote/ANAB/summary?assetclass=stocks,2026-10-09T13:58:37.755315+00:00,VERIFIED
ANNX,769691284.0,https://api.nasdaq.com/api/quote/ANNX/summary?assetclass=stocks,2026-10-09T13:58:37.903996+00:00,VERIFIED
ANRO,962216390.0,https://api.nasdaq.com/api/quote/ANRO/summary?assetclass=stocks,2026-10-09T13:58:37.933305+00:00,VERIFIED
ANTX,167737573.0,https://api.nasdaq.com/api/quote/ANTX/summary?assetclass=stocks,2026-10-09T13:58:38.008100+00:00,VERIFIED
ANVS,50766741.0,https://api.nasdaq.com/api/quote/ANVS/summary?assetclass=stocks,2026-10-09T13:58:38.011628+00:00,VERIFIED
APLM,61772810.0,https://api.nasdaq.com/api/quote/APLM/summary?assetclass=stocks,2026-10-09T13:58:38.048377+00:00,VERIFIED
APMD,783074953.0,https://api.nasdaq.com/api/quote/APMD/summary?assetclass=stocks,2026-10-09T13:58:38.245675+00:00,VERIFIED
APRE,7169393.0,https://api.nasdaq.com/api/quote/APRE/summary?assetclass=stocks,2026-10-09T13:58:38.270786+00:00,VERIFIED
AQST,615634633.0,https://api.nasdaq.com/api/quote/AQST/summary?assetclass=stocks,2026-10-09T13:58:38.376047+00:00,VERIFIED
ARDX,813597423.0,https://api.nasdaq.com/api/quote/ARDX/summary?assetclass=stocks,2026-10-09T13:58:38.394675+00:00,VERIFIED
ARMP,141849250.0,https://api.nasdaq.com/api/quote/ARMP/summary?assetclass=stocks,2026-10-09T13:58:38.396647+00:00,VERIFIED
ARQT,3158638980.0,https://api.nasdaq.com/api/quote/ARQT/summary?assetclass=stocks,2026-10-09T13:58:38.436899+00:00,VERIFIED
ARTV,342719748.0,https://api.nasdaq.com/api/quote/ARTV/summary?assetclass=stocks,2026-10-09T13:58:38.630537+00:00,VERIFIED
ARVN,496281190.0,https://api.nasdaq.com/api/quote/ARVN/summary?assetclass=stocks,2026-10-09T13:58:38.642288+00:00,VERIFIED
ARWR,8740826418.0,https://api.nasdaq.com/api/quote/ARWR/summary?assetclass=stocks,2026-10-09T13:58:38.644953+00:00,VERIFIED
ASMB,469108132.0,https://api.nasdaq.com/api/quote/ASMB/summary?assetclass=stocks,2026-10-09T13:58:38.646757+00:00,VERIFIED
ASND,15323487758.0,https://api.nasdaq.com/api/quote/ASND/summary?assetclass=stocks,2026-10-09T13:58:38.654451+00:00,VERIFIED
ATHE,55899690.0,https://api.nasdaq.com/api/quote/ATHE/summary?assetclass=stocks,2026-10-09T13:58:38.820232+00:00,VERIFIED
ATNM,34113958.0,https://api.nasdaq.com/api/quote/ATNM/summary?assetclass=stocks,2026-10-09T13:58:38.824354+00:00,VERIFIED
ATOS,25242634.0,https://api.nasdaq.com/api/quote/ATOS/summary?assetclass=stocks,2026-10-09T13:58:38.868295+00:00,VERIFIED
ATRA,94429757.0,https://api.nasdaq.com/api/quote/ATRA/summary?assetclass=stocks,2026-10-09T13:58:38.897645+00:00,VERIFIED
ATTO,747082903.0,https://api.nasdaq.com/api/quote/ATTO/summary?assetclass=stocks,2026-10-09T13:58:38.912976+00:00,VERIFIED
ATYR,25345791.0,https://api.nasdaq.com/api/quote/ATYR/summary?assetclass=stocks,2026-10-09T13:58:38.938618+00:00,VERIFIED
AUPH,2185365434.0,https://api.nasdaq.com/api/quote/AUPH/summary?assetclass=stocks,2026-10-09T13:58:39.065045+00:00,VERIFIED
AURA,682896167.0,https://api.nasdaq.com/api/quote/AURA/summary?assetclass=stocks,2026-10-09T13:58:39.155673+00:00,VERIFIED
AVBP,858201023.0,https://api.nasdaq.com/api/quote/AVBP/summary?assetclass=stocks,2026-10-09T13:58:39.181755+00:00,VERIFIED
AVIR,411450106.0,https://api.nasdaq.com/api/quote/AVIR/summary?assetclass=stocks,2026-10-09T13:58:39.221386+00:00,VERIFIED
AVLN,1157537110.0,https://api.nasdaq.com/api/quote/AVLN/summary?assetclass=stocks,2026-10-09T13:58:39.252599+00:00,VERIFIED
AVTX,732049350.0,https://api.nasdaq.com/api/quote/AVTX/summary?assetclass=stocks,2026-10-09T13:58:39.294033+00:00,VERIFIED
AVXL,138581779.0,https://api.nasdaq.com/api/quote/AVXL/summary?assetclass=stocks,2026-10-09T13:58:39.348712+00:00,VERIFIED
AXSM,8766191796.0,https://api.nasdaq.com/api/quote/AXSM/summary?assetclass=stocks,2026-10-09T13:58:39.457416+00:00,VERIFIED
AZN,247635414021.0,https://api.nasdaq.com/api/quote/AZN/summary?assetclass=stocks,2026-10-09T13:58:39.501116+00:00,VERIFIED
AZTR,7890607.0,https://api.nasdaq.com/api/quote/AZTR/summary?assetclass=stocks,2026-10-09T13:58:39.503132+00:00,VERIFIED
BCAX,1136520141.0,https://api.nasdaq.com/api/quote/BCAX/summary?assetclass=stocks,2026-10-09T13:58:39.634985+00:00,VERIFIED
BCDA,15895721.0,https://api.nasdaq.com/api/quote/BCDA/summary?assetclass=stocks,2026-10-09T13:58:39.664310+00:00,VERIFIED
BCRX,2156716286.0,https://api.nasdaq.com/api/quote/BCRX/summary?assetclass=stocks,2026-10-09T13:58:39.704998+00:00,VERIFIED
BCTX,34364159.0,https://api.nasdaq.com/api/quote/BCTX/summary?assetclass=stocks,2026-10-09T13:58:39.795753+00:00,VERIFIED
BDTX,103704013.0,https://api.nasdaq.com/api/quote/BDTX/summary?assetclass=stocks,2026-10-09T13:58:39.903861+00:00,VERIFIED
BEAM,2619127294.0,https://api.nasdaq.com/api/quote/BEAM/summary?assetclass=stocks,2026-10-09T13:58:39.929446+00:00,VERIFIED
BFRI,14623633.0,https://api.nasdaq.com/api/quote/BFRI/summary?assetclass=stocks,2026-10-09T13:58:40.012340+00:00,VERIFIED
BIIB,32731943177.0,https://api.nasdaq.com/api/quote/BIIB/summary?assetclass=stocks,2026-10-09T13:58:40.049748+00:00,VERIFIED
BIOA,286626197.0,https://api.nasdaq.com/api/quote/BIOA/summary?assetclass=stocks,2026-10-09T13:58:40.090255+00:00,VERIFIED
BIVI,11226744.0,https://api.nasdaq.com/api/quote/BIVI/summary?assetclass=stocks,2026-10-09T13:58:40.164238+00:00,VERIFIED
BLRX,10952075.0,https://api.nasdaq.com/api/quote/BLRX/summary?assetclass=stocks,2026-10-09T13:58:40.217158+00:00,VERIFIED
BLSM,540343453.0,https://api.nasdaq.com/api/quote/BLSM/summary?assetclass=stocks,2026-10-09T13:58:40.244115+00:00,VERIFIED
BLTE,6270775542.0,https://api.nasdaq.com/api/quote/BLTE/summary?assetclass=stocks,2026-10-09T13:58:40.356372+00:00,VERIFIED
BMEA,102564651.0,https://api.nasdaq.com/api/quote/BMEA/summary?assetclass=stocks,2026-10-09T13:58:40.357781+00:00,VERIFIED
BMRN,10819805259.0,https://api.nasdaq.com/api/quote/BMRN/summary?assetclass=stocks,2026-10-09T13:58:40.387634+00:00,VERIFIED
BMY,121592589898.0,https://api.nasdaq.com/api/quote/BMY/summary?assetclass=stocks,2026-10-09T13:58:40.449984+00:00,VERIFIED
BNTC,310979502.0,https://api.nasdaq.com/api/quote/BNTC/summary?assetclass=stocks,2026-10-09T13:58:40.467916+00:00,VERIFIED
BNTX,24123155267.0,https://api.nasdaq.com/api/quote/BNTX/summary?assetclass=stocks,2026-10-09T13:58:40.676314+00:00,VERIFIED
BOLT,7435692.0,https://api.nasdaq.com/api/quote/BOLT/summary?assetclass=stocks,2026-10-09T13:58:40.691461+00:00,VERIFIED
BRVE,1756660285.0,https://api.nasdaq.com/api/quote/BRVE/summary?assetclass=stocks,2026-10-09T13:58:40.729589+00:00,VERIFIED
CABA,331461345.0,https://api.nasdaq.com/api/quote/CABA/summary?assetclass=stocks,2026-10-09T13:58:40.751895+00:00,VERIFIED
CADL,742230081.0,https://api.nasdaq.com/api/quote/CADL/summary?assetclass=stocks,2026-10-09T13:58:40.754457+00:00,VERIFIED
CALC,9081628.0,https://api.nasdaq.com/api/quote/CALC/summary?assetclass=stocks,2026-10-09T13:58:40.800992+00:00,VERIFIED
CANF,5972451.0,https://api.nasdaq.com/api/quote/CANF/summary?assetclass=stocks,2026-10-09T13:58:40.915401+00:00,VERIFIED
CATX,309351007.0,https://api.nasdaq.com/api/quote/CATX/summary?assetclass=stocks,2026-10-09T13:58:41.013008+00:00,VERIFIED
CBIO,536729933.0,https://api.nasdaq.com/api/quote/CBIO/summary?assetclass=stocks,2026-10-09T13:58:41.033987+00:00,VERIFIED
CCCC,375964816.0,https://api.nasdaq.com/api/quote/CCCC/summary?assetclass=stocks,2026-10-09T13:58:41.047125+00:00,VERIFIED
CELU,49648144.0,https://api.nasdaq.com/api/quote/CELU/summary?assetclass=stocks,2026-10-09T13:58:41.078112+00:00,VERIFIED
CELZ,6329915.0,https://api.nasdaq.com/api/quote/CELZ/summary?assetclass=stocks,2026-10-09T13:58:41.165890+00:00,VERIFIED
CGEM,1007311848.0,https://api.nasdaq.com/api/quote/CGEM/summary?assetclass=stocks,2026-10-09T13:58:41.187324+00:00,VERIFIED
CGEN,198627736.0,https://api.nasdaq.com/api/quote/CGEN/summary?assetclass=stocks,2026-10-09T13:58:41.265726+00:00,VERIFIED
CGON,5754533145.0,https://api.nasdaq.com/api/quote/CGON/summary?assetclass=stocks,2026-10-09T13:58:41.318590+00:00,VERIFIED
CGTX,84994790.0,https://api.nasdaq.com/api/quote/CGTX/summary?assetclass=stocks,2026-10-09T13:58:41.374779+00:00,VERIFIED
CHRS,168406053.0,https://api.nasdaq.com/api/quote/CHRS/summary?assetclass=stocks,2026-10-09T13:58:41.410566+00:00,VERIFIED
CLDX,2311124127.0,https://api.nasdaq.com/api/quote/CLDX/summary?assetclass=stocks,2026-10-09T13:58:41.453344+00:00,VERIFIED
CLLS,126664368.0,https://api.nasdaq.com/api/quote/CLLS/summary?assetclass=stocks,2026-10-09T13:58:41.502448+00:00,VERIFIED
CLRB,13960764.0,https://api.nasdaq.com/api/quote/CLRB/summary?assetclass=stocks,2026-10-09T13:58:41.605448+00:00,VERIFIED
CLYM,636968068.0,https://api.nasdaq.com/api/quote/CLYM/summary?assetclass=stocks,2026-10-09T13:58:41.655319+00:00,VERIFIED
CMND,3384334.0,https://api.nasdaq.com/api/quote/CMND/summary?assetclass=stocks,2026-10-09T13:58:41.765007+00:00,VERIFIED
CMPS,1618794049.0,https://api.nasdaq.com/api/quote/CMPS/summary?assetclass=stocks,2026-10-09T13:58:41.769560+00:00,VERIFIED
CMPX,184410025.0,https://api.nasdaq.com/api/quote/CMPX/summary?assetclass=stocks,2026-10-09T13:58:41.837015+00:00,VERIFIED
CNSP,7818752.0,https://api.nasdaq.com/api/quote/CNSP/summary?assetclass=stocks,2026-10-09T13:58:41.913426+00:00,VERIFIED
CNTX,27572941.0,https://api.nasdaq.com/api/quote/CNTX/summary?assetclass=stocks,2026-10-09T13:58:41.953014+00:00,VERIFIED
COCP,20707940.0,https://api.nasdaq.com/api/quote/COCP/summary?assetclass=stocks,2026-10-09T13:58:41.955996+00:00,VERIFIED
COGT,5256071705.0,https://api.nasdaq.com/api/quote/COGT/summary?assetclass=stocks,2026-10-09T13:58:42.000930+00:00,VERIFIED
CORT,13032342742.0,https://api.nasdaq.com/api/quote/CORT/summary?assetclass=stocks,2026-10-09T13:58:42.123281+00:00,VERIFIED
COYA,117054667.0,https://api.nasdaq.com/api/quote/COYA/summary?assetclass=stocks,2026-10-09T13:58:42.169866+00:00,VERIFIED
CPIX,104731918.0,https://api.nasdaq.com/api/quote/CPIX/summary?assetclass=stocks,2026-10-09T13:58:42.187798+00:00,VERIFIED
CRDF,84322270.0,https://api.nasdaq.com/api/quote/CRDF/summary?assetclass=stocks,2026-10-09T13:58:42.244550+00:00,VERIFIED
CRDL,154602228.0,https://api.nasdaq.com/api/quote/CRDL/summary?assetclass=stocks,2026-10-09T13:58:42.264443+00:00,VERIFIED
CRIS,1421461.0,https://api.nasdaq.com/api/quote/CRIS/summary?assetclass=stocks,2026-10-09T13:58:42.344429+00:00,VERIFIED
CRSP,5062827311.0,https://api.nasdaq.com/api/quote/CRSP/summary?assetclass=stocks,2026-10-09T13:58:42.474963+00:00,VERIFIED
CRVS,858874838.0,https://api.nasdaq.com/api/quote/CRVS/summary?assetclass=stocks,2026-10-09T13:58:42.491386+00:00,VERIFIED
CTMX,539300728.0,https://api.nasdaq.com/api/quote/CTMX/summary?assetclass=stocks,2026-10-09T13:58:42.519797+00:00,VERIFIED
CTNM,506004225.0,https://api.nasdaq.com/api/quote/CTNM/summary?assetclass=stocks,2026-10-09T13:58:42.528836+00:00,VERIFIED
CYTK,8665329644.0,https://api.nasdaq.com/api/quote/CYTK/summary?assetclass=stocks,2026-10-09T13:58:42.552258+00:00,VERIFIED
DERM,172733297.0,https://api.nasdaq.com/api/quote/DERM/summary?assetclass=stocks,2026-10-09T13:58:42.656311+00:00,VERIFIED
DMAC,442729972.0,https://api.nasdaq.com/api/quote/DMAC/summary?assetclass=stocks,2026-10-09T13:58:42.736790+00:00,VERIFIED
DNLI,3041896079.0,https://api.nasdaq.com/api/quote/DNLI/summary?assetclass=stocks,2026-10-09T13:58:42.814626+00:00,VERIFIED
DRMA,5351128.0,https://api.nasdaq.com/api/quote/DRMA/summary?assetclass=stocks,2026-10-09T13:58:42.850917+00:00,VERIFIED
DSGN,732831133.0,https://api.nasdaq.com/api/quote/DSGN/summary?assetclass=stocks,2026-10-09T13:58:42.919272+00:00,VERIFIED
DTIL,179962132.0,https://api.nasdaq.com/api/quote/DTIL/summary?assetclass=stocks,2026-10-09T13:58:42.928387+00:00,VERIFIED
DWTX,49289202.0,https://api.nasdaq.com/api/quote/DWTX/summary?assetclass=stocks,2026-10-09T13:58:42.979154+00:00,VERIFIED
DYN,3174689327.0,https://api.nasdaq.com/api/quote/DYN/summary?assetclass=stocks,2026-10-09T13:58:43.088132+00:00,VERIFIED
EBS,346607751.0,https://api.nasdaq.com/api/quote/EBS/summary?assetclass=stocks,2026-10-09T13:58:43.123376+00:00,VERIFIED
EDIT,430024098.0,https://api.nasdaq.com/api/quote/EDIT/summary?assetclass=stocks,2026-10-09T13:58:43.149962+00:00,VERIFIED
EDSA,48478366.0,https://api.nasdaq.com/api/quote/EDSA/summary?assetclass=stocks,2026-10-09T13:58:43.206511+00:00,VERIFIED
EIKN,409758452.0,https://api.nasdaq.com/api/quote/EIKN/summary?assetclass=stocks,2026-10-09T13:58:43.218641+00:00,VERIFIED
ELDN,199902434.0,https://api.nasdaq.com/api/quote/ELDN/summary?assetclass=stocks,2026-10-09T13:58:43.312972+00:00,VERIFIED
ELOX,60627614.0,https://api.nasdaq.com/api/quote/ELOX/summary?assetclass=stocks,2026-10-09T13:58:43.382472+00:00,VERIFIED
ELTX,48358663.0,https://api.nasdaq.com/api/quote/ELTX/summary?assetclass=stocks,2026-10-09T13:58:43.417882+00:00,VERIFIED
ENSC,9695320.0,https://api.nasdaq.com/api/quote/ENSC/summary?assetclass=stocks,2026-10-09T13:58:43.496115+00:00,VERIFIED
ENTA,353873634.0,https://api.nasdaq.com/api/quote/ENTA/summary?assetclass=stocks,2026-10-09T13:58:43.519068+00:00,VERIFIED
EOCN,3603815.0,https://api.nasdaq.com/api/quote/EOCN/summary?assetclass=stocks,2026-10-09T13:58:43.602667+00:00,VERIFIED
EPRX,497595072.0,https://api.nasdaq.com/api/quote/EPRX/summary?assetclass=stocks,2026-10-09T13:58:43.608696+00:00,VERIFIED
EQ,88771315.0,https://api.nasdaq.com/api/quote/EQ/summary?assetclass=stocks,2026-10-09T13:58:43.701333+00:00,VERIFIED
ERAS,5573458028.0,https://api.nasdaq.com/api/quote/ERAS/summary?assetclass=stocks,2026-10-09T13:58:43.705492+00:00,VERIFIED
ESLA,13962814.0,https://api.nasdaq.com/api/quote/ESLA/summary?assetclass=stocks,2026-10-09T13:58:43.723077+00:00,VERIFIED
ETRA,576200647.0,https://api.nasdaq.com/api/quote/ETRA/summary?assetclass=stocks,2026-10-09T13:58:43.874651+00:00,VERIFIED
EVMN,230817839.0,https://api.nasdaq.com/api/quote/EVMN/summary?assetclass=stocks,2026-10-09T13:58:43.968289+00:00,VERIFIED
EWTX,4312452754.0,https://api.nasdaq.com/api/quote/EWTX/summary?assetclass=stocks,2026-10-09T13:58:43.975146+00:00,VERIFIED
EXEL,14946191661.0,https://api.nasdaq.com/api/quote/EXEL/summary?assetclass=stocks,2026-10-09T13:58:44.045245+00:00,VERIFIED
FATE,263605131.0,https://api.nasdaq.com/api/quote/FATE/summary?assetclass=stocks,2026-10-09T13:58:44.085094+00:00,VERIFIED
FDMT,709611890.0,https://api.nasdaq.com/api/quote/FDMT/summary?assetclass=stocks,2026-10-09T13:58:44.115352+00:00,VERIFIED
FTH,651695519.0,https://api.nasdaq.com/api/quote/FTH/summary?assetclass=stocks,2026-10-09T13:58:44.166750+00:00,VERIFIED
FULC,286496200.0,https://api.nasdaq.com/api/quote/FULC/summary?assetclass=stocks,2026-10-09T13:58:44.379672+00:00,VERIFIED
GALT,376905847.0,https://api.nasdaq.com/api/quote/GALT/summary?assetclass=stocks,2026-10-09T13:58:44.420472+00:00,VERIFIED
GANX,72448408.0,https://api.nasdaq.com/api/quote/GANX/summary?assetclass=stocks,2026-10-09T13:58:44.442541+00:00,VERIFIED
GENB,1858543273.0,https://api.nasdaq.com/api/quote/GENB/summary?assetclass=stocks,2026-10-09T13:58:44.546029+00:00,VERIFIED
GERN,799879394.0,https://api.nasdaq.com/api/quote/GERN/summary?assetclass=stocks,2026-10-09T13:58:44.556193+00:00,VERIFIED
GILD,184809116077.0,https://api.nasdaq.com/api/quote/GILD/summary?assetclass=stocks,2026-10-09T13:58:44.666295+00:00,VERIFIED
GLSI,231915686.0,https://api.nasdaq.com/api/quote/GLSI/summary?assetclass=stocks,2026-10-09T13:58:44.805792+00:00,VERIFIED
GLUE,891525040.0,https://api.nasdaq.com/api/quote/GLUE/summary?assetclass=stocks,2026-10-09T13:58:44.810400+00:00,VERIFIED
GNLX,114923151.0,https://api.nasdaq.com/api/quote/GNLX/summary?assetclass=stocks,2026-10-09T13:58:44.924127+00:00,VERIFIED
GNPX,2363713.0,https://api.nasdaq.com/api/quote/GNPX/summary?assetclass=stocks,2026-10-09T13:58:44.927815+00:00,VERIFIED
HALO,12599412980.0,https://api.nasdaq.com/api/quote/HALO/summary?assetclass=stocks,2026-10-09T13:58:44.945802+00:00,VERIFIED
HOWL,45143672.0,https://api.nasdaq.com/api/quote/HOWL/summary?assetclass=stocks,2026-10-09T13:58:44.978133+00:00,VERIFIED
HROW,1034664660.0,https://api.nasdaq.com/api/quote/HROW/summary?assetclass=stocks,2026-10-09T13:58:45.127420+00:00,VERIFIED
HUMA,118647571.0,https://api.nasdaq.com/api/quote/HUMA/summary?assetclass=stocks,2026-10-09T13:58:45.145257+00:00,VERIFIED
HURA,124266903.0,https://api.nasdaq.com/api/quote/HURA/summary?assetclass=stocks,2026-10-09T13:58:45.146682+00:00,VERIFIED
IBRX,11022827157.0,https://api.nasdaq.com/api/quote/IBRX/summary?assetclass=stocks,2026-10-09T13:58:45.221088+00:00,VERIFIED
IDYA,3535857141.0,https://api.nasdaq.com/api/quote/IDYA/summary?assetclass=stocks,2026-10-09T13:58:45.263284+00:00,VERIFIED
IGC,28751093.0,https://api.nasdaq.com/api/quote/IGC/summary?assetclass=stocks,2026-10-09T13:58:45.319333+00:00,VERIFIED
IKT,267908928.0,https://api.nasdaq.com/api/quote/IKT/summary?assetclass=stocks,2026-10-09T13:58:45.418300+00:00,VERIFIED
IMNM,2272740014.0,https://api.nasdaq.com/api/quote/IMNM/summary?assetclass=stocks,2026-10-09T13:58:45.421878+00:00,VERIFIED
IMNN,6284771.0,https://api.nasdaq.com/api/quote/IMNN/summary?assetclass=stocks,2026-10-09T13:58:45.449930+00:00,VERIFIED
IMRN,8797610.0,https://api.nasdaq.com/api/quote/IMRN/summary?assetclass=stocks,2026-10-09T13:58:45.509003+00:00,VERIFIED
IMRX,243909206.0,https://api.nasdaq.com/api/quote/IMRX/summary?assetclass=stocks,2026-10-09T13:58:45.548210+00:00,VERIFIED
IMUX,109155736.0,https://api.nasdaq.com/api/quote/IMUX/summary?assetclass=stocks,2026-10-09T13:58:45.737661+00:00,VERIFIED
INAB,13259525.0,https://api.nasdaq.com/api/quote/INAB/summary?assetclass=stocks,2026-10-09T13:58:45.786141+00:00,VERIFIED
INBX,1384637453.0,https://api.nasdaq.com/api/quote/INBX/summary?assetclass=stocks,2026-10-09T13:58:45.830378+00:00,VERIFIED
INCY,22877481102.0,https://api.nasdaq.com/api/quote/INCY/summary?assetclass=stocks,2026-10-09T13:58:45.897221+00:00,VERIFIED
INDP,325111271.0,https://api.nasdaq.com/api/quote/INDP/summary?assetclass=stocks,2026-10-09T13:58:45.929723+00:00,VERIFIED
INKT,57124535.0,https://api.nasdaq.com/api/quote/INKT/summary?assetclass=stocks,2026-10-09T13:58:45.986515+00:00,VERIFIED
INMB,51344510.0,https://api.nasdaq.com/api/quote/INMB/summary?assetclass=stocks,2026-10-09T13:58:46.104632+00:00,VERIFIED
INO,113116885.0,https://api.nasdaq.com/api/quote/INO/summary?assetclass=stocks,2026-10-09T13:58:46.275725+00:00,VERIFIED
INSM,22068542786.0,https://api.nasdaq.com/api/quote/INSM/summary?assetclass=stocks,2026-10-09T13:58:46.279311+00:00,VERIFIED
INTS,12113681.0,https://api.nasdaq.com/api/quote/INTS/summary?assetclass=stocks,2026-10-09T13:58:46.305320+00:00,VERIFIED
IONS,7403511545.0,https://api.nasdaq.com/api/quote/IONS/summary?assetclass=stocks,2026-10-09T13:58:46.326685+00:00,VERIFIED
IOVA,6328056202.0,https://api.nasdaq.com/api/quote/IOVA/summary?assetclass=stocks,2026-10-09T13:58:46.462148+00:00,VERIFIED
IPHA,172018534.0,https://api.nasdaq.com/api/quote/IPHA/summary?assetclass=stocks,2026-10-09T13:58:46.497118+00:00,VERIFIED
IRD,385196660.0,https://api.nasdaq.com/api/quote/IRD/summary?assetclass=stocks,2026-10-09T13:58:46.555555+00:00,VERIFIED
IRON,2351945623.0,https://api.nasdaq.com/api/quote/IRON/summary?assetclass=stocks,2026-10-09T13:58:46.570093+00:00,VERIFIED
IRWD,643609594.0,https://api.nasdaq.com/api/quote/IRWD/summary?assetclass=stocks,2026-10-09T13:58:46.683253+00:00,VERIFIED
IVVD,212609483.0,https://api.nasdaq.com/api/quote/IVVD/summary?assetclass=stocks,2026-10-09T13:58:46.739194+00:00,VERIFIED
IXHL,40687243.0,https://api.nasdaq.com/api/quote/IXHL/summary?assetclass=stocks,2026-10-09T13:58:46.743836+00:00,VERIFIED
JAZZ,14154623515.0,https://api.nasdaq.com/api/quote/JAZZ/summary?assetclass=stocks,2026-10-09T13:58:46.754996+00:00,VERIFIED
JBIO,922162112.0,https://api.nasdaq.com/api/quote/JBIO/summary?assetclass=stocks,2026-10-09T13:58:46.803329+00:00,VERIFIED
JSPR,18567205.0,https://api.nasdaq.com/api/quote/JSPR/summary?assetclass=stocks,2026-10-09T13:58:46.936065+00:00,VERIFIED
KARD,1465025306.0,https://api.nasdaq.com/api/quote/KARD/summary?assetclass=stocks,2026-10-09T13:58:46.960015+00:00,VERIFIED
KMDA,463407978.0,https://api.nasdaq.com/api/quote/KMDA/summary?assetclass=stocks,2026-10-09T13:58:46.971038+00:00,VERIFIED
KNSA,6203689274.0,https://api.nasdaq.com/api/quote/KNSA/summary?assetclass=stocks,2026-10-09T13:58:47.078800+00:00,VERIFIED
KOD,6119651628.0,https://api.nasdaq.com/api/quote/KOD/summary?assetclass=stocks,2026-10-09T13:58:47.103099+00:00,VERIFIED
KPRX,11193699.0,https://api.nasdaq.com/api/quote/KPRX/summary?assetclass=stocks,2026-10-09T13:58:47.157126+00:00,VERIFIED
KPTI,13599803.0,https://api.nasdaq.com/api/quote/KPTI/summary?assetclass=stocks,2026-10-09T13:58:47.202034+00:00,VERIFIED
KROS,233367985.0,https://api.nasdaq.com/api/quote/KROS/summary?assetclass=stocks,2026-10-09T13:58:47.329978+00:00,VERIFIED
KRRO,155797335.0,https://api.nasdaq.com/api/quote/KRRO/summary?assetclass=stocks,2026-10-09T13:58:47.363291+00:00,VERIFIED
KRYS,9785375182.0,https://api.nasdaq.com/api/quote/KRYS/summary?assetclass=stocks,2026-10-09T13:58:47.400998+00:00,VERIFIED
KURA,938534530.0,https://api.nasdaq.com/api/quote/KURA/summary?assetclass=stocks,2026-10-09T13:58:47.416754+00:00,VERIFIED
KYMR,9176917956.0,https://api.nasdaq.com/api/quote/KYMR/summary?assetclass=stocks,2026-10-09T13:58:47.443447+00:00,VERIFIED
KYNB,24618674.0,https://api.nasdaq.com/api/quote/KYNB/summary?assetclass=stocks,2026-10-09T13:58:47.506524+00:00,VERIFIED
KYTX,392087435.0,https://api.nasdaq.com/api/quote/KYTX/summary?assetclass=stocks,2026-10-09T13:58:47.579362+00:00,VERIFIED
LBRX,1202622044.0,https://api.nasdaq.com/api/quote/LBRX/summary?assetclass=stocks,2026-10-09T13:58:47.617606+00:00,VERIFIED
LGVN,7571973.0,https://api.nasdaq.com/api/quote/LGVN/summary?assetclass=stocks,2026-10-09T13:58:47.654354+00:00,VERIFIED
LKFT,1959449406.0,https://api.nasdaq.com/api/quote/LKFT/summary?assetclass=stocks,2026-10-09T13:58:47.731043+00:00,VERIFIED
LONA,57471202.0,https://api.nasdaq.com/api/quote/LONA/summary?assetclass=stocks,2026-10-09T13:58:47.772804+00:00,VERIFIED
LPCN,15334311.0,https://api.nasdaq.com/api/quote/LPCN/summary?assetclass=stocks,2026-10-09T13:58:47.854471+00:00,VERIFIED
LRMR,282042174.0,https://api.nasdaq.com/api/quote/LRMR/summary?assetclass=stocks,2026-10-09T13:58:47.890058+00:00,VERIFIED
LSTA,12316635.0,https://api.nasdaq.com/api/quote/LSTA/summary?assetclass=stocks,2026-10-09T13:58:47.915363+00:00,VERIFIED
LTGO,1021009944.0,https://api.nasdaq.com/api/quote/LTGO/summary?assetclass=stocks,2026-10-09T13:58:47.993688+00:00,VERIFIED
LTRN,14222528.0,https://api.nasdaq.com/api/quote/LTRN/summary?assetclass=stocks,2026-10-09T13:58:48.008941+00:00,VERIFIED
LXEO,265829866.0,https://api.nasdaq.com/api/quote/LXEO/summary?assetclass=stocks,2026-10-09T13:58:48.147188+00:00,VERIFIED
LXRX,771998545.0,https://api.nasdaq.com/api/quote/LXRX/summary?assetclass=stocks,2026-10-09T13:58:48.163397+00:00,VERIFIED
LYEL,219443538.0,https://api.nasdaq.com/api/quote/LYEL/summary?assetclass=stocks,2026-10-09T13:58:48.166502+00:00,VERIFIED
MAIA,76560013.0,https://api.nasdaq.com/api/quote/MAIA/summary?assetclass=stocks,2026-10-09T13:58:48.328955+00:00,VERIFIED
MANE,5347857408.0,https://api.nasdaq.com/api/quote/MANE/summary?assetclass=stocks,2026-10-09T13:58:48.345321+00:00,VERIFIED
MAZE,1468997748.0,https://api.nasdaq.com/api/quote/MAZE/summary?assetclass=stocks,2026-10-09T13:58:48.398965+00:00,VERIFIED
MBRX,8413211.0,https://api.nasdaq.com/api/quote/MBRX/summary?assetclass=stocks,2026-10-09T13:58:48.601029+00:00,VERIFIED
MBX,2585233953.0,https://api.nasdaq.com/api/quote/MBX/summary?assetclass=stocks,2026-10-09T13:58:48.682894+00:00,VERIFIED
MDGL,11013159261.0,https://api.nasdaq.com/api/quote/MDGL/summary?assetclass=stocks,2026-10-09T13:58:48.698414+00:00,VERIFIED
MDWD,162798606.0,https://api.nasdaq.com/api/quote/MDWD/summary?assetclass=stocks,2026-10-09T13:58:48.725399+00:00,VERIFIED
MESO,1848505164.0,https://api.nasdaq.com/api/quote/MESO/summary?assetclass=stocks,2026-10-09T13:58:48.774347+00:00,VERIFIED
MGNX,232505683.0,https://api.nasdaq.com/api/quote/MGNX/summary?assetclass=stocks,2026-10-09T13:58:48.824074+00:00,VERIFIED
MIRM,5574429628.0,https://api.nasdaq.com/api/quote/MIRM/summary?assetclass=stocks,2026-10-09T13:58:48.832240+00:00,VERIFIED
MLTX,911492596.0,https://api.nasdaq.com/api/quote/MLTX/summary?assetclass=stocks,2026-10-09T13:58:49.009361+00:00,VERIFIED
MLYS,1989154913.0,https://api.nasdaq.com/api/quote/MLYS/summary?assetclass=stocks,2026-10-09T13:58:49.027339+00:00,VERIFIED
MNKD,1091321979.0,https://api.nasdaq.com/api/quote/MNKD/summary?assetclass=stocks,2026-10-09T13:58:49.029949+00:00,VERIFIED
MNOV,75800719.0,https://api.nasdaq.com/api/quote/MNOV/summary?assetclass=stocks,2026-10-09T13:58:49.051902+00:00,VERIFIED
MOLN,143296394.0,https://api.nasdaq.com/api/quote/MOLN/summary?assetclass=stocks,2026-10-09T13:58:49.056010+00:00,VERIFIED
MPLT,603366140.0,https://api.nasdaq.com/api/quote/MPLT/summary?assetclass=stocks,2026-10-09T13:58:49.081709+00:00,VERIFIED
MRKR,16047885.0,https://api.nasdaq.com/api/quote/MRKR/summary?assetclass=stocks,2026-10-09T13:58:49.268758+00:00,VERIFIED
MSLE,159280294.0,https://api.nasdaq.com/api/quote/MSLE/summary?assetclass=stocks,2026-10-09T13:58:49.570125+00:00,VERIFIED
NBIX,14360996292.0,https://api.nasdaq.com/api/quote/NBIX/summary?assetclass=stocks,2026-10-09T13:58:49.719728+00:00,VERIFIED
NERV,157089469.0,https://api.nasdaq.com/api/quote/NERV/summary?assetclass=stocks,2026-10-09T13:58:49.814565+00:00,VERIFIED
NGEN,187286234.0,https://api.nasdaq.com/api/quote/NGEN/summary?assetclass=stocks,2026-10-09T13:58:49.858637+00:00,VERIFIED
NGNE,568523363.0,https://api.nasdaq.com/api/quote/NGNE/summary?assetclass=stocks,2026-10-09T13:58:49.864217+00:00,VERIFIED
NKTR,1421884985.0,https://api.nasdaq.com/api/quote/NKTR/summary?assetclass=stocks,2026-10-09T13:58:49.877336+00:00,VERIFIED
NKTX,162588276.0,https://api.nasdaq.com/api/quote/NKTX/summary?assetclass=stocks,2026-10-09T13:58:49.998253+00:00,VERIFIED
NMRA,93365479.0,https://api.nasdaq.com/api/quote/NMRA/summary?assetclass=stocks,2026-10-09T13:58:50.159536+00:00,VERIFIED
NRIX,2321077340.0,https://api.nasdaq.com/api/quote/NRIX/summary?assetclass=stocks,2026-10-09T13:58:50.205615+00:00,VERIFIED
NRSN,6854455.0,https://api.nasdaq.com/api/quote/NRSN/summary?assetclass=stocks,2026-10-09T13:58:50.226416+00:00,VERIFIED
NSRX,41866139.0,https://api.nasdaq.com/api/quote/NSRX/summary?assetclass=stocks,2026-10-09T13:58:50.232681+00:00,VERIFIED
NTLA,1746427000.0,https://api.nasdaq.com/api/quote/NTLA/summary?assetclass=stocks,2026-10-09T13:58:50.402381+00:00,VERIFIED
NUVB,1737884442.0,https://api.nasdaq.com/api/quote/NUVB/summary?assetclass=stocks,2026-10-09T13:58:50.438557+00:00,VERIFIED
NVAX,2033780802.0,https://api.nasdaq.com/api/quote/NVAX/summary?assetclass=stocks,2026-10-09T13:58:50.470364+00:00,VERIFIED
NVO,170917675279.0,https://api.nasdaq.com/api/quote/NVO/summary?assetclass=stocks,2026-10-09T13:58:50.530298+00:00,VERIFIED
NXTC,30416551.0,https://api.nasdaq.com/api/quote/NXTC/summary?assetclass=stocks,2026-10-09T13:58:50.608562+00:00,VERIFIED
OBX,816019692.0,https://api.nasdaq.com/api/quote/OBX/summary?assetclass=stocks,2026-10-09T13:58:50.633445+00:00,VERIFIED
OCGN,333209880.0,https://api.nasdaq.com/api/quote/OCGN/summary?assetclass=stocks,2026-10-09T13:58:50.642541+00:00,VERIFIED
OCUL,1655903645.0,https://api.nasdaq.com/api/quote/OCUL/summary?assetclass=stocks,2026-10-09T13:58:50.766895+00:00,VERIFIED
ODTX,927769864.0,https://api.nasdaq.com/api/quote/ODTX/summary?assetclass=stocks,2026-10-09T13:58:50.841783+00:00,VERIFIED
OGEN,2120620.0,https://api.nasdaq.com/api/quote/OGEN/summary?assetclass=stocks,2026-10-09T13:58:50.872309+00:00,VERIFIED
OKYO,73471338.0,https://api.nasdaq.com/api/quote/OKYO/summary?assetclass=stocks,2026-10-09T13:58:50.917220+00:00,VERIFIED
OLMA,685193760.0,https://api.nasdaq.com/api/quote/OLMA/summary?assetclass=stocks,2026-10-09T13:58:51.007029+00:00,VERIFIED
OMER,1421561750.0,https://api.nasdaq.com/api/quote/OMER/summary?assetclass=stocks,2026-10-09T13:58:51.061267+00:00,VERIFIED
ONC,40269793777.0,https://api.nasdaq.com/api/quote/ONC/summary?assetclass=stocks,2026-10-09T13:58:51.079200+00:00,VERIFIED
ONCY,69808671.0,https://api.nasdaq.com/api/quote/ONCY/summary?assetclass=stocks,2026-10-09T13:58:51.152705+00:00,VERIFIED
OPK,1041127874.0,https://api.nasdaq.com/api/quote/OPK/summary?assetclass=stocks,2026-10-09T13:58:51.210170+00:00,VERIFIED
ORIC,1249014505.0,https://api.nasdaq.com/api/quote/ORIC/summary?assetclass=stocks,2026-10-09T13:58:51.247368+00:00,VERIFIED
ORKA,5367951346.0,https://api.nasdaq.com/api/quote/ORKA/summary?assetclass=stocks,2026-10-09T13:58:51.406851+00:00,VERIFIED
OTLK,139690206.0,https://api.nasdaq.com/api/quote/OTLK/summary?assetclass=stocks,2026-10-09T13:58:51.475845+00:00,VERIFIED
PALI,257920426.0,https://api.nasdaq.com/api/quote/PALI/summary?assetclass=stocks,2026-10-09T13:58:51.480077+00:00,VERIFIED
PASG,12324212.0,https://api.nasdaq.com/api/quote/PASG/summary?assetclass=stocks,2026-10-09T13:58:51.542872+00:00,VERIFIED
PBLS,3485389017.0,https://api.nasdaq.com/api/quote/PBLS/summary?assetclass=stocks,2026-10-09T13:58:51.808094+00:00,VERIFIED
PBYI,519297864.0,https://api.nasdaq.com/api/quote/PBYI/summary?assetclass=stocks,2026-10-09T13:58:51.860776+00:00,VERIFIED
PCSA,3826939.0,https://api.nasdaq.com/api/quote/PCSA/summary?assetclass=stocks,2026-10-09T13:58:51.917224+00:00,VERIFIED
PCVX,10099414218.0,https://api.nasdaq.com/api/quote/PCVX/summary?assetclass=stocks,2026-10-09T13:58:51.934069+00:00,VERIFIED
PDSB,74286063.0,https://api.nasdaq.com/api/quote/PDSB/summary?assetclass=stocks,2026-10-09T13:58:51.951383+00:00,VERIFIED
PEPG,176265471.0,https://api.nasdaq.com/api/quote/PEPG/summary?assetclass=stocks,2026-10-09T13:58:52.033751+00:00,VERIFIED
PFE,160216684652.0,https://api.nasdaq.com/api/quote/PFE/summary?assetclass=stocks,2026-10-09T13:58:52.131679+00:00,VERIFIED
PGEN,2746130344.0,https://api.nasdaq.com/api/quote/PGEN/summary?assetclass=stocks,2026-10-09T13:58:52.175901+00:00,VERIFIED
PHAT,574801136.0,https://api.nasdaq.com/api/quote/PHAT/summary?assetclass=stocks,2026-10-09T13:58:52.180617+00:00,VERIFIED
PLRX,62541116.0,https://api.nasdaq.com/api/quote/PLRX/summary?assetclass=stocks,2026-10-09T13:58:52.186564+00:00,VERIFIED
PLYX,98700051.0,https://api.nasdaq.com/api/quote/PLYX/summary?assetclass=stocks,2026-10-09T13:58:52.323281+00:00,VERIFIED
PMVP,117048920.0,https://api.nasdaq.com/api/quote/PMVP/summary?assetclass=stocks,2026-10-09T13:58:52.336434+00:00,VERIFIED
PRAX,7400332419.0,https://api.nasdaq.com/api/quote/PRAX/summary?assetclass=stocks,2026-10-09T13:58:52.373251+00:00,VERIFIED
PRLD,319213940.0,https://api.nasdaq.com/api/quote/PRLD/summary?assetclass=stocks,2026-10-09T13:58:52.545627+00:00,VERIFIED
PRME,701928433.0,https://api.nasdaq.com/api/quote/PRME/summary?assetclass=stocks,2026-10-09T13:58:52.558862+00:00,VERIFIED
PROK,512436900.0,https://api.nasdaq.com/api/quote/PROK/summary?assetclass=stocks,2026-10-09T13:58:52.630046+00:00,VERIFIED
PTCT,5280147639.0,https://api.nasdaq.com/api/quote/PTCT/summary?assetclass=stocks,2026-10-09T13:58:52.675848+00:00,VERIFIED
PTGX,9295668682.0,https://api.nasdaq.com/api/quote/PTGX/summary?assetclass=stocks,2026-10-09T13:58:52.721403+00:00,VERIFIED
PTN,16188736.0,https://api.nasdaq.com/api/quote/PTN/summary?assetclass=stocks,2026-10-09T13:58:52.747130+00:00,VERIFIED
PVLA,1901045220.0,https://api.nasdaq.com/api/quote/PVLA/summary?assetclass=stocks,2026-10-09T13:58:52.759231+00:00,VERIFIED
PYXS,239356846.0,https://api.nasdaq.com/api/quote/PYXS/summary?assetclass=stocks,2026-10-09T13:58:52.829141+00:00,VERIFIED
QNRX,21426558.0,https://api.nasdaq.com/api/quote/QNRX/summary?assetclass=stocks,2026-10-09T13:58:52.969964+00:00,VERIFIED
QNTM,25071315.0,https://api.nasdaq.com/api/quote/QNTM/summary?assetclass=stocks,2026-10-09T13:58:53.001650+00:00,VERIFIED
QTTB,246342331.0,https://api.nasdaq.com/api/quote/QTTB/summary?assetclass=stocks,2026-10-09T13:58:53.030462+00:00,VERIFIED
RADX,15470593.0,https://api.nasdaq.com/api/quote/RADX/summary?assetclass=stocks,2026-10-09T13:58:53.097595+00:00,VERIFIED
RAPP,1443186843.0,https://api.nasdaq.com/api/quote/RAPP/summary?assetclass=stocks,2026-10-09T13:58:53.123876+00:00,VERIFIED
RARE,1528620476.0,https://api.nasdaq.com/api/quote/RARE/summary?assetclass=stocks,2026-10-09T13:58:53.241369+00:00,VERIFIED
RCKT,290902682.0,https://api.nasdaq.com/api/quote/RCKT/summary?assetclass=stocks,2026-10-09T13:58:53.290803+00:00,VERIFIED
RCUS,3056637691.0,https://api.nasdaq.com/api/quote/RCUS/summary?assetclass=stocks,2026-10-09T13:58:53.361023+00:00,VERIFIED
RDHL,3339641.0,https://api.nasdaq.com/api/quote/RDHL/summary?assetclass=stocks,2026-10-09T13:58:53.443802+00:00,VERIFIED
REGN,76881637289.0,https://api.nasdaq.com/api/quote/REGN/summary?assetclass=stocks,2026-10-09T13:58:53.535326+00:00,VERIFIED
REVB,3226567.0,https://api.nasdaq.com/api/quote/REVB/summary?assetclass=stocks,2026-10-09T13:58:53.600821+00:00,VERIFIED
RGNX,538667647.0,https://api.nasdaq.com/api/quote/RGNX/summary?assetclass=stocks,2026-10-09T13:58:53.744455+00:00,VERIFIED
RIGL,927875545.0,https://api.nasdaq.com/api/quote/RIGL/summary?assetclass=stocks,2026-10-09T13:58:53.816020+00:00,VERIFIED
RLAY,3898529615.0,https://api.nasdaq.com/api/quote/RLAY/summary?assetclass=stocks,2026-10-09T13:58:53.949465+00:00,VERIFIED
RLMD,344543603.0,https://api.nasdaq.com/api/quote/RLMD/summary?assetclass=stocks,2026-10-09T13:58:53.993395+00:00,VERIFIED
RLYB,91234373.0,https://api.nasdaq.com/api/quote/RLYB/summary?assetclass=stocks,2026-10-09T13:58:54.044308+00:00,VERIFIED
RNA,141720252.0,https://api.nasdaq.com/api/quote/RNA/summary?assetclass=stocks,2026-10-09T13:58:54.084532+00:00,VERIFIED
RNAC,215115553.0,https://api.nasdaq.com/api/quote/RNAC/summary?assetclass=stocks,2026-10-09T13:58:54.102727+00:00,VERIFIED
RNAZ,29882754.0,https://api.nasdaq.com/api/quote/RNAZ/summary?assetclass=stocks,2026-10-09T13:58:54.408021+00:00,VERIFIED
RNTX,66986350.0,https://api.nasdaq.com/api/quote/RNTX/summary?assetclass=stocks,2026-10-09T13:58:54.488741+00:00,VERIFIED
RVMD,40123777450.0,https://api.nasdaq.com/api/quote/RVMD/summary?assetclass=stocks,2026-10-09T13:58:54.504432+00:00,VERIFIED
RXRX,2172953868.0,https://api.nasdaq.com/api/quote/RXRX/summary?assetclass=stocks,2026-10-09T13:58:54.542787+00:00,VERIFIED
RYTM,6320276867.0,https://api.nasdaq.com/api/quote/RYTM/summary?assetclass=stocks,2026-10-09T13:58:54.546255+00:00,VERIFIED
SABS,269319649.0,https://api.nasdaq.com/api/quote/SABS/summary?assetclass=stocks,2026-10-09T13:58:54.573442+00:00,VERIFIED
SCYX,40992389.0,https://api.nasdaq.com/api/quote/SCYX/summary?assetclass=stocks,2026-10-09T13:58:54.678092+00:00,VERIFIED
SGMT,631269849.0,https://api.nasdaq.com/api/quote/SGMT/summary?assetclass=stocks,2026-10-09T13:58:54.762021+00:00,VERIFIED
SIGA,237463311.0,https://api.nasdaq.com/api/quote/SIGA/summary?assetclass=stocks,2026-10-09T13:58:54.877365+00:00,VERIFIED
SION,226061995.0,https://api.nasdaq.com/api/quote/SION/summary?assetclass=stocks,2026-10-09T13:58:54.892528+00:00,VERIFIED
SKYE,7482774.0,https://api.nasdaq.com/api/quote/SKYE/summary?assetclass=stocks,2026-10-09T13:58:54.999644+00:00,VERIFIED
SLDB,743070899.0,https://api.nasdaq.com/api/quote/SLDB/summary?assetclass=stocks,2026-10-09T13:58:55.011774+00:00,VERIFIED
SLGL,228688830.0,https://api.nasdaq.com/api/quote/SLGL/summary?assetclass=stocks,2026-10-09T13:58:55.105747+00:00,VERIFIED
SLN,605378012.0,https://api.nasdaq.com/api/quote/SLN/summary?assetclass=stocks,2026-10-09T13:58:55.205326+00:00,VERIFIED
SLS,2338531310.0,https://api.nasdaq.com/api/quote/SLS/summary?assetclass=stocks,2026-10-09T13:58:55.236806+00:00,VERIFIED
SMMT,13687317644.0,https://api.nasdaq.com/api/quote/SMMT/summary?assetclass=stocks,2026-10-09T13:58:55.292542+00:00,VERIFIED
SNDX,1531445025.0,https://api.nasdaq.com/api/quote/SNDX/summary?assetclass=stocks,2026-10-09T13:58:55.351867+00:00,VERIFIED
SNGX,7620094.0,https://api.nasdaq.com/api/quote/SNGX/summary?assetclass=stocks,2026-10-09T13:58:55.373548+00:00,VERIFIED
SNY,98090715602.0,https://api.nasdaq.com/api/quote/SNY/summary?assetclass=stocks,2026-10-09T13:58:55.468295+00:00,VERIFIED
SPRB,127246926.0,https://api.nasdaq.com/api/quote/SPRB/summary?assetclass=stocks,2026-10-09T13:58:55.470405+00:00,VERIFIED
SPRO,67435930.0,https://api.nasdaq.com/api/quote/SPRO/summary?assetclass=stocks,2026-10-09T13:58:55.564993+00:00,VERIFIED
SPRY,442043440.0,https://api.nasdaq.com/api/quote/SPRY/summary?assetclass=stocks,2026-10-09T13:58:55.581818+00:00,VERIFIED
SPTX,988173953.0,https://api.nasdaq.com/api/quote/SPTX/summary?assetclass=stocks,2026-10-09T13:58:55.602549+00:00,VERIFIED
SRPT,1928221268.0,https://api.nasdaq.com/api/quote/SRPT/summary?assetclass=stocks,2026-10-09T13:58:55.618242+00:00,VERIFIED
STOK,1584764504.0,https://api.nasdaq.com/api/quote/STOK/summary?assetclass=stocks,2026-10-09T13:58:55.847861+00:00,VERIFIED
STRO,247225260.0,https://api.nasdaq.com/api/quote/STRO/summary?assetclass=stocks,2026-10-09T13:58:55.868707+00:00,VERIFIED
STTK,570063277.0,https://api.nasdaq.com/api/quote/STTK/summary?assetclass=stocks,2026-10-09T13:58:55.879070+00:00,VERIFIED
SUPN,2466329162.0,https://api.nasdaq.com/api/quote/SUPN/summary?assetclass=stocks,2026-10-09T13:58:55.911074+00:00,VERIFIED
SVA,643779512.0,https://api.nasdaq.com/api/quote/SVA/summary?assetclass=stocks,2026-10-08T04:00:20.879999+00:00,VERIFIED
SVRA,1008808674.0,https://api.nasdaq.com/api/quote/SVRA/summary?assetclass=stocks,2026-10-09T13:58:56.045476+00:00,VERIFIED
SXTP,3270799.0,https://api.nasdaq.com/api/quote/SXTP/summary?assetclass=stocks,2026-10-09T13:58:56.212409+00:00,VERIFIED
SYRE,7287737777.0,https://api.nasdaq.com/api/quote/SYRE/summary?assetclass=stocks,2026-10-09T13:58:56.213918+00:00,VERIFIED
TARA,162217115.0,https://api.nasdaq.com/api/quote/TARA/summary?assetclass=stocks,2026-10-09T13:58:56.346250+00:00,VERIFIED
TARS,3405265094.0,https://api.nasdaq.com/api/quote/TARS/summary?assetclass=stocks,2026-10-09T13:58:56.348359+00:00,VERIFIED
TBPH,,https://api.nasdaq.com/api/quote/TBPH/summary?assetclass=stocks,2026-10-09T13:58:56.454006+00:00,REVIEW
TCRT,2045737.0,https://api.nasdaq.com/api/quote/TCRT/summary?assetclass=stocks,2026-10-09T13:58:56.622165+00:00,VERIFIED
TCRX,15119985.0,https://api.nasdaq.com/api/quote/TCRX/summary?assetclass=stocks,2026-10-09T13:58:56.674101+00:00,VERIFIED
TECX,457259671.0,https://api.nasdaq.com/api/quote/TECX/summary?assetclass=stocks,2026-10-09T13:58:56.722068+00:00,VERIFIED
TELO,83924812.0,https://api.nasdaq.com/api/quote/TELO/summary?assetclass=stocks,2026-10-09T13:58:56.735483+00:00,VERIFIED
TENX,69795605.0,https://api.nasdaq.com/api/quote/TENX/summary?assetclass=stocks,2026-10-09T13:58:56.746400+00:00,VERIFIED
TGTX,8368285128.0,https://api.nasdaq.com/api/quote/TGTX/summary?assetclass=stocks,2026-10-09T13:58:56.857784+00:00,VERIFIED
TLSA,143802818.0,https://api.nasdaq.com/api/quote/TLSA/summary?assetclass=stocks,2026-10-09T13:58:56.926608+00:00,VERIFIED
TNGX,3833356694.0,https://api.nasdaq.com/api/quote/TNGX/summary?assetclass=stocks,2026-10-09T13:58:56.956810+00:00,VERIFIED
TNYA,121846589.0,https://api.nasdaq.com/api/quote/TNYA/summary?assetclass=stocks,2026-10-09T13:58:56.958683+00:00,VERIFIED
TOVX,10688402.0,https://api.nasdaq.com/api/quote/TOVX/summary?assetclass=stocks,2026-10-09T13:58:57.074190+00:00,VERIFIED
TPST,12930790.0,https://api.nasdaq.com/api/quote/TPST/summary?assetclass=stocks,2026-10-09T13:58:57.087888+00:00,VERIFIED
TRAW,7041745.0,https://api.nasdaq.com/api/quote/TRAW/summary?assetclass=stocks,2026-10-09T13:58:57.103987+00:00,VERIFIED
TRDA,219408130.0,https://api.nasdaq.com/api/quote/TRDA/summary?assetclass=stocks,2026-10-09T13:58:57.165401+00:00,VERIFIED
TRVI,1853468216.0,https://api.nasdaq.com/api/quote/TRVI/summary?assetclass=stocks,2026-10-09T13:58:57.337009+00:00,VERIFIED
TSHA,1466250953.0,https://api.nasdaq.com/api/quote/TSHA/summary?assetclass=stocks,2026-10-09T13:58:57.404681+00:00,VERIFIED
TTRX,340626237.0,https://api.nasdaq.com/api/quote/TTRX/summary?assetclass=stocks,2026-10-09T13:58:57.432416+00:00,VERIFIED
TVRD,14139280.0,https://api.nasdaq.com/api/quote/TVRD/summary?assetclass=stocks,2026-10-09T13:58:57.502434+00:00,VERIFIED
TVTX,4917129343.0,https://api.nasdaq.com/api/quote/TVTX/summary?assetclass=stocks,2026-10-09T13:58:57.533320+00:00,VERIFIED
TYRA,1394370443.0,https://api.nasdaq.com/api/quote/TYRA/summary?assetclass=stocks,2026-10-09T13:58:57.538048+00:00,VERIFIED
UPB,251399078.0,https://api.nasdaq.com/api/quote/UPB/summary?assetclass=stocks,2026-10-09T13:58:57.720459+00:00,VERIFIED
URGN,1822267426.0,https://api.nasdaq.com/api/quote/URGN/summary?assetclass=stocks,2026-10-09T13:58:57.799046+00:00,VERIFIED
UTHR,22918426817.0,https://api.nasdaq.com/api/quote/UTHR/summary?assetclass=stocks,2026-10-09T13:58:57.816158+00:00,VERIFIED
VCEL,2078476462.0,https://api.nasdaq.com/api/quote/VCEL/summary?assetclass=stocks,2026-10-09T13:58:57.852427+00:00,VERIFIED
VERA,2176312717.0,https://api.nasdaq.com/api/quote/VERA/summary?assetclass=stocks,2026-10-09T13:58:57.941775+00:00,VERIFIED
VERU,41602781.0,https://api.nasdaq.com/api/quote/VERU/summary?assetclass=stocks,2026-10-09T13:58:58.055347+00:00,VERIFIED
VIR,1966289432.0,https://api.nasdaq.com/api/quote/VIR/summary?assetclass=stocks,2026-10-09T13:58:58.193546+00:00,VERIFIED
VKTX,3546933731.0,https://api.nasdaq.com/api/quote/VKTX/summary?assetclass=stocks,2026-10-09T13:58:58.211442+00:00,VERIFIED
VNDA,274500599.0,https://api.nasdaq.com/api/quote/VNDA/summary?assetclass=stocks,2026-10-09T13:58:58.223332+00:00,VERIFIED
VOGX,262489387.0,https://api.nasdaq.com/api/quote/VOGX/summary?assetclass=stocks,2026-10-09T13:58:58.263726+00:00,VERIFIED
VOR,1175554782.0,https://api.nasdaq.com/api/quote/VOR/summary?assetclass=stocks,2026-10-09T13:58:58.415853+00:00,VERIFIED
VRCA,74792998.0,https://api.nasdaq.com/api/quote/VRCA/summary?assetclass=stocks,2026-10-09T13:58:58.444859+00:00,VERIFIED
VSTM,746242754.0,https://api.nasdaq.com/api/quote/VSTM/summary?assetclass=stocks,2026-10-09T13:58:58.503874+00:00,VERIFIED
VTGN,10743650.0,https://api.nasdaq.com/api/quote/VTGN/summary?assetclass=stocks,2026-10-09T13:58:58.634374+00:00,VERIFIED
VTVT,118222843.0,https://api.nasdaq.com/api/quote/VTVT/summary?assetclass=stocks,2026-10-09T13:58:58.635894+00:00,VERIFIED
VYGR,149115434.0,https://api.nasdaq.com/api/quote/VYGR/summary?assetclass=stocks,2026-10-09T13:58:58.667395+00:00,VERIFIED
XBIT,67073008.0,https://api.nasdaq.com/api/quote/XBIT/summary?assetclass=stocks,2026-10-09T13:58:58.750459+00:00,VERIFIED
XENE,3517244490.0,https://api.nasdaq.com/api/quote/XENE/summary?assetclass=stocks,2026-10-09T13:58:58.868736+00:00,VERIFIED
XFOR,287525555.0,https://api.nasdaq.com/api/quote/XFOR/summary?assetclass=stocks,2026-10-09T13:58:58.878154+00:00,VERIFIED
XNCR,1867757333.0,https://api.nasdaq.com/api/quote/XNCR/summary?assetclass=stocks,2026-10-09T13:58:58.941475+00:00,VERIFIED
YARW,187343309.0,https://api.nasdaq.com/api/quote/YARW/summary?assetclass=stocks,2026-10-09T13:58:59.071434+00:00,VERIFIED
ZURA,410148706.0,https://api.nasdaq.com/api/quote/ZURA/summary?assetclass=stocks,2026-10-09T13:58:59.148829+00:00,VERIFIED
