nct_id,primary_endpoint,primary_timeframe,allocation,masking,intervention_model,comparator,enrollment,enrollment_type,study_type,first_posted,source_updated,source_url,checked_at,registry_overall_status,registry_results_first_posted
NCT01436968,Disease free survival defined as the time from randomization until the date of the first failure event will be compared for the ProstAtak® arm versus the placebo control arm. The analyses will be based on the intent to treat population.,Assessed at each visit every 6 months through year 5 until event occurs.,RANDOMIZED,QUADRUPLE,PARALLEL,Control,711,ESTIMATED,INTERVENTIONAL,2011-09-20,2026-10-02,https://clinicaltrials.gov/study/NCT01436968,2026-10-10T16:50:09.268809+00:00,ACTIVE_NOT_RECRUITING,
NCT02736656,Incidence of adverse events,up to 72 months,NA,NONE,SINGLE_GROUP,,1400,ESTIMATED,INTERVENTIONAL,2016-04-13,2026-07-15,https://clinicaltrials.gov/study/NCT02736656,2026-10-10T16:50:09.502283+00:00,ACTIVE_NOT_RECRUITING,
NCT03588975,Proportion of Participants Who Achieve ≥ 10-point Improvement From Baseline in KOOS-Child Pain and Function (Sports and Recreational Activities) Subscale Scores,Baseline and Week 104,RANDOMIZED,NONE,PARALLEL,,45,ESTIMATED,INTERVENTIONAL,2018-07-17,2026-09-10,https://clinicaltrials.gov/study/NCT03588975,2026-10-10T16:50:09.260666+00:00,RECRUITING,
NCT03992430,Part 1: Incidence of Adverse Events (AEs),Up to Week 148,RANDOMIZED,QUADRUPLE,PARALLEL,Part 2: Eteplirsen 30 mg/kg,160,ACTUAL,INTERVENTIONAL,2019-06-20,2026-02-27,https://clinicaltrials.gov/study/NCT03992430,2026-10-10T16:50:09.281522+00:00,ACTIVE_NOT_RECRUITING,
NCT04130997,Annualized Relapse Rate (ARR),Up to Week 336,NA,NONE,SINGLE_GROUP,,1100,ESTIMATED,INTERVENTIONAL,2019-10-18,2026-09-23,https://clinicaltrials.gov/study/NCT04130997,2026-10-10T16:50:09.293491+00:00,ACTIVE_NOT_RECRUITING,
NCT04229979,OS,5 years,RANDOMIZED,NONE,PARALLEL,Best Available Therapy,127,ACTUAL,INTERVENTIONAL,2020-01-18,2025-10-01,https://clinicaltrials.gov/study/NCT04229979,2026-10-10T16:50:09.275940+00:00,ACTIVE_NOT_RECRUITING,
NCT04360265,Number of Participants with Treatment-Emergent Adverse Events (TEAEs) and Treatment-Emergent Serious Adverse Events (SAEs),Up to Year 5,NON_RANDOMIZED,NONE,PARALLEL,,41,ESTIMATED,INTERVENTIONAL,2020-04-24,2026-07-17,https://clinicaltrials.gov/study/NCT04360265,2026-10-10T16:50:09.255993+00:00,ENROLLING_BY_INVITATION,
NCT04452591,Cohort C:,36 months,NON_RANDOMIZED,NONE,SINGLE_GROUP,,190,ESTIMATED,INTERVENTIONAL,2020-06-30,2026-07-10,https://clinicaltrials.gov/study/NCT04452591,2026-10-10T16:50:09.300695+00:00,ACTIVE_NOT_RECRUITING,
NCT04576156,Overall survival (OS),Baseline (Day 1) until End of Study (EOS) (approximately 3 years )],RANDOMIZED,NONE,PARALLEL,Best Available Therapy (BAT),327,ACTUAL,INTERVENTIONAL,2020-10-06,2026-07-08,https://clinicaltrials.gov/study/NCT04576156,2026-10-10T16:50:09.413372+00:00,ACTIVE_NOT_RECRUITING,
NCT04768972,Change from Baseline (Day 1) through Study Day 505 in Part 1 in functional impairment,"Baseline, Day 505 in Part 1",RANDOMIZED,DOUBLE,PARALLEL,Placebo,89,ACTUAL,INTERVENTIONAL,2021-02-24,2026-07-21,https://clinicaltrials.gov/study/NCT04768972,2026-10-10T16:50:09.404067+00:00,ACTIVE_NOT_RECRUITING,
NCT04849741,Percent Change from Baseline in the 10-Meter Walk Test (10MWT),Baseline and Week 61,RANDOMIZED,DOUBLE,PARALLEL,Placebo,54,ACTUAL,INTERVENTIONAL,2021-04-19,2026-08-21,https://clinicaltrials.gov/study/NCT04849741,2026-10-10T16:50:09.432127+00:00,ACTIVE_NOT_RECRUITING,
NCT04933721,Number and proportion of subjects with a treatment-related TEAE,240 weeks,NA,NONE,SINGLE_GROUP,,139,ESTIMATED,INTERVENTIONAL,2021-06-22,2025-12-23,https://clinicaltrials.gov/study/NCT04933721,2026-10-10T16:50:09.449822+00:00,ENROLLING_BY_INVITATION,
NCT04987229,Incidence of adverse events,Up to 52 weeks,NA,NONE,SINGLE_GROUP,,236,ESTIMATED,INTERVENTIONAL,2021-08-03,2026-08-14,https://clinicaltrials.gov/study/NCT04987229,2026-10-10T16:50:09.430259+00:00,ENROLLING_BY_INVITATION,
NCT05071300,Change From Baseline in Platelet Count,Baseline to Week 181,NA,NONE,SINGLE_GROUP,,151,ACTUAL,INTERVENTIONAL,2021-10-08,2025-12-04,https://clinicaltrials.gov/study/NCT05071300,2026-10-10T16:50:09.466214+00:00,ACTIVE_NOT_RECRUITING,
NCT05099770,Surrogate / Intermediate Efficacy Endpoint -eGFR Slope,18 months after the 135th participant receives their first injection / sham.,RANDOMIZED,TRIPLE,PARALLEL,Sham Procedure,685,ESTIMATED,INTERVENTIONAL,2021-10-29,2026-08-11,https://clinicaltrials.gov/study/NCT05099770,2026-10-10T16:50:09.462589+00:00,ACTIVE_NOT_RECRUITING,
NCT05130450,"Percent Change From Baseline in Fasting TG at 6 Months (Average of Weeks 23, 25, and 27) Compared to Baseline",Baseline and 6 months,NA,NONE,SINGLE_GROUP,,60,ACTUAL,INTERVENTIONAL,2021-11-23,2025-12-12,https://clinicaltrials.gov/study/NCT05130450,2026-10-10T16:50:09.545443+00:00,ACTIVE_NOT_RECRUITING,
NCT05144256,Percentage of Participants Achieving Transfusion Reduction Response (TRR),Week 9 to Week 32,RANDOMIZED,QUADRUPLE,PARALLEL,Placebo,49,ACTUAL,INTERVENTIONAL,2021-12-03,2026-09-28,https://clinicaltrials.gov/study/NCT05144256,2026-10-10T16:50:09.595425+00:00,ACTIVE_NOT_RECRUITING,
NCT05175105,Percentage of Participants Achieving a Hemoglobin (Hb) Response,Baseline up to Week 20,RANDOMIZED,QUADRUPLE,PARALLEL,Placebo,30,ACTUAL,INTERVENTIONAL,2022-01-03,2026-08-27,https://clinicaltrials.gov/study/NCT05175105,2026-10-10T16:50:09.588256+00:00,ACTIVE_NOT_RECRUITING,
NCT05185843,"Proportion of Participants With Decrease in Platelet Count by >30% or >50%, or With Platelet Count Value <50,000/cubic millimeter (mm^3)",Baseline to Week 209,NA,NONE,SINGLE_GROUP,,24,ACTUAL,INTERVENTIONAL,2022-01-11,2025-12-12,https://clinicaltrials.gov/study/NCT05185843,2026-10-10T16:50:09.586324+00:00,ACTIVE_NOT_RECRUITING,
NCT05208047,Part 1a - pharmacokinetics - Cmax,16 days,RANDOMIZED,NONE,PARALLEL,Part 2 - Control Group,482,ESTIMATED,INTERVENTIONAL,2022-01-26,2026-06-16,https://clinicaltrials.gov/study/NCT05208047,2026-10-10T16:50:09.614391+00:00,RECRUITING,
NCT05210790,Proportion of subjects achieving a response who receive rusfertide compared to placebo.,Week 20 through Week 32,RANDOMIZED,TRIPLE,PARALLEL,Placebo,293,ACTUAL,INTERVENTIONAL,2022-01-27,2025-08-07,https://clinicaltrials.gov/study/NCT05210790,2026-10-10T16:50:09.617544+00:00,ACTIVE_NOT_RECRUITING,
NCT05303064,Change from baseline in body mass index (BMI) Zscore at week 12,12 weeks,RANDOMIZED,QUADRUPLE,PARALLEL,Group 2 Olanzapine,220,ESTIMATED,INTERVENTIONAL,2022-03-31,2026-08-14,https://clinicaltrials.gov/study/NCT05303064,2026-10-10T16:50:09.600368+00:00,RECRUITING,
NCT05303519,Part 1: Incidence of adverse events (AEs) and serious adverse events (SAEs),From participants sign ICF to 30 days after last dose，average 2 years,RANDOMIZED,QUADRUPLE,PARALLEL,placebo (Part 2),365,ESTIMATED,INTERVENTIONAL,2022-03-31,2026-08-28,https://clinicaltrials.gov/study/NCT05303519,2026-10-10T16:50:09.672692+00:00,RECRUITING,
NCT05345171,Plasma Ammonia as Measured by 24-Hour Ammonia (AUC0-24),Week 36,RANDOMIZED,QUADRUPLE,CROSSOVER,Placebo | Placebo for oral corticosteroids,37,ACTUAL,INTERVENTIONAL,2022-04-25,2026-09-09,https://clinicaltrials.gov/study/NCT05345171,2026-10-10T16:50:09.669340+00:00,ACTIVE_NOT_RECRUITING,
NCT05392114,"Percentage of Participants with at Least One Treatment-emergent Adverse Event (TEAE), Graded by Severity","Up to approximately 70 weeks, plus 104 weeks for Group 1; up to approximately 76 weeks, plus 104 weeks for Group 2",NA,NONE,SINGLE_GROUP,,154,ACTUAL,INTERVENTIONAL,2022-05-26,2025-12-12,https://clinicaltrials.gov/study/NCT05392114,2026-10-10T16:50:09.733840+00:00,ACTIVE_NOT_RECRUITING,
NCT05515536,Number of Participants With Adverse Events (AEs),Baseline up to 3 years,NA,NONE,SINGLE_GROUP,,130,ACTUAL,INTERVENTIONAL,2022-08-25,2025-10-30,https://clinicaltrials.gov/study/NCT05515536,2026-10-10T16:50:09.731389+00:00,ACTIVE_NOT_RECRUITING,
NCT05535946,Rate of subjects in clinical remission at Week 44,Week 44,RANDOMIZED,TRIPLE,PARALLEL,ABX464 25mg - Responder subjects at the end of induction | ABX464 50mg - Responder subjects at the end of induction | Placebo - Responder subjects at the end of induction,1116,ACTUAL,INTERVENTIONAL,2022-09-10,2026-07-07,https://clinicaltrials.gov/study/NCT05535946,2026-10-10T16:50:09.784583+00:00,ACTIVE_NOT_RECRUITING,
NCT05606614,Part A: Safety and Tolerability of TSHA-102,Baseline through Week 52,NON_RANDOMIZED,SINGLE,SEQUENTIAL,,17,ACTUAL,INTERVENTIONAL,2022-11-07,2026-07-07,https://clinicaltrials.gov/study/NCT05606614,2026-10-10T16:50:09.751983+00:00,ACTIVE_NOT_RECRUITING,
NCT05607550,Progression Free Survival (PFS) determined by blinded independent central review (BICR),Up to 32 months after first dose,RANDOMIZED,NONE,PARALLEL,platinum-based chemotherapy,398,ACTUAL,INTERVENTIONAL,2022-11-07,2025-06-22,https://clinicaltrials.gov/study/NCT05607550,2026-10-10T16:50:09.790875+00:00,ACTIVE_NOT_RECRUITING,
NCT05643872,Treatment emergent adverse events,6 months,NA,NONE,SINGLE_GROUP,,45,ESTIMATED,INTERVENTIONAL,2022-12-09,2022-12-09,https://clinicaltrials.gov/study/NCT05643872,2026-10-10T16:50:09.770627+00:00,RECRUITING,
NCT05667142,Median percent change (MPC) in monthly (28 days) PGTCS frequency,Baseline through DBP (Week 12),RANDOMIZED,DOUBLE,PARALLEL,Placebo,160,ESTIMATED,INTERVENTIONAL,2022-12-28,2026-10-08,https://clinicaltrials.gov/study/NCT05667142,2026-10-10T16:50:09.820025+00:00,RECRUITING,
NCT05667493,Number of Participants With Adverse Events (AE) and Serious Adverse Events (SAE),Baseline up to 36 months,NA,NONE,SINGLE_GROUP,,1400,ESTIMATED,INTERVENTIONAL,2022-12-28,2026-04-17,https://clinicaltrials.gov/study/NCT05667493,2026-10-10T16:50:09.824940+00:00,ENROLLING_BY_INVITATION,
NCT05681351,"Proportion of Participants With Change in Clinical Laboratory Values From Baseline to Week 53, From Baseline to Week 105, and From Baseline to Week 157",Baseline up to Week 157,NA,NONE,SINGLE_GROUP,,885,ACTUAL,INTERVENTIONAL,2023-01-12,2025-12-01,https://clinicaltrials.gov/study/NCT05681351,2026-10-10T16:50:09.913838+00:00,ACTIVE_NOT_RECRUITING,
NCT05711940,COMP360 25 mg versus COMP360 1 mg for the change from baseline in MADRS total score.,Week 6,RANDOMIZED,QUADRUPLE,PARALLEL,1 mg COMP360 Psilocybin,572,ACTUAL,INTERVENTIONAL,2023-02-03,2026-08-10,https://clinicaltrials.gov/study/NCT05711940,2026-10-10T16:50:09.879648+00:00,ACTIVE_NOT_RECRUITING,
NCT05716100,Median percent change (MPC) in focal seizure frequency from baseline to DBP for XEN1101 versus placebo.,From baseline through to the double blind period (week 12).,RANDOMIZED,DOUBLE,PARALLEL,Placebo,360,ESTIMATED,INTERVENTIONAL,2023-02-08,2026-10-08,https://clinicaltrials.gov/study/NCT05716100,2026-10-10T16:50:09.918615+00:00,RECRUITING,
NCT05718817,The adverse events,From the start of treatment in the open-label extension (OLE) study through 8 weeks after the last dose.,NA,NONE,SINGLE_GROUP,,880,ESTIMATED,INTERVENTIONAL,2023-02-08,2026-10-08,https://clinicaltrials.gov/study/NCT05718817,2026-10-10T16:50:09.916486+00:00,ENROLLING_BY_INVITATION,
NCT05727904,Objective Response Rate and Progression Free Survival,5 years total duration,RANDOMIZED,NONE,PARALLEL,Arm B,670,ESTIMATED,INTERVENTIONAL,2023-02-14,2026-09-24,https://clinicaltrials.gov/study/NCT05727904,2026-10-10T16:50:09.930582+00:00,RECRUITING,
NCT05768854,"Annualized Rate of All Radiographically-Confirmed Fractures, Including Morphometric Vertebral Fractures, at the Primary Analysis",Up to 24 Months,RANDOMIZED,NONE,PARALLEL,Intravenous Bisphosphonates (IV-BP) -> Setrusumab,69,ACTUAL,INTERVENTIONAL,2023-03-14,2026-02-25,https://clinicaltrials.gov/study/NCT05768854,2026-10-10T16:50:09.939052+00:00,ACTIVE_NOT_RECRUITING,
NCT05877963,Part A and Part C: Percentage of Participants With no Change or Reduction in Number of T1 Gd-Enhancing Lesions From Baseline to Week 48,Baseline up to Week 48,RANDOMIZED,DOUBLE,PARALLEL,Placebo,800,ESTIMATED,INTERVENTIONAL,2023-05-26,2026-09-21,https://clinicaltrials.gov/study/NCT05877963,2026-10-10T16:50:09.950321+00:00,RECRUITING,
NCT05881408,Part 1: Change From Baseline in the Total Score of Performance of Upper Limb (PUL) (Version 2.0) at Week 72,"Baseline, Week 72",RANDOMIZED,QUADRUPLE,PARALLEL,Placebo followed by Delandistrogene Moxeparvovec,148,ESTIMATED,INTERVENTIONAL,2023-05-31,2026-05-22,https://clinicaltrials.gov/study/NCT05881408,2026-10-10T16:50:09.974590+00:00,ACTIVE_NOT_RECRUITING,
NCT05898620,Efficacy of NGN-401,52 Weeks,NON_RANDOMIZED,SINGLE,SEQUENTIAL,,33,ESTIMATED,INTERVENTIONAL,2023-06-12,2026-06-10,https://clinicaltrials.gov/study/NCT05898620,2026-10-10T16:50:10.003502+00:00,ACTIVE_NOT_RECRUITING,
NCT05905926,Safety Measure Assessment (Adverse Event),40 weeks,NA,NONE,SINGLE_GROUP,,150,ESTIMATED,INTERVENTIONAL,2023-06-15,2026-06-04,https://clinicaltrials.gov/study/NCT05905926,2026-10-10T16:50:10.057901+00:00,ENROLLING_BY_INVITATION,
NCT05933200,Annualized Event Rate of Major Clinical Events (MCEs),Up to Year 4,RANDOMIZED,QUADRUPLE,PARALLEL,MCT,69,ACTUAL,INTERVENTIONAL,2023-07-06,2026-09-17,https://clinicaltrials.gov/study/NCT05933200,2026-10-10T16:50:10.070816+00:00,ACTIVE_NOT_RECRUITING,
NCT05949593,To measure the rate of change (growth rate slope) in geographic atrophy (GA) lesion size,From baseline to Month 24],RANDOMIZED,DOUBLE,PARALLEL,Placebo,429,ESTIMATED,INTERVENTIONAL,2023-07-18,2026-01-07,https://clinicaltrials.gov/study/NCT05949593,2026-10-10T16:50:10.095829+00:00,ACTIVE_NOT_RECRUITING,
NCT05967351,"Number of Participants with a Treatment-emergent Adverse Event (TEAE), Serious Adverse Event (SAE), and Adverse Event of Special Interest (AESI)",Up to 10 years,NA,NONE,SINGLE_GROUP,,400,ESTIMATED,INTERVENTIONAL,2023-08-01,2026-02-06,https://clinicaltrials.gov/study/NCT05967351,2026-10-10T16:50:10.097181+00:00,ENROLLING_BY_INVITATION,
NCT05968430,Change from MLS-101-301 baseline automated office blood pressure,Week 36,NON_RANDOMIZED,NONE,SINGLE_GROUP,Placebo,1076,ACTUAL,INTERVENTIONAL,2023-08-01,2026-09-29,https://clinicaltrials.gov/study/NCT05968430,2026-10-10T16:50:10.105907+00:00,ACTIVE_NOT_RECRUITING,
NCT06007690,Time to reach tumor progression,65 weeks,RANDOMIZED,DOUBLE,PARALLEL,Sham control arm & sham laser,108,ACTUAL,INTERVENTIONAL,2023-08-23,2026-07-31,https://clinicaltrials.gov/study/NCT06007690,2026-10-10T16:50:10.099618+00:00,ACTIVE_NOT_RECRUITING,
NCT06016738,Dose-Selection Part: Incidence of adverse events,From Date of Randomization up to 16 weeks,RANDOMIZED,NONE,PARALLEL,Standard of Care Endocrine Therapy,510,ESTIMATED,INTERVENTIONAL,2023-08-30,2026-08-13,https://clinicaltrials.gov/study/NCT06016738,2026-10-10T16:50:10.128907+00:00,ACTIVE_NOT_RECRUITING,
NCT06033586,Hematocrit,0-2 years,NA,NONE,SINGLE_GROUP,,46,ACTUAL,INTERVENTIONAL,2023-09-13,2025-08-06,https://clinicaltrials.gov/study/NCT06033586,2026-10-10T16:50:10.123073+00:00,ACTIVE_NOT_RECRUITING,
NCT06072781,Progression Free Survival (PFS) per blinded independent central review (BICR),Up to 24 months,RANDOMIZED,NONE,CROSSOVER,Investigator Choice of Treatment (ICT),270,ESTIMATED,INTERVENTIONAL,2023-10-10,2026-10-07,https://clinicaltrials.gov/study/NCT06072781,2026-10-10T16:50:10.210530+00:00,RECRUITING,
NCT06081894,Change in Kansas City Cardiomyopathy Questionnaire - Clinical Summary Score (KCCQ-CSS),Baseline to Week 36,RANDOMIZED,DOUBLE,PARALLEL,Placebo,500,ESTIMATED,INTERVENTIONAL,2023-10-13,2026-09-22,https://clinicaltrials.gov/study/NCT06081894,2026-10-10T16:50:10.218316+00:00,ACTIVE_NOT_RECRUITING,
NCT06087276,Parallel Design: Change from Baseline (CFB) to Week 8 (Day 56) on mADL11 score,8 weeks (56 days),RANDOMIZED,TRIPLE,PARALLEL,Parallel Design: placebo arm,1000,ESTIMATED,INTERVENTIONAL,2023-10-17,2026-10-06,https://clinicaltrials.gov/study/NCT06087276,2026-10-10T16:50:10.248796+00:00,RECRUITING,
NCT06111235,Recurrence Free Survival (RFS),29 months,RANDOMIZED,NONE,PARALLEL,Observation after TURBT,367,ACTUAL,INTERVENTIONAL,2023-11-01,2026-07-01,https://clinicaltrials.gov/study/NCT06111235,2026-10-10T16:50:10.289252+00:00,ACTIVE_NOT_RECRUITING,
NCT06128629,Composite outcome of cardiovascular (CV) mortality and CV events,Maximum study duration is dependent on event rates and is estimated to be at least 18 months and up to approximately 5 years,RANDOMIZED,QUADRUPLE,PARALLEL,Placebo,1200,ESTIMATED,INTERVENTIONAL,2023-11-13,2026-03-27,https://clinicaltrials.gov/study/NCT06128629,2026-10-10T16:50:10.267702+00:00,RECRUITING,
NCT06173531,Change from Baseline at Week 12 in caregiver-rated Hyperphagia Questionnaire for Clinical Trials (HQ-CT) score,Baseline to Week 12,RANDOMIZED,QUADRUPLE,PARALLEL,Placebo,170,ESTIMATED,INTERVENTIONAL,2023-12-15,2025-09-10,https://clinicaltrials.gov/study/NCT06173531,2026-10-10T16:50:10.294368+00:00,ACTIVE_NOT_RECRUITING,
NCT06194799,Treatment-emergent adverse events,52 Weeks,NA,NONE,SINGLE_GROUP,,752,ESTIMATED,INTERVENTIONAL,2024-01-08,2026-08-05,https://clinicaltrials.gov/study/NCT06194799,2026-10-10T16:50:10.271136+00:00,ENROLLING_BY_INVITATION,
NCT06223958,Best corrected visual acuity (BCVA),Up to 36 Weeks,RANDOMIZED,QUADRUPLE,PARALLEL,,344,ACTUAL,INTERVENTIONAL,2024-01-25,2025-04-18,https://clinicaltrials.gov/study/NCT06223958,2026-10-10T16:50:10.297340+00:00,ACTIVE_NOT_RECRUITING,
NCT06239480,Overall microcystic lymphatic malformations Investigator Global Assessment (mLM-IGA),At Week 24,NA,NONE,SINGLE_GROUP,,51,ACTUAL,INTERVENTIONAL,2024-02-02,2026-03-27,https://clinicaltrials.gov/study/NCT06239480,2026-10-10T16:50:10.356954+00:00,ACTIVE_NOT_RECRUITING,
NCT06246513,Cohort 1: Change from Baseline in β-SG Expression at Day 60 Post-dose as Measured by Immunofluorescence (IF) Percent β-SG Positive Fibers,"Baseline, Day 60",NA,NONE,SINGLE_GROUP,,17,ACTUAL,INTERVENTIONAL,2024-02-07,2026-03-02,https://clinicaltrials.gov/study/NCT06246513,2026-10-10T16:50:10.347238+00:00,ACTIVE_NOT_RECRUITING,
NCT06247085,Change from baseline in plasma tHcy levels - Weeks 6 to 12,Weeks 6 - 12,RANDOMIZED,QUADRUPLE,PARALLEL,placebo,70,ESTIMATED,INTERVENTIONAL,2024-02-07,2026-10-08,https://clinicaltrials.gov/study/NCT06247085,2026-10-10T16:50:10.408655+00:00,RECRUITING,
NCT06302348,Mean Change From Baseline in Full-scale Intelligence Quotient (FSIQ) Wechsler Preschool and Primary Scale of Intelligence - Fourth Edition (WPPSI-IV) Score,"Baseline, Year 2",NA,NONE,SINGLE_GROUP,,56,ESTIMATED,INTERVENTIONAL,2024-03-08,2026-08-28,https://clinicaltrials.gov/study/NCT06302348,2026-10-10T16:50:10.400510+00:00,RECRUITING,
NCT06325566,Mean Change From Baseline in Daily Average Low Back Pain at 12 Months Post-treatment Based on Visual Analog Scale (VAS) Score,Baseline and Month 12,RANDOMIZED,DOUBLE,PARALLEL,Control Group,300,ESTIMATED,INTERVENTIONAL,2024-03-22,2026-06-17,https://clinicaltrials.gov/study/NCT06325566,2026-10-10T16:50:10.406643+00:00,ACTIVE_NOT_RECRUITING,
NCT06346067,Stage 1:To select the optimal dose of naporafenib + trametinib to be studied in Stage 2,Assessed up to 6 months from time of first dose,RANDOMIZED,NONE,PARALLEL,Stage 1 Dose selection Lead-in Arm 3 Trametinib monotherapy | Stage 2 Arm B - Physician's Choice,78,ACTUAL,INTERVENTIONAL,2024-04-03,2026-02-27,https://clinicaltrials.gov/study/NCT06346067,2026-10-10T16:50:10.446290+00:00,ACTIVE_NOT_RECRUITING,
NCT06388200,Change in functional vision from baseline to week 52 in pooled analysis when study eyes in treatment group were compared to study eyes in untreated control,52 weeks,RANDOMIZED,SINGLE,PARALLEL,Control for Gene Agnostic Arm | Control for RHO Arm,140,ACTUAL,INTERVENTIONAL,2024-04-29,2026-07-31,https://clinicaltrials.gov/study/NCT06388200,2026-10-10T16:50:10.461893+00:00,ACTIVE_NOT_RECRUITING,
NCT06413433,Change from Baseline to Week 12 in number of binge eating episodes,12 weeks,RANDOMIZED,DOUBLE,PARALLEL,Placebo,450,ESTIMATED,INTERVENTIONAL,2024-05-14,2026-07-28,https://clinicaltrials.gov/study/NCT06413433,2026-10-10T16:50:10.439636+00:00,RECRUITING,
NCT06415344,Incidence of Treatment Emergent Adverse Events (TEAEs),Up to 5 Years,NA,NONE,SINGLE_GROUP,,255,ESTIMATED,INTERVENTIONAL,2024-05-16,2026-09-09,https://clinicaltrials.gov/study/NCT06415344,2026-10-10T16:50:10.471466+00:00,ACTIVE_NOT_RECRUITING,
NCT06431776,DLCO,24 weeks,NA,NONE,SINGLE_GROUP,,5,ESTIMATED,INTERVENTIONAL,2024-05-29,2026-02-19,https://clinicaltrials.gov/study/NCT06431776,2026-10-10T16:50:10.477978+00:00,RECRUITING,
NCT06431893,Treatment-emergent AEs,Week 1 - Week 108,NA,NONE,SINGLE_GROUP,,100,ESTIMATED,INTERVENTIONAL,2024-05-29,2026-05-28,https://clinicaltrials.gov/study/NCT06431893,2026-10-10T16:50:10.535433+00:00,ENROLLING_BY_INVITATION,
NCT06445023,Mean change from baseline to Week 12 of UAS7 (Urticaria Activity Score),From Day 1 (first dose) to Day 85 (Week 12),RANDOMIZED,QUADRUPLE,PARALLEL,Matching placebo,963,ACTUAL,INTERVENTIONAL,2024-06-06,2026-03-25,https://clinicaltrials.gov/study/NCT06445023,2026-10-10T16:50:10.573164+00:00,ACTIVE_NOT_RECRUITING,
NCT06455202,Mean change from baseline to Week 12 of UAS7 (Urticaria Activity Score),From Day 1 (first dose) to Day 85 (Week 12),RANDOMIZED,QUADRUPLE,PARALLEL,Matching placebo,976,ACTUAL,INTERVENTIONAL,2024-06-12,2026-03-25,https://clinicaltrials.gov/study/NCT06455202,2026-10-10T16:50:10.575107+00:00,ACTIVE_NOT_RECRUITING,
NCT06456580,Change from baseline in Myasthenia Gravis-Activities of Daily Living (MG-ADL) score at Week 24,Week 24,RANDOMIZED,QUADRUPLE,PARALLEL,Placebo,180,ESTIMATED,INTERVENTIONAL,2024-06-13,2026-06-18,https://clinicaltrials.gov/study/NCT06456580,2026-10-10T16:50:10.587400+00:00,RECRUITING,
NCT06481891,Change from Baseline to Week 26 in Kansas City Cardiomyopathy Questionnaire Clinical Summary Score (KCCQ CSS),Baseline to Week 26,RANDOMIZED,QUADRUPLE,PARALLEL,Placebo,500,ESTIMATED,INTERVENTIONAL,2024-07-01,2026-08-26,https://clinicaltrials.gov/study/NCT06481891,2026-10-10T16:50:10.591637+00:00,ACTIVE_NOT_RECRUITING,
NCT06495918,Best Corrected Visual Acuity (BCVA),Week 48,RANDOMIZED,QUADRUPLE,PARALLEL,Aflibercept 2mg on label,825,ESTIMATED,INTERVENTIONAL,2024-07-11,2025-06-17,https://clinicaltrials.gov/study/NCT06495918,2026-10-10T16:50:10.632869+00:00,ACTIVE_NOT_RECRUITING,
NCT06510816,Proportion of Participants Experiencing a Best Corrected Visual Acuity (BCVA) ≥15-letter Loss from Baseline Through Month 15 as Assessed by the Early Treatment Diabetic Retinopathy Study (ETDRS) Chart at Any Two Consecutive Visits,Baseline through Month 15,RANDOMIZED,QUADRUPLE,PARALLEL,Sham Group,659,ACTUAL,INTERVENTIONAL,2024-07-19,2026-10-06,https://clinicaltrials.gov/study/NCT06510816,2026-10-10T16:50:10.642934+00:00,ACTIVE_NOT_RECRUITING,
NCT06553768,Mean change in the ItchRO(Obs) severity score,From baseline to average of week 13 to week 20,RANDOMIZED,QUADRUPLE,PARALLEL,Placebo,90,ESTIMATED,INTERVENTIONAL,2024-08-14,2026-10-06,https://clinicaltrials.gov/study/NCT06553768,2026-10-10T16:50:10.630390+00:00,ACTIVE_NOT_RECRUITING,
NCT06556368,Best corrected visual acuity (BCVA),Week 48,RANDOMIZED,QUADRUPLE,PARALLEL,Aflibercept 2 mg,675,ESTIMATED,INTERVENTIONAL,2024-08-16,2026-04-29,https://clinicaltrials.gov/study/NCT06556368,2026-10-10T16:50:10.659373+00:00,ACTIVE_NOT_RECRUITING,
NCT06561048,Progression-free survival,Up to 4 years post study treatment initiation,RANDOMIZED,NONE,PARALLEL,Standard of Care,150,ESTIMATED,INTERVENTIONAL,2024-08-19,2026-09-25,https://clinicaltrials.gov/study/NCT06561048,2026-10-10T16:50:10.732682+00:00,RECRUITING,
NCT06564324,PFS (Assessed by BIRC),About 49 months,RANDOMIZED,NONE,PARALLEL,Crizotinib,194,ESTIMATED,INTERVENTIONAL,2024-08-21,2026-04-13,https://clinicaltrials.gov/study/NCT06564324,2026-10-10T16:50:10.747344+00:00,RECRUITING,
NCT06566820,Number of Participants With Adverse Events (AES) and Serious Adverse Events (SAEs),"through study completion, an average of 1 year",NA,NONE,SINGLE_GROUP,,1280,ESTIMATED,INTERVENTIONAL,2024-08-22,2025-05-13,https://clinicaltrials.gov/study/NCT06566820,2026-10-10T16:50:10.774049+00:00,ENROLLING_BY_INVITATION,
NCT06568367,Change from Baseline to Week 12 in the mean sleep latency time as measured by the Maintenance of Wakefulness Test (MWT).,12 weeks,RANDOMIZED,DOUBLE,PARALLEL,Placebo,520,ESTIMATED,INTERVENTIONAL,2024-08-23,2026-07-24,https://clinicaltrials.gov/study/NCT06568367,2026-10-10T16:50:10.760873+00:00,RECRUITING,
NCT06608927,Overall Survival (OS),Up to 72 months,RANDOMIZED,QUADRUPLE,PARALLEL,Arm B (Comparator Arm),610,ESTIMATED,INTERVENTIONAL,2024-09-23,2026-09-29,https://clinicaltrials.gov/study/NCT06608927,2026-10-10T16:50:10.782407+00:00,ACTIVE_NOT_RECRUITING,
NCT06617429,Change from Baseline in Bayley-4 Cognitive Raw Score Without Caregiver Input at Day 338,"Baseline, Day 338",RANDOMIZED,QUADRUPLE,PARALLEL,Sham-LP then GTX-102,129,ACTUAL,INTERVENTIONAL,2024-09-27,2026-08-06,https://clinicaltrials.gov/study/NCT06617429,2026-10-10T16:50:10.802956+00:00,ACTIVE_NOT_RECRUITING,
NCT06634420,Time-normalized number of Investigator-confirmed HAE attacks,From Week 5 through Week 28,RANDOMIZED,QUADRUPLE,PARALLEL,Arm A: NTLA-2002 | Arm B: Placebo,80,ACTUAL,INTERVENTIONAL,2024-10-09,2026-10-08,https://clinicaltrials.gov/study/NCT06634420,2026-10-10T16:50:10.781018+00:00,ACTIVE_NOT_RECRUITING,
NCT06636071,"Annualized Rate of All Radiographically-Confirmed Fractures, Including Morphometric Vertebral Fractures During the Treatment Period",Up to Month 24,NA,NONE,SINGLE_GROUP,,6,ACTUAL,INTERVENTIONAL,2024-10-10,2026-09-28,https://clinicaltrials.gov/study/NCT06636071,2026-10-10T16:50:10.787850+00:00,ACTIVE_NOT_RECRUITING,
NCT06641076,Response rate of participants achieving at least a 50% improvement in the American College of Rheumatology criteria (ACR50),Week 16,RANDOMIZED,TRIPLE,PARALLEL,Placebo,960,ESTIMATED,INTERVENTIONAL,2024-10-15,2026-10-09,https://clinicaltrials.gov/study/NCT06641076,2026-10-10T16:50:10.872525+00:00,ACTIVE_NOT_RECRUITING,
NCT06641089,Response rate of participants achieving at least a 50% improvement in the American College of Rheumatology criteria (ACR50),Week 16 compared to placebo,RANDOMIZED,TRIPLE,PARALLEL,Placebo | risankizumab,600,ESTIMATED,INTERVENTIONAL,2024-10-15,2026-10-09,https://clinicaltrials.gov/study/NCT06641089,2026-10-10T16:50:10.888418+00:00,ACTIVE_NOT_RECRUITING,
NCT06652633,Percentage of participants with targeted adverse events (AEs),From infusion up to 15 years,NA,NONE,SINGLE_GROUP,,546,ESTIMATED,INTERVENTIONAL,2024-10-22,2026-07-13,https://clinicaltrials.gov/study/NCT06652633,2026-10-10T16:50:10.906222+00:00,RECRUITING,
NCT06672237,Modified Neuropathy Impairment Score +7 (mNIS+7),18 Months,RANDOMIZED,QUADRUPLE,PARALLEL,Normal Saline,60,ESTIMATED,INTERVENTIONAL,2024-11-04,2026-04-16,https://clinicaltrials.gov/study/NCT06672237,2026-10-10T16:50:10.911505+00:00,RECRUITING,
NCT06734832,Evaluate the primary vaccine efficacy of the trial vaccine against HFMD caused by CA16 infection compared to the control vaccine.,1 year,RANDOMIZED,QUADRUPLE,PARALLEL,control group,8000,ESTIMATED,INTERVENTIONAL,2024-12-16,2025-01-01,https://clinicaltrials.gov/study/NCT06734832,2026-10-10T16:50:10.971814+00:00,RECRUITING,
NCT06736574,"Time to the first of event of CV death, HF event, LVAD implantation/cardiac transplantation, or stroke","From randomization to the first event of CV death or HF event, whichever occurs first, assessed until the last patient exits the study, estimated to last about 3 years",RANDOMIZED,QUADRUPLE,PARALLEL,Placebo,1800,ESTIMATED,INTERVENTIONAL,2024-12-16,2026-09-24,https://clinicaltrials.gov/study/NCT06736574,2026-10-10T16:50:10.958090+00:00,RECRUITING,
NCT06747468,Composite rate of Level 2 and Level 3 hypoglycemic events,During the double-blind treatment period (approximately 16 weeks),RANDOMIZED,DOUBLE,PARALLEL,PLACEBO,75,ESTIMATED,INTERVENTIONAL,2024-12-24,2026-08-24,https://clinicaltrials.gov/study/NCT06747468,2026-10-10T16:50:10.943292+00:00,ACTIVE_NOT_RECRUITING,
NCT06760546,Mean % change in BMI,From Baseline after 26 weeks on a therapeutic regimen,RANDOMIZED,TRIPLE,PARALLEL,Placebo,39,ESTIMATED,INTERVENTIONAL,2025-01-07,2026-02-12,https://clinicaltrials.gov/study/NCT06760546,2026-10-10T16:50:10.946575+00:00,RECRUITING,
NCT06768671,Pharmacokinetics (PK) of sonelokimab in adolescents,Week 24,NA,NONE,SINGLE_GROUP,,35,ESTIMATED,INTERVENTIONAL,2025-01-10,2026-05-06,https://clinicaltrials.gov/study/NCT06768671,2026-10-10T16:50:11.011141+00:00,ACTIVE_NOT_RECRUITING,
NCT06774131,Complete response rate (CRR),3 months,NA,NONE,SINGLE_GROUP,,70,ESTIMATED,INTERVENTIONAL,2025-01-14,2026-09-03,https://clinicaltrials.gov/study/NCT06774131,2026-10-10T16:50:11.060827+00:00,RECRUITING,
NCT06775379,"Change from baseline in the Hamilton Depression Rating Scale, 17-item (HAMD-17) score at Week 6",Baseline to Week 6,RANDOMIZED,QUADRUPLE,PARALLEL,Placebo,450,ESTIMATED,INTERVENTIONAL,2025-01-15,2026-08-03,https://clinicaltrials.gov/study/NCT06775379,2026-10-10T16:50:11.037065+00:00,RECRUITING,
NCT06822790,Number of Participants with Treatment-Emergent Adverse Events (TEAEs),From first dose of study drug through Month 24,NA,NONE,SINGLE_GROUP,,710,ACTUAL,INTERVENTIONAL,2025-02-12,2026-10-01,https://clinicaltrials.gov/study/NCT06822790,2026-10-10T16:50:11.064626+00:00,ACTIVE_NOT_RECRUITING,
NCT06846541,To assess the long-term safety and tolerability of ESK-001 throughout the duration of the study,Approximately 4 years,RANDOMIZED,QUADRUPLE,PARALLEL,Placebo,1680,ESTIMATED,INTERVENTIONAL,2025-02-26,2026-04-13,https://clinicaltrials.gov/study/NCT06846541,2026-10-10T16:50:11.104045+00:00,ACTIVE_NOT_RECRUITING,
NCT06864988,Mean change from baseline in BCVA ETDRS letter score at Week 52,52 Weeks,RANDOMIZED,QUADRUPLE,PARALLEL,Aflibercept (AFLB) 2 mg IVT,480,ESTIMATED,INTERVENTIONAL,2025-03-07,2026-06-01,https://clinicaltrials.gov/study/NCT06864988,2026-10-10T16:50:11.099149+00:00,ACTIVE_NOT_RECRUITING,
NCT06868264,Proportion of subjects achieving HCV RNA less than the lower limit of quantitation (LLOQ) at study week 24.,Day 1 through Week 24,RANDOMIZED,SINGLE,PARALLEL,Sofosbuvir-Velpatasvir (SOF/VEL),880,ESTIMATED,INTERVENTIONAL,2025-03-10,2025-12-05,https://clinicaltrials.gov/study/NCT06868264,2026-10-10T16:50:11.105467+00:00,ACTIVE_NOT_RECRUITING,
NCT06872125,Measurement of Seizure Change,Week 28,RANDOMIZED,QUADRUPLE,PARALLEL,Sham Comparator,170,ESTIMATED,INTERVENTIONAL,2025-03-12,2026-08-24,https://clinicaltrials.gov/study/NCT06872125,2026-10-10T16:50:11.111623+00:00,RECRUITING,
NCT06878976,Time from randomization to relapse of binge eating in the RW segment,Up to 24 weeks,RANDOMIZED,DOUBLE,PARALLEL,Placebo,236,ESTIMATED,INTERVENTIONAL,2025-03-17,2026-08-11,https://clinicaltrials.gov/study/NCT06878976,2026-10-10T16:50:11.127942+00:00,ENROLLING_BY_INVITATION,
NCT06880770,Time to First Occurrence of Positively Adjudicated AP Event (Event Occurring More Than 10 Days After First Dose of Study Drug),Randomization up to end of Double Blind Treatment Period compared to placebo (Approximate Maximum 50 Months)],RANDOMIZED,QUADRUPLE,PARALLEL,Placebo,288,ESTIMATED,INTERVENTIONAL,2025-03-18,2026-09-21,https://clinicaltrials.gov/study/NCT06880770,2026-10-10T16:50:11.177722+00:00,RECRUITING,
NCT06903338,"HDV RNA < Lower Limit of Quantification (LLOQ), Target Not Detected (TND) and alanine aminotransferase (ALT) normalization (ALT </= Upper Limit of Normal [ULN]) at Week 48 for Arm 1 vs at Week 12 for Arm 2",Up to 48 weeks,RANDOMIZED,NONE,PARALLEL,,124,ACTUAL,INTERVENTIONAL,2025-03-30,2026-04-08,https://clinicaltrials.gov/study/NCT06903338,2026-10-10T16:50:11.188125+00:00,ACTIVE_NOT_RECRUITING,
NCT06914609,Change in Performance on the Expressive Communication Subdomain Raw Score of the Bayley Scales for Infant and Toddler Development-4 (Bayley-4) Without Caregiver Input in Cohort 1,Baseline and Week 52,RANDOMIZED,QUADRUPLE,PARALLEL,Cohort 1 Placebo | Cohort 2 Placebo,156,ACTUAL,INTERVENTIONAL,2025-04-06,2026-09-29,https://clinicaltrials.gov/study/NCT06914609,2026-10-10T16:50:11.204326+00:00,ACTIVE_NOT_RECRUITING,
NCT06915233,Change from Baseline to Week 104 in the FAOS Pain and Function (SRA) subscale scores,Baseline to Week 104,RANDOMIZED,NONE,PARALLEL,,309,ESTIMATED,INTERVENTIONAL,2025-04-08,2026-07-23,https://clinicaltrials.gov/study/NCT06915233,2026-10-10T16:50:11.269817+00:00,RECRUITING,
NCT06922110,"Severity and frequency of treatment-emergent adverse events, serious adverse events, adverse events of special interest, and events of clinical interest",From the start of treatment in the open-label extension study through 8 weeks after the last dose,NA,NONE,SINGLE_GROUP,,460,ESTIMATED,INTERVENTIONAL,2025-04-10,2026-09-03,https://clinicaltrials.gov/study/NCT06922110,2026-10-10T16:50:11.258016+00:00,ENROLLING_BY_INVITATION,
NCT06972264,Changes in non-vellus Target Area Hair Counts (TAHC),Month 6,RANDOMIZED,QUADRUPLE,PARALLEL,Placebo BID with treatment extension to VDPHL01 BID | Placebo BID with treatment extension to VDPHL01 QD and Placebo QD,480,ESTIMATED,INTERVENTIONAL,2025-05-14,2026-02-12,https://clinicaltrials.gov/study/NCT06972264,2026-10-10T16:50:11.248918+00:00,ACTIVE_NOT_RECRUITING,
NCT06982521,Progression-Free Survival (PFS) within the overall and kinase population by blinded independent central review (BICR),"The time from date of randomization until radiographic progression per RECIST v1.1, or death due to any cause, up to approximately 77 months",RANDOMIZED,NONE,PARALLEL,capivasertib + fulvestrant,540,ESTIMATED,INTERVENTIONAL,2025-05-21,2026-10-05,https://clinicaltrials.gov/study/NCT06982521,2026-10-10T16:50:11.287408+00:00,RECRUITING,
NCT06990399,Mean change in BCVA,Week 24,RANDOMIZED,QUADRUPLE,PARALLEL,Sham,600,ESTIMATED,INTERVENTIONAL,2025-05-25,2026-05-18,https://clinicaltrials.gov/study/NCT06990399,2026-10-10T16:50:11.271544+00:00,RECRUITING,
NCT06996080,Mean change in BCVA,Week 24,RANDOMIZED,QUADRUPLE,PARALLEL,Sham,300,ESTIMATED,INTERVENTIONAL,2025-05-30,2026-05-18,https://clinicaltrials.gov/study/NCT06996080,2026-10-10T16:50:11.309946+00:00,RECRUITING,
NCT07007312,Nonintensive Therapy Study: (Primary Endpoint for all countries): Overall survival (OS),"Defined as the time from randomization to date of death from any cause, assessed up to 36 months after last patient inclusion",RANDOMIZED,QUADRUPLE,PARALLEL,"Intensive Therapy Study, Arm C | Nonintensive Therapy Study, Arm B",1300,ESTIMATED,INTERVENTIONAL,2025-06-05,2026-10-07,https://clinicaltrials.gov/study/NCT07007312,2026-10-10T16:50:11.343634+00:00,RECRUITING,
NCT07007637,Long-term safety and tolerability of sonelokimab: Adverse events (AEs) following treatment with sonelokimab,2.5-3 years,NA,NONE,SINGLE_GROUP,,835,ESTIMATED,INTERVENTIONAL,2025-06-06,2026-06-08,https://clinicaltrials.gov/study/NCT07007637,2026-10-10T16:50:11.389126+00:00,ENROLLING_BY_INVITATION,
NCT07010471,To assess the effect of relutrigine on seizure frequency in participants with DEEs compared to placebo,16 weeks,RANDOMIZED,QUADRUPLE,SEQUENTIAL,Part A: Double-Blind Treatment Period (Placebo),160,ESTIMATED,INTERVENTIONAL,2025-06-08,2026-08-04,https://clinicaltrials.gov/study/NCT07010471,2026-10-10T16:50:11.377081+00:00,ACTIVE_NOT_RECRUITING,
NCT07011719,Progression-free Survival (PFS) as assessed by Blinded Independent Central Review (BICR) according to RECIST 1.1,up to approximately 33 months,RANDOMIZED,QUADRUPLE,PARALLEL,Arm B (Comparator Arm),720,ESTIMATED,INTERVENTIONAL,2025-06-10,2026-09-29,https://clinicaltrials.gov/study/NCT07011719,2026-10-10T16:50:11.430562+00:00,RECRUITING,
NCT07015190,Cohort 1: To demonstrate that the proportion of subjects with vision loss is lower for subjects in the Treatment Arm vs the Control Arm,Approximately 3 years,RANDOMIZED,NONE,PARALLEL,Control Arm,520,ESTIMATED,INTERVENTIONAL,2025-06-11,2026-05-06,https://clinicaltrials.gov/study/NCT07015190,2026-10-10T16:50:11.427964+00:00,RECRUITING,
NCT07016750,To evaluate the safety and tolerability of KB803.,24 weeks,RANDOMIZED,QUADRUPLE,CROSSOVER,Placebo,16,ESTIMATED,INTERVENTIONAL,2025-06-12,2026-03-12,https://clinicaltrials.gov/study/NCT07016750,2026-10-10T16:50:11.408840+00:00,RECRUITING,
NCT07019922,To assess the efficacy of elsunersen on seizure frequency in participants with early-onset SCN2A DEE,24 weeks,NON_RANDOMIZED,NONE,SEQUENTIAL,,40,ESTIMATED,INTERVENTIONAL,2025-06-13,2026-08-03,https://clinicaltrials.gov/study/NCT07019922,2026-10-10T16:50:11.416655+00:00,RECRUITING,
NCT07020819,Area Under the Tanruprubart Serum Concentration-time Curve to the Last Sample (AUC0-t),Up to Day 15,NA,NONE,SINGLE_GROUP,,30,ESTIMATED,INTERVENTIONAL,2025-06-13,2026-05-28,https://clinicaltrials.gov/study/NCT07020819,2026-10-10T16:50:11.425337+00:00,RECRUITING,
NCT07037277,Portion of subjects achieving HCV RNA less than the lower limit of quantitation (LLOQ) at week 24,Day 1 through Week 24,RANDOMIZED,SINGLE,PARALLEL,Sofosbuvir-Velpatasvir (SOF/VEL),880,ESTIMATED,INTERVENTIONAL,2025-06-25,2026-06-29,https://clinicaltrials.gov/study/NCT07037277,2026-10-10T16:50:11.481294+00:00,ACTIVE_NOT_RECRUITING,
NCT07037771,Percent Change from Baseline to Month 12 in Fasting Low Density Lipoprotein Cholesterol (LDL-C) (Randomized period),"Baseline, Month 12",RANDOMIZED,QUADRUPLE,PARALLEL,Placebo,70,ACTUAL,INTERVENTIONAL,2025-06-25,2026-08-12,https://clinicaltrials.gov/study/NCT07037771,2026-10-10T16:50:11.506182+00:00,ACTIVE_NOT_RECRUITING,
NCT07055295,Proportion of participants achieving a RVNA titer ≥0.5 IU/mL,Day 42 after the first dose of vaccination,RANDOMIZED,QUADRUPLE,PARALLEL,Sanofi Pasteur Verorab®,390,ESTIMATED,INTERVENTIONAL,2025-07-08,2025-07-08,https://clinicaltrials.gov/study/NCT07055295,2026-10-10T16:50:11.514300+00:00,NOT_YET_RECRUITING,
NCT07055893,Proportion of participants achieving a rabies virus neutralizing antibody (RVNA) titer ≥0.5 IU/mL,Day 14 and Day 28 after the first dose vaccination,RANDOMIZED,QUADRUPLE,PARALLEL,Sanofi Pasteur Verorab®,390,ESTIMATED,INTERVENTIONAL,2025-07-09,2025-07-09,https://clinicaltrials.gov/study/NCT07055893,2026-10-10T16:50:11.537620+00:00,NOT_YET_RECRUITING,
NCT07064759,Mean change from baseline in Best Corrected Visual Accuity (BCVA) Early Treatment for Diabetic Retinopathy (ETDRS) letter score at Week 52,52 Weeks,RANDOMIZED,QUADRUPLE,PARALLEL,Aflibercept (AFLB) 2 mg IVT,480,ESTIMATED,INTERVENTIONAL,2025-07-15,2026-04-16,https://clinicaltrials.gov/study/NCT07064759,2026-10-10T16:50:11.594356+00:00,RECRUITING,
NCT07076407,"Change from baseline in the Hamilton Depression Rating Scale, 17-item (HAMD-17) score at Week 6",Baseline to Week 6,RANDOMIZED,QUADRUPLE,PARALLEL,Placebo,450,ESTIMATED,INTERVENTIONAL,2025-07-22,2026-09-08,https://clinicaltrials.gov/study/NCT07076407,2026-10-10T16:50:11.574859+00:00,RECRUITING,
NCT07085767,Progression-Free Survival (PFS),From Date of Randomization until Disease Progression or Death Due to Any Cause (estimated as up to 3.5 years),RANDOMIZED,TRIPLE,PARALLEL,Letrozole,1000,ESTIMATED,INTERVENTIONAL,2025-07-25,2026-09-23,https://clinicaltrials.gov/study/NCT07085767,2026-10-10T16:50:11.620317+00:00,RECRUITING,
NCT07095465,Proportion of subjects who experience treatment-emergent adverse events (TEAEs),52 weeks,NA,NONE,SINGLE_GROUP,,126,ESTIMATED,INTERVENTIONAL,2025-07-31,2026-09-29,https://clinicaltrials.gov/study/NCT07095465,2026-10-10T16:50:11.572990+00:00,RECRUITING,
NCT07104383,Percent change in body weight from baseline to Week 78 in body weight,78 Weeks,RANDOMIZED,TRIPLE,PARALLEL,Placebo Assignment,1100,ESTIMATED,INTERVENTIONAL,2025-08-05,2026-04-07,https://clinicaltrials.gov/study/NCT07104383,2026-10-10T16:50:11.617640+00:00,ACTIVE_NOT_RECRUITING,
NCT07104500,Percentage change in body weight from baseline for participants receiving VK2735 after 78 weeks of treatment,78 Weeks,RANDOMIZED,TRIPLE,PARALLEL,Placebo Assignment,4500,ESTIMATED,INTERVENTIONAL,2025-08-05,2025-11-24,https://clinicaltrials.gov/study/NCT07104500,2026-10-10T16:50:11.882696+00:00,ACTIVE_NOT_RECRUITING,
NCT07128550,"HDV RNA < Lower Limit of Quantification (LLOQ), Target not detected (TND) at Week 24",Week 24,RANDOMIZED,NONE,PARALLEL,,150,ESTIMATED,INTERVENTIONAL,2025-08-19,2026-07-13,https://clinicaltrials.gov/study/NCT07128550,2026-10-10T16:50:11.647390+00:00,ACTIVE_NOT_RECRUITING,
NCT07140783,Percent of participants with >= 15 ETDRS letters (>= 3 lines) improvement in the study eye in mLCVA compared to Baseline (Day1 pre-dose) at Day 15,Day 15,RANDOMIZED,QUADRUPLE,PARALLEL,Placebo - Phentolamine Ophthalmic Solution vehicle,580,ESTIMATED,INTERVENTIONAL,2025-08-26,2026-09-08,https://clinicaltrials.gov/study/NCT07140783,2026-10-10T16:50:11.688647+00:00,RECRUITING,
NCT07146022,Changes in non-vellus Target Area Hair Counts (TAHC),Month 6,RANDOMIZED,QUADRUPLE,PARALLEL,Placebo BID with treatment extension to VDPHL01 BID | Placebo BID with treatment extension to VDPHL01 QD and Placebo QD,552,ESTIMATED,INTERVENTIONAL,2025-08-28,2026-08-17,https://clinicaltrials.gov/study/NCT07146022,2026-10-10T16:50:11.706910+00:00,ACTIVE_NOT_RECRUITING,
NCT07154706,"Primary Outcome Measure: To compare the efficacy of taletrectinib with that of placebo, as measured by disease-free survival (DFS) by investigator assessment.",Time Frame: Up to approximately 5 years after the first patient is randomized (maximum follow-up of 70 months).,RANDOMIZED,TRIPLE,PARALLEL,Placebo Arm | Taletrectinib Active Arm,180,ESTIMATED,INTERVENTIONAL,2025-09-04,2026-05-19,https://clinicaltrials.gov/study/NCT07154706,2026-10-10T16:50:11.718210+00:00,RECRUITING,
NCT07160634,Change From Baseline in Time to Rise (TTR) from Supine Velocity (rise/s) at Day 540,"Baseline, Day 540",RANDOMIZED,QUADRUPLE,PARALLEL,Placebo,80,ESTIMATED,INTERVENTIONAL,2025-09-08,2026-09-28,https://clinicaltrials.gov/study/NCT07160634,2026-10-10T16:50:11.731116+00:00,RECRUITING,
NCT07172516,Change from baseline in the Montgomery-Åsberg Depression Rating Scale (MADRS) total score at Week 6.,Baseline to Week 6,RANDOMIZED,QUADRUPLE,PARALLEL,Placebo,400,ESTIMATED,INTERVENTIONAL,2025-09-15,2026-09-02,https://clinicaltrials.gov/study/NCT07172516,2026-10-10T16:50:11.751022+00:00,RECRUITING,
NCT07185997,Progression Free Survival (PFS) determined by blinded independent central review (BICR),"Until progression or death, assessed up to approximately 4 years",RANDOMIZED,NONE,PARALLEL,EGFR-TKI inhibitor osimertinib or afatinib based on investigator's choice,480,ESTIMATED,INTERVENTIONAL,2025-09-22,2026-09-01,https://clinicaltrials.gov/study/NCT07185997,2026-10-10T16:50:11.774011+00:00,RECRUITING,
NCT07200908,Percentage of participants with a composite endpoint of virologic response and ALT normalization,Week 48,RANDOMIZED,NONE,PARALLEL,Bulevirtide for 48 weeks followed by brelovitug for 48 weeks,172,ESTIMATED,INTERVENTIONAL,2025-10-01,2026-10-08,https://clinicaltrials.gov/study/NCT07200908,2026-10-10T16:50:11.795858+00:00,RECRUITING,
NCT07211152,The seroconversion rates (SCRs) of hemagglutination inhibition (HI) antibodies against each antigen 28 days after vaccination.,28 days after vaccination,RANDOMIZED,QUADRUPLE,PARALLEL,Control Group,150,ESTIMATED,INTERVENTIONAL,2025-10-07,2026-01-28,https://clinicaltrials.gov/study/NCT07211152,2026-10-10T16:50:11.812581+00:00,RECRUITING,
NCT07211633,Area Under the Curve From Week 0 to Week 24 (AUC0-W24) of Ublituximab,Up to Week 24,RANDOMIZED,NONE,PARALLEL,Ublituximab IV,360,ESTIMATED,INTERVENTIONAL,2025-10-08,2026-09-21,https://clinicaltrials.gov/study/NCT07211633,2026-10-10T16:50:11.838646+00:00,ACTIVE_NOT_RECRUITING,
NCT07211958,Event Free Survival,Up to 2 years,RANDOMIZED,QUADRUPLE,PARALLEL,Placebo + Intensive Chemotherapy,468,ESTIMATED,INTERVENTIONAL,2025-10-08,2026-09-25,https://clinicaltrials.gov/study/NCT07211958,2026-10-10T16:50:11.862279+00:00,RECRUITING,
NCT07217860,"Severity and frequency of treatment-emergent adverse events, serious adverse events, adverse events of special interest, and events of clinical interest",From the start of treatment in the open-label extension study through 8 weeks after the last dose,NA,NONE,SINGLE_GROUP,,400,ESTIMATED,INTERVENTIONAL,2025-10-20,2026-09-02,https://clinicaltrials.gov/study/NCT07217860,2026-10-10T16:50:11.860619+00:00,ENROLLING_BY_INVITATION,
NCT07223138,Long-term safety and tolerability of sonelokimab:,52 weeks,NA,NONE,SINGLE_GROUP,,1560,ESTIMATED,INTERVENTIONAL,2025-10-31,2026-09-09,https://clinicaltrials.gov/study/NCT07223138,2026-10-10T16:50:11.871335+00:00,ENROLLING_BY_INVITATION,
NCT07235085,"DRSS 2-step change status at Week 52 from baseline in the study eye (≥ 2 step improvement, ≥ 2-step worsening, < 2-step change in either direction)",52 weeks,RANDOMIZED,QUADRUPLE,PARALLEL,Sham Q24W (control),930,ESTIMATED,INTERVENTIONAL,2025-11-19,2026-03-16,https://clinicaltrials.gov/study/NCT07235085,2026-10-10T16:50:11.912466+00:00,RECRUITING,
NCT07236606,"Efficacy of RGX-121 on Neurodevelopmental Function (as measured by the Bayley Scales of Infant and Toddler Development, 3rd Edition)",Month 24,NA,NONE,SINGLE_GROUP,,2,ESTIMATED,INTERVENTIONAL,2025-11-19,2026-06-04,https://clinicaltrials.gov/study/NCT07236606,2026-10-10T16:50:11.947252+00:00,ACTIVE_NOT_RECRUITING,
NCT07256392,Time to disease worsening or treatment failure through Week 52 based on the occurrence of UAS7 (Urticaria Activity Score) of 16 or greater.,From Day 1 (baseline) to Week 52.,NON_RANDOMIZED,NONE,PARALLEL,Standard of Care,1370,ESTIMATED,INTERVENTIONAL,2025-12-01,2026-10-07,https://clinicaltrials.gov/study/NCT07256392,2026-10-10T16:50:11.963595+00:00,ENROLLING_BY_INVITATION,
NCT07266402,Complete response to provocation testing at Week 12,From Day 1 (first dose) to Week 12,RANDOMIZED,QUADRUPLE,PARALLEL,Placebo in patients with Cold Induced Urticaria | Placebo in patients with Symptomatic Dermographism,240,ESTIMATED,INTERVENTIONAL,2025-12-05,2026-10-07,https://clinicaltrials.gov/study/NCT07266402,2026-10-10T16:50:12.002291+00:00,RECRUITING,
NCT07276724,To evaluate the annualized asthma exacerbation rate (AAER) in adult and adolescent subjects with severe uncontrolled asthma.,From Day 1 (randomization) to Week 52,RANDOMIZED,TRIPLE,PARALLEL,Placebo,786,ESTIMATED,INTERVENTIONAL,2025-12-11,2026-10-07,https://clinicaltrials.gov/study/NCT07276724,2026-10-10T16:50:12.044317+00:00,RECRUITING,
NCT07287163,To assess the safety and tolerability of vormatrigine in adults with focal or primary generalized tonic-clonic seizures,Up to 2 years,NA,NONE,SINGLE_GROUP,,700,ESTIMATED,INTERVENTIONAL,2025-12-17,2026-08-03,https://clinicaltrials.gov/study/NCT07287163,2026-10-10T16:50:12.028002+00:00,ENROLLING_BY_INVITATION,
NCT07298330,Percentage of participants with a composite endpoint of virologic response and ALT normalization at Week 24 in brelovitug arms compared to response at Week 12 of delayed-treatment arm,Week 24,RANDOMIZED,NONE,PARALLEL,Delayed treatment with brelovitug 300 mg,80,ESTIMATED,INTERVENTIONAL,2025-12-23,2026-06-29,https://clinicaltrials.gov/study/NCT07298330,2026-10-10T16:50:12.040021+00:00,ACTIVE_NOT_RECRUITING,
NCT07298447,Number of Participants with Treatment Emergent Adverse Events (TEAEs),over the period of approximately 17 months,NON_RANDOMIZED,NONE,PARALLEL,,20,ESTIMATED,INTERVENTIONAL,2025-12-23,2026-09-02,https://clinicaltrials.gov/study/NCT07298447,2026-10-10T16:50:12.010517+00:00,RECRUITING,
NCT07359846,To evaluate the annualized asthma exacerbation rate (AAER) in adult and adolescent subjects with severe uncontrolled asthma.,From Day 1 (randomization) to Week 52,RANDOMIZED,TRIPLE,PARALLEL,Placebo,786,ESTIMATED,INTERVENTIONAL,2026-01-22,2026-10-07,https://clinicaltrials.gov/study/NCT07359846,2026-10-10T16:50:12.080124+00:00,RECRUITING,
NCT07363577,Change from baseline to Week 6 on the Positive and Negative Syndrome Scale,6 weeks,RANDOMIZED,QUADRUPLE,SEQUENTIAL,Placebo,456,ESTIMATED,INTERVENTIONAL,2026-01-23,2026-07-27,https://clinicaltrials.gov/study/NCT07363577,2026-10-10T16:50:12.083858+00:00,RECRUITING,
NCT07369154,"Evaluate long term safety and tolerability of LB-102 by evaluating the number of adverse event, incidence of treatment emergent events.",52 weeks,NA,NONE,SINGLE_GROUP,,900,ESTIMATED,INTERVENTIONAL,2026-01-27,2026-09-09,https://clinicaltrials.gov/study/NCT07369154,2026-10-10T16:50:12.091148+00:00,RECRUITING,
NCT07382167,Durable complete spontaneous bowel movements (CSBM) response,12 Weeks,RANDOMIZED,QUADRUPLE,PARALLEL,Placebo Comparator,692,ESTIMATED,INTERVENTIONAL,2026-02-02,2026-06-04,https://clinicaltrials.gov/study/NCT07382167,2026-10-10T16:50:12.159653+00:00,RECRUITING,
NCT07392125,Primary Efficacy Objective,Randomization to Week 24 follow-up visit,RANDOMIZED,QUADRUPLE,PARALLEL,Arm A | Arm B,800,ESTIMATED,INTERVENTIONAL,2026-02-06,2026-02-06,https://clinicaltrials.gov/study/NCT07392125,2026-10-10T16:50:12.174286+00:00,NOT_YET_RECRUITING,
NCT07398417,Time from randomization to loss of therapeutic response,12 Weeks,RANDOMIZED,DOUBLE,PARALLEL,Placebo,620,ESTIMATED,INTERVENTIONAL,2026-02-09,2026-09-04,https://clinicaltrials.gov/study/NCT07398417,2026-10-10T16:50:12.163884+00:00,RECRUITING,
NCT07404865,To evaluate the efficacy of telitacicept versus placebo at Week 48 in the change from baseline in the EULAR Sjögren's Syndrome Disease Activity Index (ESSDAI) score at Week 48.,Week 48,RANDOMIZED,QUADRUPLE,PARALLEL,Placebo,250,ESTIMATED,INTERVENTIONAL,2026-02-12,2026-08-27,https://clinicaltrials.gov/study/NCT07404865,2026-10-10T16:50:12.183610+00:00,RECRUITING,
NCT07416110,Geometric Mean Concentration (GMC) of rabies neutralizing antibodies among susceptible participants (RVNA titer <0.5 IU/mL before vaccination) in each group,Day 14 after the first-dose vaccination,RANDOMIZED,QUADRUPLE,PARALLEL,,912,ESTIMATED,INTERVENTIONAL,2026-02-17,2026-02-17,https://clinicaltrials.gov/study/NCT07416110,2026-10-10T16:50:12.181124+00:00,NOT_YET_RECRUITING,
NCT07455383,Change in mean sleep latency (MSL) on Maintenance of Wakefulness Test (MWT) from baseline to Week 12 by dose level,Baseline to Week 12,RANDOMIZED,TRIPLE,PARALLEL,Placebo,150,ESTIMATED,INTERVENTIONAL,2026-03-06,2026-10-07,https://clinicaltrials.gov/study/NCT07455383,2026-10-10T16:50:12.228716+00:00,RECRUITING,
NCT07464145,Disease Free Survival in participants with Intermediate Risk NMIBC,From date of randomization to at least 2 years of follow-up assessing for DFS events.,RANDOMIZED,NONE,PARALLEL,"Intermediate Risk NMIBC, Observation Group",393,ESTIMATED,INTERVENTIONAL,2026-03-11,2026-09-02,https://clinicaltrials.gov/study/NCT07464145,2026-10-10T16:50:12.250282+00:00,NOT_YET_RECRUITING,
NCT07473843,Percent Change from Baseline to Month 12 in Fasting LDL-C,"Baseline, Month 12",NA,NONE,SINGLE_GROUP,,10,ESTIMATED,INTERVENTIONAL,2026-03-16,2026-10-06,https://clinicaltrials.gov/study/NCT07473843,2026-10-10T16:50:12.246136+00:00,RECRUITING,
NCT07480564,Primary Safety,Baseline through Week 25,NA,NONE,SINGLE_GROUP,,4,ACTUAL,INTERVENTIONAL,2026-03-18,2026-08-19,https://clinicaltrials.gov/study/NCT07480564,2026-10-10T16:50:12.315895+00:00,ACTIVE_NOT_RECRUITING,
NCT07484217,Time from randomization to relapse of depressive symptoms,Up to 24 weeks.,RANDOMIZED,DOUBLE,PARALLEL,Placebo,508,ESTIMATED,INTERVENTIONAL,2026-03-20,2026-07-24,https://clinicaltrials.gov/study/NCT07484217,2026-10-10T16:50:12.306904+00:00,RECRUITING,
NCT07486934,5 Times Sit-To-Stand (5×STS) Time,"Baseline, Week 49",RANDOMIZED,QUADRUPLE,PARALLEL,Placebo-Controlled Period: Placebo,150,ESTIMATED,INTERVENTIONAL,2026-03-23,2026-10-05,https://clinicaltrials.gov/study/NCT07486934,2026-10-10T16:50:12.333412+00:00,RECRUITING,
NCT07502443,Change in mean sleep latency (MSL) on Maintenance of Wakefulness Test (MWT) from baseline to Week 12 by dose level,Baseline to Week 12,RANDOMIZED,TRIPLE,PARALLEL,Placebo,176,ESTIMATED,INTERVENTIONAL,2026-03-31,2026-10-07,https://clinicaltrials.gov/study/NCT07502443,2026-10-10T16:50:12.329708+00:00,RECRUITING,
NCT07505004,To evaluate the efficacy of vormatrigine compared to placebo on focal seizure frequency in adults currently taking 1 to 3 ASMs,12 weeks,RANDOMIZED,QUADRUPLE,PARALLEL,Placebo per day for 12 weeks,300,ESTIMATED,INTERVENTIONAL,2026-04-01,2026-08-03,https://clinicaltrials.gov/study/NCT07505004,2026-10-10T16:50:12.336082+00:00,ACTIVE_NOT_RECRUITING,
NCT07505810,"seroconversion rates (%) of Nm antibodies for serogroups A, C, Y, W135",Day 30 after three-dose vaccination,RANDOMIZED,QUADRUPLE,PARALLEL,active comparator group,880,ESTIMATED,INTERVENTIONAL,2026-04-01,2026-08-10,https://clinicaltrials.gov/study/NCT07505810,2026-10-10T16:50:12.358447+00:00,RECRUITING,
NCT07505823,"seroconversion rates (%) of Nm antibodies for serogroups A, C, Y, W135",Day 30 after two-dose vaccination,RANDOMIZED,QUADRUPLE,PARALLEL,active comparator group,1040,ESTIMATED,INTERVENTIONAL,2026-04-01,2026-08-10,https://clinicaltrials.gov/study/NCT07505823,2026-10-10T16:50:12.393994+00:00,RECRUITING,
NCT07505836,"seroconversion rates (%) of Nm antibodies for serogroups A, C, Y, W135",Day 30 after two-dose vaccination,RANDOMIZED,QUADRUPLE,PARALLEL,active comparator group,1040,ESTIMATED,INTERVENTIONAL,2026-04-01,2026-08-10,https://clinicaltrials.gov/study/NCT07505836,2026-10-10T16:50:12.396366+00:00,RECRUITING,
NCT07505888,"Seroconversion rates (%) of Nm antibodies for serogroups A, C, Y, W135",Day 30 after vaccination,RANDOMIZED,QUADRUPLE,PARALLEL,active comparator group,660,ESTIMATED,INTERVENTIONAL,2026-04-01,2026-08-10,https://clinicaltrials.gov/study/NCT07505888,2026-10-10T16:50:12.441710+00:00,ACTIVE_NOT_RECRUITING,
NCT07506863,Percentage of Participants Who Achieved Transfusion Reduction Response (TRR) Through Week 48,"Baseline, through Week 48",RANDOMIZED,QUADRUPLE,PARALLEL,Placebo,54,ESTIMATED,INTERVENTIONAL,2026-04-02,2026-09-28,https://clinicaltrials.gov/study/NCT07506863,2026-10-10T16:50:12.459488+00:00,RECRUITING,
NCT07516093,Progression-free survival (PFS) as assessed by Independent Review Committee (IRC),Up to approximately 3.5 years,RANDOMIZED,NONE,PARALLEL,,620,ESTIMATED,INTERVENTIONAL,2026-04-07,2026-08-31,https://clinicaltrials.gov/study/NCT07516093,2026-10-10T16:50:12.478649+00:00,RECRUITING,
NCT07516132,Incidence and severity of treatment-emergent adverse events (TEAEs) from Baseline (Day 1) through Week 144,from Baseline (Day 1) through Week 144,NA,NONE,SINGLE_GROUP,,850,ESTIMATED,INTERVENTIONAL,2026-04-07,2026-07-01,https://clinicaltrials.gov/study/NCT07516132,2026-10-10T16:50:12.484295+00:00,RECRUITING,
NCT07517133,Percentage of Participants Who Achieved a Hemoglobin (Hb) Response,"Baseline, Week 12 through Week 24",RANDOMIZED,QUADRUPLE,PARALLEL,Placebo,45,ESTIMATED,INTERVENTIONAL,2026-04-08,2026-09-28,https://clinicaltrials.gov/study/NCT07517133,2026-10-10T16:50:12.480444+00:00,RECRUITING,
NCT07540897,Change in mean sleep latency (MSL) on Maintenance of Wakefulness Test (MWT) from baseline to Week 12 by dose level,Baseline to Week 12,RANDOMIZED,TRIPLE,PARALLEL,Placebo,150,ESTIMATED,INTERVENTIONAL,2026-04-21,2026-10-07,https://clinicaltrials.gov/study/NCT07540897,2026-10-10T16:50:12.506096+00:00,RECRUITING,
NCT07563881,Median Percent Change in Seizure Frequency,End of double-blind treatment period (end of week 14) vs Baseline,RANDOMIZED,QUADRUPLE,PARALLEL,Placebo,333,ESTIMATED,INTERVENTIONAL,2026-05-04,2026-10-08,https://clinicaltrials.gov/study/NCT07563881,2026-10-10T16:50:12.539891+00:00,RECRUITING,
NCT07568535,Overall response,28 days post randomization,RANDOMIZED,QUADRUPLE,PARALLEL,Placebo,180,ESTIMATED,INTERVENTIONAL,2026-05-05,2026-05-05,https://clinicaltrials.gov/study/NCT07568535,2026-10-10T16:50:12.522986+00:00,NOT_YET_RECRUITING,
NCT07594119,Median Percent Change in Seizure Frequency,End of double-blind treatment period (end of week 14) vs Baseline,RANDOMIZED,QUADRUPLE,PARALLEL,Placebo,312,ESTIMATED,INTERVENTIONAL,2026-05-18,2026-09-02,https://clinicaltrials.gov/study/NCT07594119,2026-10-10T16:50:12.571270+00:00,RECRUITING,
NCT07608432,Rise From Floor (RFF) velocity,"Baseline, Week 73",RANDOMIZED,QUADRUPLE,PARALLEL,Placebo-Controlled Period: Placebo,90,ESTIMATED,INTERVENTIONAL,2026-05-27,2026-05-27,https://clinicaltrials.gov/study/NCT07608432,2026-10-10T16:50:12.602878+00:00,RECRUITING,
NCT07611513,"Evaluate the protective efficacy of the investigational vaccine against HFMD caused by any serotype of EV71, CA16, CA10 and CA6 infection compared to placebo.",From day 15 after full-course vaccination to the data cutoff date when the pre-specified number of primary HFMD cases is reached (case-driven primary analysis),RANDOMIZED,QUADRUPLE,PARALLEL,placebo,6000,ESTIMATED,INTERVENTIONAL,2026-05-28,2026-05-28,https://clinicaltrials.gov/study/NCT07611513,2026-10-10T16:50:12.655505+00:00,NOT_YET_RECRUITING,
NCT07637162,Long-term Safety,Up to 52 weeks.,NA,NONE,SINGLE_GROUP,,300,ESTIMATED,INTERVENTIONAL,2026-06-09,2026-09-04,https://clinicaltrials.gov/study/NCT07637162,2026-10-10T16:50:12.620995+00:00,ENROLLING_BY_INVITATION,
NCT07656415,Percentage of Subjects who are Transfusion Free From Week 4 Through Week 52,Week 4 through Week 52,RANDOMIZED,DOUBLE,PARALLEL,Placebo,159,ESTIMATED,INTERVENTIONAL,2026-06-18,2026-09-28,https://clinicaltrials.gov/study/NCT07656415,2026-10-10T16:50:12.624804+00:00,RECRUITING,
NCT07660094,Overall Survival,"From date of randomization until date of death from any cause, assessed for a minimum of 24 months",RANDOMIZED,NONE,PARALLEL,Arm 2: Docetaxel,500,ESTIMATED,INTERVENTIONAL,2026-06-22,2026-06-22,https://clinicaltrials.gov/study/NCT07660094,2026-10-10T16:50:12.641725+00:00,RECRUITING,
NCT07671911,Relative Change from Baseline in 24-hour Cough Frequency at Week 26,"Baseline, Week 26",RANDOMIZED,DOUBLE,PARALLEL,Placebo,306,ESTIMATED,INTERVENTIONAL,2026-06-26,2026-09-14,https://clinicaltrials.gov/study/NCT07671911,2026-10-10T16:50:12.665076+00:00,RECRUITING,
NCT07681713,Change From Baseline in Total Modified Friedreich's Ataxia Rating Scale (mFARS) Score at Month 24,"Baseline, Month 24",NA,NONE,SINGLE_GROUP,,120,ESTIMATED,INTERVENTIONAL,2026-07-02,2026-08-14,https://clinicaltrials.gov/study/NCT07681713,2026-10-10T16:50:12.659565+00:00,NOT_YET_RECRUITING,
NCT07690371,US only: Number of participants with an Investigator's Global Assessment (IGA) score of 0 or 1 and reduction ≥ 2 points from baseline at Week 24,Week 0 and Week 24,RANDOMIZED,QUADRUPLE,PARALLEL,Blinded Induction Period: Placebo | Blinded Maintenance Period: Placebo,510,ESTIMATED,INTERVENTIONAL,2026-07-08,2026-09-14,https://clinicaltrials.gov/study/NCT07690371,2026-10-10T16:50:12.695213+00:00,RECRUITING,
NCT07699471,To evaluate the effect of pooled weekly doses of canvuparatide on the proportion of responder patients at week 26.,26 Weeks,RANDOMIZED,QUADRUPLE,PARALLEL,Canvuparatide | Placebo,160,ESTIMATED,INTERVENTIONAL,2026-07-13,2026-09-24,https://clinicaltrials.gov/study/NCT07699471,2026-10-10T16:50:12.723146+00:00,RECRUITING,
NCT07711418,US only: Number of participants with an Investigator's Global Assessment (IGA) score of 0 or 1 and reduction ≥ 2 points from baseline at Week 24,Week 0 and Week 24,RANDOMIZED,QUADRUPLE,PARALLEL,Blinded Induction Period: Placebo | Blinded Maintenance Period: Placebo,510,ESTIMATED,INTERVENTIONAL,2026-07-17,2026-09-08,https://clinicaltrials.gov/study/NCT07711418,2026-10-10T16:50:12.750514+00:00,RECRUITING,
NCT07712757,Progression Free Survival (PFS) assessed by Blinded Independent Central Review (BICR) per modified Response Assessment in Neuro-Oncology (RANO) 2.0,"From the date of randomization until the date of first documented disease progression, approximately 30 months",RANDOMIZED,QUADRUPLE,PARALLEL,Placebo,140,ESTIMATED,INTERVENTIONAL,2026-07-17,2026-07-17,https://clinicaltrials.gov/study/NCT07712757,2026-10-10T16:50:12.753295+00:00,NOT_YET_RECRUITING,
NCT07717879,"ADHD-RS-5 Total Score, Change from Baseline to Week 6",6 weeks,RANDOMIZED,DOUBLE,PARALLEL,Placebo,468,ESTIMATED,INTERVENTIONAL,2026-07-21,2026-09-08,https://clinicaltrials.gov/study/NCT07717879,2026-10-10T16:50:12.772863+00:00,RECRUITING,
NCT07717892,"ADHD-RS-5 Total Score, Change from Baseline to Week 6",6 weeks,RANDOMIZED,DOUBLE,PARALLEL,Placebo,468,ESTIMATED,INTERVENTIONAL,2026-07-21,2026-09-08,https://clinicaltrials.gov/study/NCT07717892,2026-10-10T16:50:12.812525+00:00,RECRUITING,
NCT07723248,Radiographic Progression Free Survival assessed by blinded independent central review (BICR) per RECIST v1.1 and Prostate Cancer Clinical Trials Working Group 3 (PCWG3),Randomization up to ~2 years,RANDOMIZED,NONE,PARALLEL,Investigational Arm | Physician's Choice,600,ESTIMATED,INTERVENTIONAL,2026-07-23,2026-10-05,https://clinicaltrials.gov/study/NCT07723248,2026-10-10T16:50:12.834894+00:00,RECRUITING,
NCT07727538,Percent Change from Baseline in Fasting Triglycerides (TG),At 6 Months,NA,NONE,PARALLEL,,12,ESTIMATED,INTERVENTIONAL,2026-07-27,2026-10-08,https://clinicaltrials.gov/study/NCT07727538,2026-10-10T16:50:12.807325+00:00,RECRUITING,
NCT07734844,Best corrected visual acuity (BCVA),Week 52,RANDOMIZED,QUADRUPLE,PARALLEL,Aflibercept 2 mg,910,ESTIMATED,INTERVENTIONAL,2026-07-29,2026-08-21,https://clinicaltrials.gov/study/NCT07734844,2026-10-10T16:50:12.810884+00:00,RECRUITING,
NCT07752407,Percentage of Treated Heartburn Episodes Achieving Complete Relief at 2 Hours and Sustained Relief for 24 Hours up to Week 12,Up to Week 12,RANDOMIZED,DOUBLE,PARALLEL,Placebo,500,ESTIMATED,INTERVENTIONAL,2026-08-07,2026-10-07,https://clinicaltrials.gov/study/NCT07752407,2026-10-10T16:50:12.849900+00:00,RECRUITING,
NCT07755904,Change from Baseline in Peak Oxygen Uptake (pVO2) by Cardiopulmonary Exercise Testing (CPET),"Baseline, Week 24",RANDOMIZED,QUADRUPLE,PARALLEL,Metoprolol,210,ESTIMATED,INTERVENTIONAL,2026-08-10,2026-10-02,https://clinicaltrials.gov/study/NCT07755904,2026-10-10T16:50:12.886057+00:00,RECRUITING,
NCT07766655,4-Week Continuous Smoking Abstinence Rate,Weeks 9 to 12,RANDOMIZED,DOUBLE,PARALLEL,Placebo,705,ESTIMATED,INTERVENTIONAL,2026-08-14,2026-09-08,https://clinicaltrials.gov/study/NCT07766655,2026-10-10T16:50:12.898104+00:00,RECRUITING,
NCT07770828,Rate of change (slope) of square root-transformed GA lesion area from baseline to Month 12,Month 12,RANDOMIZED,SINGLE,PARALLEL,Untreated Control Arm,237,ESTIMATED,INTERVENTIONAL,2026-08-18,2026-08-19,https://clinicaltrials.gov/study/NCT07770828,2026-10-10T16:50:12.896468+00:00,RECRUITING,
NCT07771465,Frequency and severity of treatment-emergent adverse events (TEAEs),61 months,NA,NONE,SINGLE_GROUP,,332,ESTIMATED,INTERVENTIONAL,2026-08-18,2026-10-02,https://clinicaltrials.gov/study/NCT07771465,2026-10-10T16:50:12.964929+00:00,RECRUITING,
NCT07773883,Treatment-Emergent Adverse Events (TEAEs),Up to 52 weeks,NA,NONE,SINGLE_GROUP,,300,ESTIMATED,INTERVENTIONAL,2026-08-19,2026-09-08,https://clinicaltrials.gov/study/NCT07773883,2026-10-10T16:50:12.948858+00:00,ENROLLING_BY_INVITATION,
NCT07782827,Change From Baseline in Performance on the Expressive Communication Domain Raw Score Without Caregiver Input of the Bayley Scales for Infant and Toddler Development-4 (Bayley-4) in Cohort 1,Baseline and Week 52,NA,NONE,SINGLE_GROUP,,30,ESTIMATED,INTERVENTIONAL,2026-08-24,2026-09-28,https://clinicaltrials.gov/study/NCT07782827,2026-10-10T16:50:12.955469+00:00,RECRUITING,
NCT07793227,Seroconversion rate of anti-HAV antibodies,30 days after the second vaccination,RANDOMIZED,QUADRUPLE,PARALLEL,"Pediatric dose, conrol group (1~ <6 years) | Pediatric dose, control group (6~ <16 years)",680,ESTIMATED,INTERVENTIONAL,2026-08-28,2026-08-28,https://clinicaltrials.gov/study/NCT07793227,2026-10-10T16:31:47.368299+00:00,,
NCT07795164,Clinical Outcome Event,Baseline through end of study (approximately Month 60),RANDOMIZED,QUADRUPLE,PARALLEL,Placebo,1800,ESTIMATED,INTERVENTIONAL,2026-08-31,2026-09-23,https://clinicaltrials.gov/study/NCT07795164,2026-10-10T16:31:47.356333+00:00,,
NCT07804186,Median relapse-free survival,Approximately 5 years,RANDOMIZED,NONE,PARALLEL,Observation,450,ESTIMATED,INTERVENTIONAL,2026-09-04,2026-09-15,https://clinicaltrials.gov/study/NCT07804186,2026-10-10T16:31:47.393958+00:00,,
NCT07807969,Number of Participants with Treatment Emergent Adverse Events,Through Month 24,NA,NONE,SINGLE_GROUP,,605,ESTIMATED,INTERVENTIONAL,2026-09-08,2026-09-08,https://clinicaltrials.gov/study/NCT07807969,2026-10-10T16:31:47.375680+00:00,,
NCT07832552,Proportion of Subjects With No Anterior Chamber Cells (Grade 0) at Day 14,Day 14 post-surgery,RANDOMIZED,DOUBLE,PARALLEL,Placebo Comparator: Placebo (Sham) Control Arm,250,ESTIMATED,INTERVENTIONAL,2026-09-22,2026-09-22,https://clinicaltrials.gov/study/NCT07832552,2026-10-10T16:31:47.389534+00:00,,
NCT07863193,"Proportion of participants achieving EGSS success, defined as a score of 0 (clear) or 1 (almost clear) with at least a 2-point decrease from their baseline score",Week 12,RANDOMIZED,DOUBLE,PARALLEL,Placebo,800,ESTIMATED,INTERVENTIONAL,2026-10-07,2026-10-07,https://clinicaltrials.gov/study/NCT07863193,2026-10-10T16:31:47.419040+00:00,,
NCT07867080,Mean change from baseline in Early Treatment Diabetic Retinopathy Study best-corrected visual acuity letter score at Week 52,52 weeks,RANDOMIZED,QUADRUPLE,PARALLEL,Active Comparator (AFLB) 2mg IVT,514,ESTIMATED,INTERVENTIONAL,2026-10-09,2026-10-09,https://clinicaltrials.gov/study/NCT07867080,2026-10-10T16:31:47.460865+00:00,,
NCT07868419,Relative Change from Baseline in 24-hour Cough Frequency at Week 14 for NAL ER Compared With Placebo,"Baseline, Week 14",RANDOMIZED,DOUBLE,PARALLEL,Placebo,201,ESTIMATED,INTERVENTIONAL,2026-10-09,2026-10-09,https://clinicaltrials.gov/study/NCT07868419,2026-10-10T16:31:47.437890+00:00,,
NCT07868835,Percentage change in body weight for participants receiving VK2735 orally once daily,68 weeks,RANDOMIZED,DOUBLE,PARALLEL,Placebo Assignment,560,ESTIMATED,INTERVENTIONAL,2026-10-09,2026-10-09,https://clinicaltrials.gov/study/NCT07868835,2026-10-10T16:50:22.187830+00:00,NOT_YET_RECRUITING,
NCT07868939,Percent change in body weight for participants with type 2 diabetes mellitus receiving VK2735 orally once daily,68 weeks,RANDOMIZED,DOUBLE,PARALLEL,Placebo Assignment,560,ESTIMATED,INTERVENTIONAL,2026-10-09,2026-10-09,https://clinicaltrials.gov/study/NCT07868939,2026-10-10T16:50:22.212461+00:00,NOT_YET_RECRUITING,
