original_event_key,prior_audit_status,final_disposition,canonical_event_key,canonical_pdufa_date,action_date,actual_outcome,new_p_approval,new_model_class,correct,historical_market_cap_billions,source_url,note
AKBA|2026-04-13|atacicept for the treatment of igan,IDENTITY_MISMATCH,REMOVED_VERIFIED_INVALID_OR_DUPLICATE,,2026-07-07,,,,,,,https://ir.veratx.com/news-releases/news-release-details/vera-therapeutics-announces-us-fda-granted-priority-review,"Atacicept IgAN application belongs to Vera Therapeutics, not Akebia; canonical PDUFA was Jul 7 2026"
ARVN|2026-05-08|vepdegestrant and assigned a pdufa action date of june 5,POST_DECISION_CONTAMINATION,REPAIRED_CANONICAL,ARVN|2026-06-05|vepdegestrant,2026-06-05,2026-05-01,APPROVED,0.985431201964179,APPROVED,True,0.6722300931095104,https://www.fda.gov/drugs/resources-information-approved-drugs/fda-approves-vepdegestrant-er-positive-her2-negative-esr1-mutated-advanced-or-metastatic-breast,Evidence cutoff 2026-04-30; 48 SEC evidence rows.
BCRX|2025-06-23,INVALID_EVENT_DATE,REMOVED_VERIFIED_INVALID_OR_DUPLICATE,,2025-12-12,,,,,,,https://www.sec.gov/Archives/edgar/data/882796/000117184325004091/f8k_062525.htm,PDUFA extension announcement date treated as PDUFA event
BCRX|2025-09-12,SUPERSEDED_PDUFA_DATE,REMOVED_VERIFIED_INVALID_OR_DUPLICATE,,2025-12-12,,,,,,,https://ir.biocryst.com/static-files/26be36c6-507e-4e80-a15e-d5459d1bd9d0,Original PDUFA date was superseded by a three-month extension
CAPR|2025-03-04,INVALID_EVENT_DATE,REPAIRED_CANONICAL,CAPR|2025-08-31,2025-08-31,2025-07-11,CRL,0.8842227128513317,APPROVED,False,0.34920773105734776,https://www.sec.gov/Archives/edgar/data/1133869/000155837025009186/capr-20250711xex99d1.htm,Evidence cutoff 2025-07-10; 43 SEC evidence rows.
CYTK|2025-12-26,LEAKAGE_RISK,REPAIRED_CANONICAL,CYTK|2025-12-26,2025-12-26,2025-12-19,APPROVED,0.9975864153520597,APPROVED,True,7.668456496129181,https://ir.cytokinetics.com/press-releases/press-release-details/2025/Cytokinetics-Announces-FDA-Approval-of-MYQORZO-aficamten-for-the-Treatment-of-Adults-with-Symptomatic-Obstructive-Hypertrophic-Cardiomyopathy-to-Improve-Functional-Capacity-and-Symptoms/,Evidence cutoff 2025-12-18; 48 SEC evidence rows.
DNLI|2025-10-13,INVALID_EVENT_DATE,REMOVED_VERIFIED_INVALID_OR_DUPLICATE,,2026-04-05,,,,,,,https://www.sec.gov/Archives/edgar/data/1714899/000171489925000180/dnli-20251013.htm,Extension announcement date treated as PDUFA event
DNLI|2026-01-05|ofusp alfa (dnl310,SUPERSEDED_PDUFA_DATE,REPAIRED_CANONICAL,DNLI|2026-04-05|tividenofusp-alfa,2026-04-05,2026-03-24,APPROVED,0.790701805947174,APPROVED,True,3.325663457373865,https://investors.denalitherapeutics.com/news-releases/news-release-details/denali-therapeutics-announces-us-fda-approval-avlayahtm,Evidence cutoff 2026-03-23; 34 SEC evidence rows.
DYN|2026-07-20|granted,INVALID_EVENT_DATE,REMOVED_VERIFIED_INVALID_OR_DUPLICATE,,2027-01-21,,,,,,,https://investors.dyne-tx.com/news-releases/news-release-details/dyne-therapeutics-announces-us-fda-acceptance-biologics-license/,BLA acceptance announcement date treated as PDUFA event
DYN|2026-07-29|currently,INVALID_EVENT_DATE,REMOVED_VERIFIED_INVALID_OR_DUPLICATE,,2027-01-21,,,,,,,https://investors.dyne-tx.com/news-releases/news-release-details/dyne-therapeutics-reports-second-quarter-2026-financial-results,Quarterly update date treated as PDUFA event
ETON|2025-02-06,INVALID_EVENT_DATE,REMOVED_VERIFIED_INVALID_OR_DUPLICATE,,2025-05-28,,,,,,,https://ir.etonpharma.com/news-releases/news-release-details/eton-pharmaceuticals-announces-extension-pdufa-goal-date-et-400/,Extension announcement date was treated as a PDUFA event
ETON|2025-02-28,SUPERSEDED_PDUFA_DATE,REPAIRED_CANONICAL,ETON|2025-05-28,2025-05-28,2025-05-28,APPROVED,0.7164553622060778,APPROVED,True,0.5384961007539845,https://ir.etonpharma.com/news-releases/news-release-details/eton-pharmaceuticals-announces-us-fda-approval-khindivitm,Evidence cutoff 2025-05-27; 47 SEC evidence rows.
EWTX|2026-09-30|camzyos in adolescents with ohcm,IDENTITY_MISMATCH,REMOVED_VERIFIED_INVALID_OR_DUPLICATE,,2026-09-30,,,,,,,https://www.fda.gov/drugs/news-events-human-drugs/notable-approvals-drugs,Company/product mismatch: Camzyos/mavacamten is not an Edgewise Therapeutics PDUFA event
INBX|2026-06-15|identified,INVALID_EVENT_DATE,REMOVED_VERIFIED_INVALID_OR_DUPLICATE,,2027-04-14,,,,,,,https://www.sec.gov/Archives/edgar/data/2007919/000200791926000033/inhibrx-20260615.htm,BLA acceptance announcement date treated as PDUFA event
IONS|2026-09-22|alexander,LEAKAGE_RISK,REPAIRED_CANONICAL,IONS|2026-09-22|alexander,2026-09-22,2026-09-03,APPROVED,0.9589724116332401,APPROVED,True,9.660294815364006,https://ir.ionis.com/news-releases/news-release-details/zanvastrotm-zilganersen-approved-fda-first-and-only-disease,Evidence cutoff 2026-09-02; 42 SEC evidence rows.
KNSA|2026-06-19|license,VALID_EVENT_DECISION_DATE_VERIFY,EXCLUDED_ACTION_DATE_NOT_SOURCE_VERIFIED,,2026-06-19,,APPROVED,,,,,https://www.sec.gov/Archives/edgar/data/1730430/000110465926087545/knsa-20260630x10q.htm,"Target and eventual approval verified; exact FDA action date not recovered, so no forced cutoff/score."
LGND|2026-04-13|prescription,NON_APPLICANT_EXPOSURE,REMOVED_VERIFIED_INVALID_OR_DUPLICATE,,2026-04-13,,,,,,,https://investor.ligand.com/news-and-events/press-releases/news-details/2026/Ligand-Partner-Travere-Therapeutics-Receives-Full-FDA-Approval-for-FILSPARI-sparsentan-in-FSGS/default.aspx,Apr 13 FDA decision was Travere's FILSPARI application; Ligand was a royalty partner rather than the FDA applicant
LNTH|2026-03-02|lnth-2501,INVALID_EVENT_DATE,REMOVED_VERIFIED_INVALID_OR_DUPLICATE,,2026-06-29,,,,,,,https://www.sec.gov/Archives/edgar/data/1521036/000119312526336795/lnth-20260630.htm,No verified LNTH-2501 PDUFA on Mar 2
LNTH|2026-03-06|lnth-2501,IDENTITY_MISMATCH,REMOVED_VERIFIED_INVALID_OR_DUPLICATE,,2026-06-29,,,,,,,https://investor.lantheus.com/news-releases/news-release-details/lantheus-announces-fda-approval-pylarify-truvutm-piflufolastat-f,Mar 6 was a real Lantheus regulatory event but not LNTH-2501
LNTH|2026-03-31|psma pet imaging agent in august 2025,INVALID_EVENT_DATE,REMOVED_VERIFIED_INVALID_OR_DUPLICATE,,2026-03-06,,,,,,,https://investor.lantheus.com/news-releases/news-release-details/lantheus-announces-fda-approval-pylarify-truvutm-piflufolastat-f,Mar 31 row is not the PDUFA date for the referenced PSMA formulation; official PYLARIFY TruVu PDUFA was Mar 6
LNTH|2026-06-26|lnth,DECISION_DATE_NOT_PDUFA,REPAIRED_CANONICAL,LNTH|2026-06-29|lnth-2501,2026-06-29,2026-06-26,CRL,0.8583740965623631,APPROVED,False,7.148648002287994,https://investor.lantheus.com/news-releases/news-release-details/lantheus-receives-complete-response-letter-fda-lnth-2501-ga-68,Evidence cutoff 2026-06-25; 34 SEC evidence rows.
LNTH|2026-08-03|lnth-2501,POST_DECISION_CONTAMINATION,REMOVED_VERIFIED_INVALID_OR_DUPLICATE,,2026-06-29,,,,,,,https://investor.lantheus.com/news-releases/news-release-details/lantheus-receives-complete-response-letter-fda-lnth-2501-ga-68,LNTH-2501 received CRL Jun 26 against a Jun 29 PDUFA; Aug 3 row is post-outcome and not a new PDUFA
LQDA|2025-03-28,INVALID_EVENT_DATE,REMOVED_VERIFIED_INVALID_OR_DUPLICATE,,2025-05-24,,,,,,,https://www.sec.gov/Archives/edgar/data/1819576/000110465925029401/tm2510788d1_ex99-1.htm,NDA resubmission acceptance date treated as PDUFA event
LQDA|2025-05-24,LEAKAGE_RISK,REPAIRED_CANONICAL,LQDA|2025-05-24,2025-05-24,2025-05-23,APPROVED,0.9859101836328105,APPROVED,True,1.3121874913597584,https://www.liquidia.com/news-releases/news-release-details/us-fda-approves-liquidias-yutrepiatm-treprostinil-inhalation,Evidence cutoff 2025-05-22; 65 SEC evidence rows.
MNKD|2026-05-06|living,INVALID_EVENT_DATE,REMOVED_VERIFIED_INVALID_OR_DUPLICATE,,2026-05-29,,,,,,,https://investors.mannkindcorp.com/news-releases/news-release-details/mannkind-reports-first-quarter-2026-financial-results-and,Earnings update date treated as PDUFA event
MNKD|2026-05-27|children,INVALID_EVENT_DATE,REMOVED_VERIFIED_INVALID_OR_DUPLICATE,,2026-05-29,,,,,,,https://www.sec.gov/Archives/edgar/data/899460/000119312526243074/mnkd-20260527.htm,Regulatory/company update date treated as PDUFA event
MNKD|2026-05-28|living,INVALID_EVENT_DATE,REMOVED_VERIFIED_INVALID_OR_DUPLICATE,,2026-05-29,,,,,,,https://investors.mannkindcorp.com/news-releases/news-release-details/mannkind-announces-fda-approval-afrezzar-first-and-only-inhaled,May 28 was not the pediatric Afrezza PDUFA; canonical target and approval were May 29
MNKD|2026-07-26|sbla,LEAKAGE_RISK,REPAIRED_CANONICAL,MNKD|2026-07-26|sbla,2026-07-26,2026-07-23,APPROVED,0.8153936704219096,APPROVED,True,1.2018161781501622,https://www.sec.gov/Archives/edgar/data/899460/000119312526316041/d63182d8k.htm,Evidence cutoff 2026-07-22; 30 SEC evidence rows.
NVAX|2025-04-02,INVALID_EVENT_DATE,REMOVED_VERIFIED_INVALID_OR_DUPLICATE,,2025-04-01,,,,,,,https://ir.novavax.com/press-releases/Update-on-U-S-FDA-BLA-for-Novavaxs-COVID-19-Vaccine,Post-PDUFA company update date treated as another PDUFA event
NVAX|2025-04-23,INVALID_EVENT_DATE,REMOVED_VERIFIED_INVALID_OR_DUPLICATE,,2025-04-01,,,,,,,https://ir.novavax.com/press-releases/Latest-update-on-U-S-FDA-BLA-for-Novavaxs-COVID-19-Vaccine,Post-PDUFA regulatory update date treated as another PDUFA event
ORGO|2026-04-24|renu,INVALID_EVENT_DATE,REMOVED_VERIFIED_INVALID_OR_DUPLICATE,,2027-04-24,,,,,,,https://www.sec.gov/Archives/edgar/data/1661181/000119312526338049/orgo-20260630.htm,Apr 24 was completion of rolling BLA submission not PDUFA date
RARE|2026-02-23|dtx401,INVALID_EVENT_DATE,REPAIRED_CANONICAL,RARE|2026-08-23|dtx401,2026-08-23,2026-08-19,APPROVED,0.7064160652885361,APPROVED,True,2.5869720049547977,https://ir.ultragenyx.com/news-releases/news-release-details/ultragenyx-announces-us-fda-approval-genglycostm-gene-therapy,Evidence cutoff 2026-08-18; 43 SEC evidence rows.
RCKT|2026-03-26|kresladi,DECISION_DATE_NOT_PDUFA,REMOVED_VERIFIED_INVALID_OR_DUPLICATE,,2026-03-28,,,,,,,https://www.sec.gov/Archives/edgar/data/1281895/000119312526211873/rckt-20260331.htm,FDA approval date was stored as the PDUFA date
RCKT|2026-03-28|kresladi,LEAKAGE_RISK,REPAIRED_CANONICAL,RCKT|2026-03-28|kresladi,2026-03-28,2026-03-26,APPROVED,0.772009671461318,APPROVED,True,0.5091892868823762,https://www.fda.gov/news-events/press-announcements/fda-approves-first-gene-therapy-severe-leukocyte-adhesion-deficiency-type-i,Evidence cutoff 2026-03-25; 49 SEC evidence rows.
RGNX|2026-02-08|rgx-121 seeking accelerated approval was submitted to the fda in march 2025,LEAKAGE_RISK,REPAIRED_CANONICAL,RGNX|2026-02-08|rgx-121 seeking accelerated approval was submitted to the fda in march 2025,2026-02-08,2026-02-07,CRL,0.888698718160962,APPROVED,False,0.522936474517765,https://ir.regenxbio.com/news-releases/news-release-details/regenxbio-announces-regulatory-update-rgx-121-bla-mps-ii/,Evidence cutoff 2026-02-06; 36 SEC evidence rows.
RGNX|2026-04-30|rgx-121 seeking accelerated approval was submitted to the fda in march 2025,POST_DECISION_CONTAMINATION,REMOVED_VERIFIED_INVALID_OR_DUPLICATE,,2026-02-08,,,,,,,https://www.sec.gov/Archives/edgar/data/1281895/000119312526211873/rckt-20260331.htm,"RGX-121 CRL occurred Feb 7/announced Feb 9; Apr 30 was the later lifting of a partial clinical hold, not a PDUFA decision"
RYTM|2026-01-09|states,INVALID_EVENT_DATE,REMOVED_VERIFIED_INVALID_OR_DUPLICATE,,2026-03-20,,,,,,,https://www.sec.gov/Archives/edgar/data/1649904/000162828026001459/rytm-20260109.htm,Company update date treated as PDUFA event
RYTM|2026-02-26|obesity,INVALID_EVENT_DATE,REMOVED_VERIFIED_INVALID_OR_DUPLICATE,,2026-03-20,,,,,,,https://ir.rhythmtx.com/news-releases/news-release-details/rhythm-pharmaceuticals-reports-fourth-quarter-and-full-year-2025/,Earnings/update date treated as PDUFA event
SRRK|2026-03-31|apitegromab upon the successful fda reinspection of catalent indiana,INVALID_EVENT_DATE,REPAIRED_CANONICAL,SRRK|2026-09-30|apitegromab,2026-09-30,2026-09-11,APPROVED,0.8919326759608349,APPROVED,True,6.748122457037041,https://investors.scholarrock.com/news-releases/news-release-details/scholar-rock-announces-fda-approval-isembyldtm-apitegromab-mstn,Evidence cutoff 2026-09-10; 41 SEC evidence rows.
TLX|2026-03-06|a new formulation of its fluorine-18 based psma imaging agent,IDENTITY_MISMATCH,REMOVED_VERIFIED_INVALID_OR_DUPLICATE,,2026-03-06,,,,,,,https://lantheusholdings.gcs-web.com/news-releases/news-release-details/lantheus-announces-fda-acceptance-nda-new-formulation-market,"Mar 6 new F18 PSMA formulation PDUFA belonged to Lantheus/Aphelion PYLARIFY TruVu, not Telix"
TLX|2026-03-13|tlx101-px (pixclara,INVALID_EVENT_DATE_OUTCOME_LABEL,MERGED_DUPLICATE_TO_CANONICAL,TLX|2026-09-11|tlx101-px,2026-09-11,2026-09-11,APPROVED,0.9661811181767476,APPROVED,True,3.8247928702866814,https://telixpharma.com/news-views/fda-approves-telixs-brain-cancer-imaging-drug-pixclara/,Evidence cutoff 2026-09-10; 60 SEC evidence rows.
TLX|2026-04-10|tlx101-px (pixclara,INVALID_EVENT_DATE,REPAIRED_CANONICAL,TLX|2026-09-11|tlx101-px,2026-09-11,2026-09-11,APPROVED,0.9661811181767476,APPROVED,True,3.8247928702866814,https://telixpharma.com/news-views/fda-approves-telixs-brain-cancer-imaging-drug-pixclara/,Evidence cutoff 2026-09-10; 60 SEC evidence rows.
TVTX|2026-01-13|announced,SUPERSEDED_PDUFA_DATE,REMOVED_VERIFIED_INVALID_OR_DUPLICATE,,2026-04-13,,,,,,,https://www.sec.gov/Archives/edgar/data/1438533/000143853326000005/tvtx-20260113.htm,Original FILSPARI PDUFA date was extended on Jan 13
VERA|2026-04-13|travere,IDENTITY_MISMATCH,REMOVED_VERIFIED_INVALID_OR_DUPLICATE,,2026-07-07,,,,,,,https://ir.veratx.com/news-releases/news-release-details/vera-therapeutics-announces-us-fda-granted-priority-review,Event key references Travere while ticker is Vera; Vera's atacicept PDUFA was Jul 7 2026
VNDA|2026-01-07|drug,INVALID_EVENT_TYPE_OUTCOME_LABEL,REMOVED_VERIFIED_INVALID_OR_DUPLICATE,,,,,,,,,https://www.sec.gov/Archives/edgar/data/1347178/000162828026001273/vnda-20260107.htm,"Jan 7 was an expedited FDA re-review deadline for HETLIOZ, not a standard PDUFA event, and the cohort outcome is mislabeled APPROVED"
VNDA|2026-02-21|hetlioz,IDENTITY_MISMATCH,REPAIRED_CANONICAL,VNDA|2026-02-21|bysanti,2026-02-21,2026-02-20,APPROVED,0.936299071602987,APPROVED,True,0.3404622663287544,https://www.sec.gov/Archives/edgar/data/1347178/000162828026010376/vnda8-k2232026exhibit991.htm,Evidence cutoff 2026-02-19; 44 SEC evidence rows.
VNDA|2026-04-28|application,INVALID_EVENT_DATE,REMOVED_VERIFIED_INVALID_OR_DUPLICATE,,2026-12-12,,,,,,,https://www.sec.gov/Archives/edgar/data/1347178/000162828026031241/vnda8-k562026exhibit991.htm,"Apr 28 corresponds to publication/context around imsidolimab, not the FDA PDUFA; FDA assigned Dec 12 2026"
VRDN|2026-06-30|veligrotug to the fda in october 2025,LEAKAGE_RISK,REPAIRED_CANONICAL,VRDN|2026-06-30|veligrotug to the fda in october 2025,2026-06-30,2026-06-26,APPROVED,0.9134645699354944,APPROVED,True,1.8450378066801072,https://investors.viridiantherapeutics.com/news/news-details/2026/Viridian-Therapeutics-Announces-U-S--FDA-Approval-and-Launch-of-Lumvoa-veligrotug-vvze-for-the-Treatment-of-Thyroid-Eye-Disease/default.aspx,Evidence cutoff 2026-06-25; 47 SEC evidence rows.
