original_event_key,ticker,canonical_pdufa_date,audit_status,audit_action,queue_class,cutoff_rule,artifact_status,existing_reconstruction_key,existing_oof_key,needs_rescore,source_url,failure_reason,resolution_status,resolved_event_key,resolution_note
ETON|2025-02-06,ETON,2025-05-28,INVALID_EVENT_DATE,DROP_DUPLICATE,REMOVE_ONLY,NA,NOT_NEEDED,,,NO,https://ir.etonpharma.com/news-releases/news-release-details/eton-pharmaceuticals-announces-extension-pdufa-goal-date-et-400/,Extension announcement date was treated as a PDUFA event,CLOSED_REMOVE_ONLY,,Verified invalid/duplicate/wrong-identity/out-of-period source row removed.
ETON|2025-02-28,ETON,2025-05-28,SUPERSEDED_PDUFA_DATE,RESCORE_CANONICAL_EVENT,REBUILD_CANONICAL_EVENT,CANONICAL_EVENT_PREDECISION_CUTOFF,NO_CANONICAL_ARTIFACT,,,NO,https://ir.etonpharma.com/news-releases/news-release-details/eton-pharmaceuticals-announces-extension-pdufa-goal-date-et-400/,Original PDUFA date had already been extended before the action date,CLOSED_REPAIRED_OR_MERGED,ETON|2025-05-28,Canonical event reconstructed with frozen model and decision-safe evidence cutoff.
CAPR|2025-03-04,CAPR,2025-08-31,INVALID_EVENT_DATE,RESCORE_CANONICAL_EVENT,REBUILD_CANONICAL_EVENT,CANONICAL_EVENT_PREDECISION_CUTOFF,NO_CANONICAL_ARTIFACT,,,NO,https://www.sec.gov/Archives/edgar/data/1133869/000155837025002097/capr-20250304xex99d1.htm,BLA acceptance announcement date treated as PDUFA event,CLOSED_REPAIRED_OR_MERGED,CAPR|2025-08-31,Canonical event reconstructed with frozen model and decision-safe evidence cutoff.
LQDA|2025-03-28,LQDA,2025-05-24,INVALID_EVENT_DATE,DROP_DUPLICATE,REMOVE_ONLY,NA,NOT_NEEDED,,,NO,https://www.sec.gov/Archives/edgar/data/1819576/000110465925029401/tm2510788d1_ex99-1.htm,NDA resubmission acceptance date treated as PDUFA event,CLOSED_REMOVE_ONLY,,Verified invalid/duplicate/wrong-identity/out-of-period source row removed.
NVAX|2025-04-02,NVAX,2025-04-01,INVALID_EVENT_DATE,DROP_DUPLICATE,REMOVE_ONLY,NA,NOT_NEEDED,,,NO,https://ir.novavax.com/press-releases/Update-on-U-S-FDA-BLA-for-Novavaxs-COVID-19-Vaccine,Post-PDUFA company update date treated as another PDUFA event,CLOSED_REMOVE_ONLY,,Verified invalid/duplicate/wrong-identity/out-of-period source row removed.
NVAX|2025-04-23,NVAX,2025-04-01,INVALID_EVENT_DATE,DROP_DUPLICATE,REMOVE_ONLY,NA,NOT_NEEDED,,,NO,https://ir.novavax.com/press-releases/Latest-update-on-U-S-FDA-BLA-for-Novavaxs-COVID-19-Vaccine,Post-PDUFA regulatory update date treated as another PDUFA event,CLOSED_REMOVE_ONLY,,Verified invalid/duplicate/wrong-identity/out-of-period source row removed.
LQDA|2025-05-24,LQDA,2025-05-24,LEAKAGE_RISK,RESCORE_DECISION_MINUS_1,REBUILD_DECISION_SAFE_CUTOFF,STRICTLY_BEFORE_ACTUAL_FDA_DECISION,NO_CANONICAL_ARTIFACT,,,NO,https://www.liquidia.com/news-releases/news-release-details/liquidia-schedules-first-commercial-shipment-yutrepiatm,FDA approved YUTREPIA on May 23 one day before the May 24 PDUFA; PDUFA-minus-one-day evidence may include outcome,CLOSED_REPAIRED_OR_MERGED,LQDA|2025-05-24,Canonical event reconstructed with frozen model and decision-safe evidence cutoff.
BCRX|2025-06-23,BCRX,2025-12-12,INVALID_EVENT_DATE,DROP_DUPLICATE,REMOVE_ONLY,NA,NOT_NEEDED,,,NO,https://www.sec.gov/Archives/edgar/data/882796/000117184325004091/f8k_062525.htm,PDUFA extension announcement date treated as PDUFA event,CLOSED_REMOVE_ONLY,,Verified invalid/duplicate/wrong-identity/out-of-period source row removed.
BCRX|2025-09-12,BCRX,2025-12-12,SUPERSEDED_PDUFA_DATE,DROP_DUPLICATE,REMOVE_ONLY,NA,NOT_NEEDED,,,NO,https://ir.biocryst.com/static-files/26be36c6-507e-4e80-a15e-d5459d1bd9d0,Original PDUFA date was superseded by a three-month extension,CLOSED_REMOVE_ONLY,,Verified invalid/duplicate/wrong-identity/out-of-period source row removed.
DNLI|2025-10-13,DNLI,2026-04-05,INVALID_EVENT_DATE,DROP_INVALID_EVENT,REMOVE_ONLY,NA,NOT_NEEDED,,,NO,https://www.sec.gov/Archives/edgar/data/1714899/000171489925000180/dnli-20251013.htm,Extension announcement date treated as PDUFA event,CLOSED_REMOVE_ONLY,,Verified invalid/duplicate/wrong-identity/out-of-period source row removed.
CORT|2025-12-30,CORT,2025-12-30,CLEAN_MODEL_MISS,KEEP_CLEAN_MISS,KEEP_AS_IS,NA,NOT_NEEDED,,,NO,https://ir.corcept.com/news-releases/news-release-details/corcept-receives-complete-response-letter-relacorilant-treatment,High-confidence false approval; FDA required additional evidence of effectiveness despite positive pivotal and confirmatory data,,,
DNLI|2026-01-05|ofusp alfa (dnl310,DNLI,2026-04-05,SUPERSEDED_PDUFA_DATE,RESCORE_CANONICAL_EVENT,REBUILD_CANONICAL_EVENT,CANONICAL_EVENT_PREDECISION_CUTOFF,NO_CANONICAL_ARTIFACT,,,NO,https://www.sec.gov/Archives/edgar/data/1714899/000171489925000180/dnli-20251013.htm,Original PDUFA date was extended to Apr 5 2026 before Jan 5 arrived,CLOSED_REPAIRED_OR_MERGED,DNLI|2026-04-05|tividenofusp-alfa,Canonical event reconstructed with frozen model and decision-safe evidence cutoff.
RYTM|2026-01-09|states,RYTM,2026-03-20,INVALID_EVENT_DATE,DROP_DUPLICATE,REMOVE_ONLY,NA,NOT_NEEDED,RYTM|2026-03-20|obesity,RYTM|2026-03-20|obesity,NO,https://www.sec.gov/Archives/edgar/data/1649904/000162828026001459/rytm-20260109.htm,Company update date treated as PDUFA event,CLOSED_REMOVE_ONLY,,Verified invalid/duplicate/wrong-identity/out-of-period source row removed.
TVTX|2026-01-13|announced,TVTX,2026-04-13,SUPERSEDED_PDUFA_DATE,DROP_DUPLICATE,REMOVE_ONLY,NA,NOT_NEEDED,TVTX|2026-04-13|glomerulosclerosis,TVTX|2026-04-13|glomerulosclerosis,NO,https://www.sec.gov/Archives/edgar/data/1438533/000143853326000005/tvtx-20260113.htm,Original FILSPARI PDUFA date was extended on Jan 13,CLOSED_REMOVE_ONLY,,Verified invalid/duplicate/wrong-identity/out-of-period source row removed.
RARE|2026-02-23|dtx401,RARE,2026-08-23,INVALID_EVENT_DATE,RESCORE_CANONICAL_EVENT,REBUILD_CANONICAL_EVENT,CANONICAL_EVENT_PREDECISION_CUTOFF,NO_CANONICAL_ARTIFACT,,,NO,https://www.sec.gov/Archives/edgar/data/1515673/000119312526062568/rare-20260223.htm,BLA acceptance announcement date treated as PDUFA event,CLOSED_REPAIRED_OR_MERGED,RARE|2026-08-23|dtx401,Canonical event reconstructed with frozen model and decision-safe evidence cutoff.
RYTM|2026-02-26|obesity,RYTM,2026-03-20,INVALID_EVENT_DATE,DROP_DUPLICATE,REMOVE_ONLY,NA,NOT_NEEDED,RYTM|2026-03-20|obesity,RYTM|2026-03-20|obesity,NO,https://ir.rhythmtx.com/news-releases/news-release-details/rhythm-pharmaceuticals-reports-fourth-quarter-and-full-year-2025/,Earnings/update date treated as PDUFA event,CLOSED_REMOVE_ONLY,,Verified invalid/duplicate/wrong-identity/out-of-period source row removed.
LNTH|2026-03-02|lnth-2501,LNTH,2026-06-29,INVALID_EVENT_DATE,DROP_DUPLICATE,REMOVE_ONLY,NA,NOT_NEEDED,,,NO,https://www.sec.gov/Archives/edgar/data/1521036/000119312526336795/lnth-20260630.htm,No verified LNTH-2501 PDUFA on Mar 2,CLOSED_REMOVE_ONLY,,Verified invalid/duplicate/wrong-identity/out-of-period source row removed.
LNTH|2026-03-06|lnth-2501,LNTH,2026-06-29,IDENTITY_MISMATCH,DROP_IDENTITY_MISMATCH,REMOVE_ONLY,NA,NOT_NEEDED,,,NO,https://investor.lantheus.com/news-releases/news-release-details/lantheus-announces-fda-approval-pylarify-truvutm-piflufolastat-f,Mar 6 was a real Lantheus regulatory event but not LNTH-2501,CLOSED_REMOVE_ONLY,,Verified invalid/duplicate/wrong-identity/out-of-period source row removed.
RCKT|2026-03-26|kresladi,RCKT,2026-03-28,DECISION_DATE_NOT_PDUFA,DROP_DUPLICATE,REMOVE_ONLY,NA,NOT_NEEDED,RCKT|2026-03-28|kresladi,RCKT|2026-03-28|kresladi,NO,https://www.sec.gov/Archives/edgar/data/1281895/000119312526211873/rckt-20260331.htm,FDA approval date was stored as the PDUFA date,CLOSED_REMOVE_ONLY,,Verified invalid/duplicate/wrong-identity/out-of-period source row removed.
RCKT|2026-03-28|kresladi,RCKT,2026-03-28,LEAKAGE_RISK,RESCORE_DECISION_MINUS_1,REBUILD_DECISION_SAFE_CUTOFF,STRICTLY_BEFORE_ACTUAL_FDA_DECISION,EXISTING_LEVEL8_LEVEL9_MATCH,RCKT|2026-03-28|kresladi,RCKT|2026-03-28|kresladi,NO,https://www.sec.gov/Archives/edgar/data/1281895/000119312526211873/rckt-20260331.htm,FDA approved KRESLADI Mar 26 before the Mar 28 PDUFA; a PDUFA-minus-one cutoff can contain the outcome,CLOSED_REPAIRED_OR_MERGED,RCKT|2026-03-28|kresladi,Canonical event reconstructed with frozen model and decision-safe evidence cutoff.
SRRK|2026-03-31|apitegromab upon the successful fda reinspection of catalent indiana,SRRK,2026-09-30,INVALID_EVENT_DATE,RESCORE_CANONICAL_EVENT,REBUILD_CANONICAL_EVENT,CANONICAL_EVENT_PREDECISION_CUTOFF,NO_CANONICAL_ARTIFACT,,,NO,https://investors.scholarrock.com/news-releases/news-release-details/scholar-rock-resubmits-biologics-license-application-bla-fda/,Mar 31 was BLA resubmission not PDUFA decision date,CLOSED_REPAIRED_OR_MERGED,SRRK|2026-09-30|apitegromab,Canonical event reconstructed with frozen model and decision-safe evidence cutoff.
TLX|2026-04-10|tlx101-px (pixclara,TLX,2026-09-11,INVALID_EVENT_DATE,RESCORE_CANONICAL_EVENT,REBUILD_CANONICAL_EVENT,CANONICAL_EVENT_PREDECISION_CUTOFF,EXISTING_LEVEL8_LEVEL9_MATCH,TLX|2026-09-11|tlx101-px (pixclara,TLX|2026-09-11|tlx101-px (pixclara,NO,https://telixpharma.com/news-views/fda-accepts-nda-for-tlx101-px-pixclara/,Apr 10 was FDA acceptance of resubmitted NDA not PDUFA date,CLOSED_REPAIRED_OR_MERGED,TLX|2026-09-11|tlx101-px,Canonical event reconstructed with frozen model and decision-safe evidence cutoff.
ORGO|2026-04-24|renu,ORGO,2027-04-24,INVALID_EVENT_DATE,DROP_OUT_OF_PERIOD,REMOVE_ONLY,NA,NOT_NEEDED,,,NO,https://www.sec.gov/Archives/edgar/data/1661181/000119312526338049/orgo-20260630.htm,Apr 24 was completion of rolling BLA submission not PDUFA date,CLOSED_REMOVE_ONLY,,Verified invalid/duplicate/wrong-identity/out-of-period source row removed.
ARVN|2026-05-08|vepdegestrant and assigned a pdufa action date of june 5,ARVN,2026-06-05,POST_DECISION_CONTAMINATION,RESCORE_DECISION_MINUS_1,REBUILD_DECISION_SAFE_CUTOFF,STRICTLY_BEFORE_ACTUAL_FDA_DECISION,NO_CANONICAL_ARTIFACT,,,NO,https://www.fda.gov/drugs/resources-information-approved-drugs/fda-approves-vepdegestrant-er-positive-her2-negative-esr1-mutated-advanced-or-metastatic-breast,Row date is after FDA approved vepdegestrant on May 1 and before the nominal Jun 5 PDUFA,CLOSED_REPAIRED_OR_MERGED,ARVN|2026-06-05|vepdegestrant,Canonical event reconstructed with frozen model and decision-safe evidence cutoff.
MNKD|2026-05-06|living,MNKD,2026-05-29,INVALID_EVENT_DATE,DROP_DUPLICATE,REMOVE_ONLY,NA,NOT_NEEDED,MNKD|2026-05-29|sbla,MNKD|2026-05-29|sbla,NO,https://investors.mannkindcorp.com/news-releases/news-release-details/mannkind-reports-first-quarter-2026-financial-results-and,Earnings update date treated as PDUFA event,CLOSED_REMOVE_ONLY,,Verified invalid/duplicate/wrong-identity/out-of-period source row removed.
MNKD|2026-05-27|children,MNKD,2026-05-29,INVALID_EVENT_DATE,DROP_DUPLICATE,REMOVE_ONLY,NA,NOT_NEEDED,MNKD|2026-05-29|sbla,MNKD|2026-05-29|sbla,NO,https://www.sec.gov/Archives/edgar/data/899460/000119312526243074/mnkd-20260527.htm,Regulatory/company update date treated as PDUFA event,CLOSED_REMOVE_ONLY,,Verified invalid/duplicate/wrong-identity/out-of-period source row removed.
INBX|2026-06-15|identified,INBX,2027-04-14,INVALID_EVENT_DATE,DROP_OUT_OF_PERIOD,REMOVE_ONLY,NA,NOT_NEEDED,,,NO,https://www.sec.gov/Archives/edgar/data/2007919/000200791926000033/inhibrx-20260615.htm,BLA acceptance announcement date treated as PDUFA event,CLOSED_REMOVE_ONLY,,Verified invalid/duplicate/wrong-identity/out-of-period source row removed.
LNTH|2026-06-26|lnth,LNTH,2026-06-29,DECISION_DATE_NOT_PDUFA,RESCORE_DECISION_MINUS_1,REBUILD_DECISION_SAFE_CUTOFF,STRICTLY_BEFORE_ACTUAL_FDA_DECISION,NO_CANONICAL_ARTIFACT,,,NO,https://lantheusholdings.gcs-web.com/news-releases/news-release-details/lantheus-receives-complete-response-letter-fda-lnth-2501-ga-68,CRL announcement date was stored as PDUFA date,CLOSED_REPAIRED_OR_MERGED,LNTH|2026-06-29|lnth-2501,Canonical event reconstructed with frozen model and decision-safe evidence cutoff.
VRDN|2026-06-30|veligrotug to the fda in october 2025,VRDN,2026-06-30,LEAKAGE_RISK,RESCORE_DECISION_MINUS_1,REBUILD_DECISION_SAFE_CUTOFF,STRICTLY_BEFORE_ACTUAL_FDA_DECISION,EXISTING_LEVEL8_LEVEL9_MATCH,VRDN|2026-06-30|veligrotug to the fda in october 2025,VRDN|2026-06-30|veligrotug to the fda in october 2025,NO,https://www.sec.gov/Archives/edgar/data/1590750/000119312526286273/d164211d8k.htm,FDA approved veligrotug Jun 26 before Jun 30 PDUFA; PDUFA-minus-one cutoff can contain outcome,CLOSED_REPAIRED_OR_MERGED,VRDN|2026-06-30|veligrotug to the fda in october 2025,Canonical event reconstructed with frozen model and decision-safe evidence cutoff.
DYN|2026-07-20|granted,DYN,2027-01-21,INVALID_EVENT_DATE,DROP_OUT_OF_PERIOD,REMOVE_ONLY,NA,NOT_NEEDED,,,NO,https://investors.dyne-tx.com/news-releases/news-release-details/dyne-therapeutics-announces-us-fda-acceptance-biologics-license/,BLA acceptance announcement date treated as PDUFA event,CLOSED_REMOVE_ONLY,,Verified invalid/duplicate/wrong-identity/out-of-period source row removed.
DYN|2026-07-29|currently,DYN,2027-01-21,INVALID_EVENT_DATE,DROP_OUT_OF_PERIOD,REMOVE_ONLY,NA,NOT_NEEDED,,,NO,https://investors.dyne-tx.com/news-releases/news-release-details/dyne-therapeutics-reports-second-quarter-2026-financial-results,Quarterly update date treated as PDUFA event,CLOSED_REMOVE_ONLY,,Verified invalid/duplicate/wrong-identity/out-of-period source row removed.
LNTH|2026-08-13|mk-6240,LNTH,2026-08-13,CLEAN_MODEL_MISS,KEEP_CLEAN_MISS,KEEP_AS_IS,NA,NOT_NEEDED,LNTH|2026-08-13|mk-6240,LNTH|2026-08-13|mk-6240,NO,https://investor.lantheus.com/news-releases/news-release-details/lantheus-announces-fda-acceptance-new-drug-application-mk-6240,False CRL; model underweighted strong pivotal diagnostic evidence and Fast Track context,,,
EWTX|2026-09-30|camzyos in adolescents with ohcm,EWTX,2026-09-30,IDENTITY_MISMATCH,DROP_IDENTITY_MISMATCH,REMOVE_ONLY,NA,NOT_NEEDED,EWTX|2026-09-30|camzyos in adolescents with ohcm,EWTX|2026-09-30|camzyos in adolescents with ohcm,NO,https://www.fda.gov/drugs/news-events-human-drugs/notable-approvals-drugs,Company/product mismatch: Camzyos/mavacamten is not an Edgewise Therapeutics PDUFA event,CLOSED_REMOVE_ONLY,,Verified invalid/duplicate/wrong-identity/out-of-period source row removed.
UNCY|2025-06-28,UNCY,2025-06-28,CLEAN_MODEL_MISS,KEEP_CLEAN_MISS,KEEP_AS_IS,NA,NOT_NEEDED,,,NO,https://ir.unicycive.com/news/detail/102/unicycive-provides-update-on-new-drug-application-for,Genuine false approval; pre-decision FDA manufacturing deficiencies were known by June 10 but model still assigned 91.0% approval,,,
TNXP|2025-08-15,TNXP,2025-08-15,CLEAN_CORRECT,KEEP_CLEAN,KEEP_AS_IS,NA,NOT_NEEDED,,,NO,https://ir.tonixpharma.com/news-events/press-releases/detail/1585/tonix-pharmaceuticals-announces-fda-approval-of,Valid PDUFA event and same-day FDA approval,,,
BCRX|2025-12-12,BCRX,2025-12-12,CLEAN_CORRECT,KEEP_CLEAN,KEEP_AS_IS,NA,NOT_NEEDED,,,NO,https://ir.biocryst.com/node/27561,Valid final PDUFA event and same-day FDA approval,,,
CYTK|2025-12-26,CYTK,2025-12-26,LEAKAGE_RISK,RESCORE_DECISION_MINUS_1,REBUILD_DECISION_SAFE_CUTOFF,STRICTLY_BEFORE_ACTUAL_FDA_DECISION,NO_CANONICAL_ARTIFACT,,,NO,https://ir.cytokinetics.com/press-releases/press-release-details/2025/Cytokinetics-Announces-FDA-Approval-of-MYQORZO-aficamten-for-the-Treatment-of-Adults-with-Symptomatic-Obstructive-Hypertrophic-Cardiomyopathy-to-Improve-Functional-Capacity-and-Symptoms/,"FDA approved aficamten on Dec 19, seven days before the Dec 26 PDUFA; a PDUFA-minus-one cutoff would include the known outcome",CLOSED_REPAIRED_OR_MERGED,CYTK|2025-12-26,Canonical event reconstructed with frozen model and decision-safe evidence cutoff.
VNDA|2026-01-07|drug,VNDA,,INVALID_EVENT_TYPE_OUTCOME_LABEL,DROP_INVALID_EVENT,REMOVE_ONLY,NA,NOT_NEEDED,,,NO,https://www.sec.gov/Archives/edgar/data/1347178/000162828026001273/vnda-20260107.htm,"Jan 7 was an expedited FDA re-review deadline for HETLIOZ, not a standard PDUFA event, and the cohort outcome is mislabeled APPROVED",CLOSED_REMOVE_ONLY,,Verified invalid/duplicate/wrong-identity/out-of-period source row removed.
RGNX|2026-02-08|rgx-121 seeking accelerated approval was submitted to the fda in march 2025,RGNX,2026-02-08,LEAKAGE_RISK,RESCORE_DECISION_MINUS_1,REBUILD_DECISION_SAFE_CUTOFF,STRICTLY_BEFORE_ACTUAL_FDA_DECISION,EXISTING_LEVEL8_LEVEL9_MATCH,RGNX|2026-02-08|rgx-121 seeking accelerated approval was submitted to the fda in march 2025,RGNX|2026-02-08|rgx-121 seeking accelerated approval was submitted to the fda in march 2025,NO,https://ir.regenxbio.com/news-releases/news-release-details/regenxbio-announces-regulatory-update-rgx-121-bla-mps-ii/,"FDA CRL was dated Feb 7, one day before the Feb 8 PDUFA; PDUFA-minus-one evidence can contain the outcome",CLOSED_REPAIRED_OR_MERGED,RGNX|2026-02-08|rgx-121 seeking accelerated approval was submitted to the fda in march 2025,Canonical event reconstructed with frozen model and decision-safe evidence cutoff.
VNDA|2026-02-21|hetlioz,VNDA,2026-02-21,IDENTITY_MISMATCH,RESCORE_CANONICAL_EVENT,REBUILD_CANONICAL_EVENT,CANONICAL_EVENT_PREDECISION_CUTOFF,EXISTING_LEVEL8_LEVEL9_MATCH,VNDA|2026-02-21|hetlioz,VNDA|2026-02-21|hetlioz,NO,https://www.sec.gov/Archives/edgar/data/1347178/000162828026007256/vnda8-k2112026exhibit991.htm,"Feb 21 2026 PDUFA belonged to BYSANTI/milsaperidone, while cohort event key identifies HETLIOZ",CLOSED_REPAIRED_OR_MERGED,VNDA|2026-02-21|bysanti,Canonical event reconstructed with frozen model and decision-safe evidence cutoff.
ALDX|2026-03-16|reproxalap,ALDX,2026-03-16,CLEAN_CORRECT,KEEP_CLEAN,KEEP_AS_IS,NA,NOT_NEEDED,ALDX|2026-03-16|reproxalap,ALDX|2026-03-16|reproxalap,NO,https://ir.aldeyra.com/node/13046,Valid extended PDUFA event; model predicted CRL and FDA issued CRL,,,
RYTM|2026-03-20|obesity,RYTM,2026-03-20,CLEAN_CORRECT,KEEP_CLEAN,KEEP_AS_IS,NA,NOT_NEEDED,RYTM|2026-03-20|obesity,RYTM|2026-03-20|obesity,NO,https://www.reuters.com/business/healthcare-pharmaceuticals/rhythms-therapy-becomes-first-fda-approved-treatment-brain-damage-related-2026-03-20/,Valid PDUFA event and FDA approval on action date,,,
TVTX|2026-04-13|glomerulosclerosis,TVTX,2026-04-13,CLEAN_CORRECT,KEEP_CLEAN,KEEP_AS_IS,NA,NOT_NEEDED,TVTX|2026-04-13|glomerulosclerosis,TVTX|2026-04-13|glomerulosclerosis,NO,https://ir.travere.com/press-releases/news-details/2026/Travere-Therapeutics-Announces-Full-FDA-Approval-of-FILSPARI-sparsentan-the-First-and-Only-Approved-Medicine-for-FSGS/,Valid extended PDUFA event and FDA approval on action date,,,
MNKD|2026-05-29|sbla,MNKD,2026-05-29,CLEAN_CORRECT,KEEP_CLEAN,KEEP_AS_IS,NA,NOT_NEEDED,MNKD|2026-05-29|sbla,MNKD|2026-05-29|sbla,NO,https://investors.mannkindcorp.com/news-releases/news-release-details/mannkind-announces-fda-approval-afrezzar-first-and-only-inhaled,Valid pediatric Afrezza PDUFA event and same-day FDA approval,,,
ARQT|2026-06-29|treatment,ARQT,2026-06-29,CLEAN_CORRECT,KEEP_CLEAN,KEEP_AS_IS,NA,NOT_NEEDED,ARQT|2026-06-29|treatment,ARQT|2026-06-29|treatment,NO,https://investors.arcutis.com/news-releases/news-release-details/fda-approves-arcutis-zoryver-roflumilast-cream-03-treatment-0/,Valid PDUFA event and same-day FDA approval,,,
ZYME|2026-08-25|tevimbra,ZYME,2026-08-25,CLEAN_CORRECT,KEEP_CLEAN,KEEP_AS_IS,NA,NOT_NEEDED,ZYME|2026-08-25|tevimbra,ZYME|2026-08-25|tevimbra,NO,https://www.sec.gov/Archives/edgar/data/1937653/000193765326000051/zyme-20260825.htm,Valid Aug 25 PDUFA and FDA approval of zanidatamab-containing regimens on Aug 25,,,
IONS|2026-09-22|alexander,IONS,2026-09-22,LEAKAGE_RISK,RESCORE_DECISION_MINUS_1,REBUILD_DECISION_SAFE_CUTOFF,STRICTLY_BEFORE_ACTUAL_FDA_DECISION,EXISTING_LEVEL8_LEVEL9_MATCH,IONS|2026-09-22|alexander,IONS|2026-09-22|alexander,NO,https://www.fda.gov/news-events/press-announcements/fda-approves-first-drug-treat-alexander-disease,"FDA approved zilganersen on Sep 3, nineteen days before the Sep 22 PDUFA; PDUFA-minus-one cutoff would contain the outcome",CLOSED_REPAIRED_OR_MERGED,IONS|2026-09-22|alexander,Canonical event reconstructed with frozen model and decision-safe evidence cutoff.
NVAX|2025-04-01,NVAX,2025-04-01,VALID_PDUFA_DELAYED_ACTION,KEEP_WITH_DELAY_FLAG,KEEP_AS_IS,NA,NOT_NEEDED,,,NO,https://ir.novavax.com/press-releases/2025-05-19-U-S-FDA-Approves-BLA-for-Novavaxs-COVID-19-Vaccine,Apr 1 was the confirmed PDUFA date but FDA did not act that day; ultimate approval came May 19,,,
VNDA|2025-12-30,VNDA,2025-12-30,CLEAN_CORRECT,KEEP_CLEAN,KEEP_AS_IS,NA,NOT_NEEDED,,,NO,https://www.sec.gov/Archives/edgar/data/1347178/000162828025059155/vnda8-k12302025exhibit991.htm,Valid tradipitant PDUFA event and same-day FDA approval,,,
ETON|2026-02-25|et-600,ETON,2026-02-25,CLEAN_CORRECT,KEEP_CLEAN,KEEP_AS_IS,NA,NOT_NEEDED,ETON|2026-02-25|et-600,ETON|2026-02-25|et-600,NO,https://ir.etonpharma.com/news-releases/news-release-details/eton-pharmaceuticals-announces-us-fda-approval-desmodatm,Valid ET-600 PDUFA event and same-day FDA approval,,,
TLX|2026-03-06|a new formulation of its fluorine-18 based psma imaging agent,TLX,2026-03-06,IDENTITY_MISMATCH,DROP_IDENTITY_MISMATCH,REMOVE_ONLY,NA,NOT_NEEDED,TLX|2026-03-06|a new formulation of its fluorine-18 based psma imaging agent,TLX|2026-03-06|a new formulation of its fluorine-18 based psma imaging agent,NO,https://lantheusholdings.gcs-web.com/news-releases/news-release-details/lantheus-announces-fda-acceptance-nda-new-formulation-market,"Mar 6 new F18 PSMA formulation PDUFA belonged to Lantheus/Aphelion PYLARIFY TruVu, not Telix",CLOSED_REMOVE_ONLY,,Verified invalid/duplicate/wrong-identity/out-of-period source row removed.
TLX|2026-03-13|tlx101-px (pixclara,TLX,,INVALID_EVENT_DATE_OUTCOME_LABEL,RESCORE_CANONICAL_EVENT,REBUILD_CANONICAL_EVENT,CANONICAL_EVENT_PREDECISION_CUTOFF,NO_CANONICAL_ARTIFACT,,,NO,https://www.accessdata.fda.gov/drugsatfda_docs/appletter/2026/218592Orig1s000ltr.pdf,"Mar 13 2026 was a complete-response amendment/resubmission milestone, not the final PDUFA decision; cohort CRL label reflects the prior 2025 action",CLOSED_REPAIRED_OR_MERGED,TLX|2026-09-11|tlx101-px,Canonical event reconstructed with frozen model and decision-safe evidence cutoff.
LNTH|2026-03-31|psma pet imaging agent in august 2025,LNTH,2026-03-06,INVALID_EVENT_DATE,DROP_DUPLICATE,REMOVE_ONLY,NA,NOT_NEEDED,LNTH|2026-03-06|lnth-2501,LNTH|2026-03-06|lnth-2501,NO,https://investor.lantheus.com/news-releases/news-release-details/lantheus-announces-fda-approval-pylarify-truvutm-piflufolastat-f,Mar 31 row is not the PDUFA date for the referenced PSMA formulation; official PYLARIFY TruVu PDUFA was Mar 6,CLOSED_REMOVE_ONLY,,Verified invalid/duplicate/wrong-identity/out-of-period source row removed.
AKBA|2026-04-13|atacicept for the treatment of igan,AKBA,2026-07-07,IDENTITY_MISMATCH,DROP_IDENTITY_MISMATCH,REMOVE_ONLY,NA,NOT_NEEDED,,,NO,https://ir.veratx.com/news-releases/news-release-details/vera-therapeutics-announces-us-fda-granted-priority-review,"Atacicept IgAN application belongs to Vera Therapeutics, not Akebia; canonical PDUFA was Jul 7 2026",CLOSED_REMOVE_ONLY,,Verified invalid/duplicate/wrong-identity/out-of-period source row removed.
LGND|2026-04-13|prescription,LGND,2026-04-13,NON_APPLICANT_EXPOSURE,DROP_NON_APPLICANT_DUPLICATE,REMOVE_ONLY,NA,NOT_NEEDED,LGND|2026-04-13|prescription,LGND|2026-04-13|prescription,NO,https://investor.ligand.com/news-and-events/press-releases/news-details/2026/Ligand-Partner-Travere-Therapeutics-Receives-Full-FDA-Approval-for-FILSPARI-sparsentan-in-FSGS/default.aspx,Apr 13 FDA decision was Travere's FILSPARI application; Ligand was a royalty partner rather than the FDA applicant,CLOSED_REMOVE_ONLY,,Verified invalid/duplicate/wrong-identity/out-of-period source row removed.
VERA|2026-04-13|travere,VERA,2026-07-07,IDENTITY_MISMATCH,DROP_IDENTITY_MISMATCH,REMOVE_ONLY,NA,NOT_NEEDED,,,NO,https://ir.veratx.com/news-releases/news-release-details/vera-therapeutics-announces-us-fda-granted-priority-review,Event key references Travere while ticker is Vera; Vera's atacicept PDUFA was Jul 7 2026,CLOSED_REMOVE_ONLY,,Verified invalid/duplicate/wrong-identity/out-of-period source row removed.
VNDA|2026-04-28|application,VNDA,2026-12-12,INVALID_EVENT_DATE,DROP_OUT_OF_PERIOD,REMOVE_ONLY,NA,NOT_NEEDED,,,NO,https://www.sec.gov/Archives/edgar/data/1347178/000162828026031241/vnda8-k562026exhibit991.htm,"Apr 28 corresponds to publication/context around imsidolimab, not the FDA PDUFA; FDA assigned Dec 12 2026",CLOSED_REMOVE_ONLY,,Verified invalid/duplicate/wrong-identity/out-of-period source row removed.
RGNX|2026-04-30|rgx-121 seeking accelerated approval was submitted to the fda in march 2025,RGNX,2026-02-08,POST_DECISION_CONTAMINATION,DROP_POST_OUTCOME_DUPLICATE,REMOVE_ONLY,NA,NOT_NEEDED,RGNX|2026-02-08|rgx-121 seeking accelerated approval was submitted to the fda in march 2025,RGNX|2026-02-08|rgx-121 seeking accelerated approval was submitted to the fda in march 2025,NO,https://www.sec.gov/Archives/edgar/data/1281895/000119312526211873/rckt-20260331.htm,"RGX-121 CRL occurred Feb 7/announced Feb 9; Apr 30 was the later lifting of a partial clinical hold, not a PDUFA decision",CLOSED_REMOVE_ONLY,,Verified invalid/duplicate/wrong-identity/out-of-period source row removed.
MNKD|2026-05-28|living,MNKD,2026-05-29,INVALID_EVENT_DATE,DROP_DUPLICATE,REMOVE_ONLY,NA,NOT_NEEDED,MNKD|2026-05-29|sbla,MNKD|2026-05-29|sbla,NO,https://investors.mannkindcorp.com/news-releases/news-release-details/mannkind-announces-fda-approval-afrezzar-first-and-only-inhaled,May 28 was not the pediatric Afrezza PDUFA; canonical target and approval were May 29,CLOSED_REMOVE_ONLY,,Verified invalid/duplicate/wrong-identity/out-of-period source row removed.
KNSA|2026-06-19|license,KNSA,2026-06-19,VALID_EVENT_DECISION_DATE_VERIFY,VERIFY_DECISION_DATE,VERIFY_THEN_RESCORE,VERIFY_DECISION_DATE_THEN_PREDECISION,EXISTING_LEVEL8_LEVEL9_MATCH,KNSA|2026-06-19|license,KNSA|2026-06-19|license,NO,https://www.sec.gov/Archives/edgar/data/1730430/000110465926087545/knsa-20260630x10q.htm,Jun 19 was a real PDUFA target for ARCALYST manufacturing technology transfer and FDA approved Samsung as replacement CDMO in June; exact action date still needs source-level verification,CLOSED_EXCLUDED_UNVERIFIED_ACTION_DATE,,No exact source-level FDA action date recovered; excluded from audited history.
MNKD|2026-07-26|sbla,MNKD,2026-07-26,LEAKAGE_RISK,RESCORE_DECISION_MINUS_1,REBUILD_DECISION_SAFE_CUTOFF,STRICTLY_BEFORE_ACTUAL_FDA_DECISION,EXISTING_LEVEL8_LEVEL9_MATCH,MNKD|2026-07-26|sbla,MNKD|2026-07-26|sbla,NO,https://investors.mannkindcorp.com/node/21501,Furoscix ReadyFlow PDUFA was Jul 26 but FDA approval was announced Jul 24 and later filing states approval Jul 23,CLOSED_REPAIRED_OR_MERGED,MNKD|2026-07-26|sbla,Canonical event reconstructed with frozen model and decision-safe evidence cutoff.
LNTH|2026-08-03|lnth-2501,LNTH,2026-06-29,POST_DECISION_CONTAMINATION,DROP_POST_OUTCOME_DUPLICATE,REMOVE_ONLY,NA,NOT_NEEDED,,,NO,https://investor.lantheus.com/news-releases/news-release-details/lantheus-receives-complete-response-letter-fda-lnth-2501-ga-68,LNTH-2501 received CRL Jun 26 against a Jun 29 PDUFA; Aug 3 row is post-outcome and not a new PDUFA,CLOSED_REMOVE_ONLY,,Verified invalid/duplicate/wrong-identity/out-of-period source row removed.
