ticker,pdufa_date,event_key,p_approval,model_class,actual_outcome,validation_period,independence_status,historical_market_cap_billions,market_cap_source,market_cap_match_method,market_cap_bucket,cap_recovery_confidence,cap_recovery_method,correct,actual_binary,predicted_binary,public_approval_probability,biopharmawatch_probability,public_model_class,public_evidence_note,internal_direction_class,internal_direction_note
EPZM,2020-01-23,EPZM|2020-01-23|tazemetostat,0.867067380909446,APPROVED,APPROVED,2020_RETRO_PREDECISION_FROZEN_MODEL,RETROSPECTIVE_DEVELOPMENT_NOT_BLIND,1.7,Public historical market-cap reconstruction; event-period source cross-check,EVENT_PERIOD_HISTORICAL_CAP,$1B–$3B,MEDIUM,PUBLIC_HISTORICAL_MARKET_CAP,True,1,1,,,,2020 reconstruction uses public pre-decision FDA/SEC/issuer evidence; historical vendor probabilities intentionally left blank.,APPROVED,Tazverik/tazemetostat NDA; efficacy and regulatory acceptance public before action. Frozen 8-feature model applied without refit; source-count/text-depth held at frozen training means.
AIMT,2020-01-31,AIMT|2020-01-31|palforzia,0.992306368883472,APPROVED,APPROVED,2020_RETRO_PREDECISION_FROZEN_MODEL,RETROSPECTIVE_DEVELOPMENT_NOT_BLIND,1.95,Public historical market-cap reconstruction; event-period source cross-check,EVENT_PERIOD_HISTORICAL_CAP,$1B–$3B,MEDIUM,PUBLIC_HISTORICAL_MARKET_CAP,True,1,1,,,,2020 reconstruction uses public pre-decision FDA/SEC/issuer evidence; historical vendor probabilities intentionally left blank.,APPROVED,Positive peanut-allergy efficacy plus known anaphylaxis safety burden and advisory review. Frozen 8-feature model applied without refit; source-count/text-depth held at frozen training means.
ESPR,2020-02-21,ESPR|2020-02-21|bempedoic-acid,0.867067380909446,APPROVED,APPROVED,2020_RETRO_PREDECISION_FROZEN_MODEL,RETROSPECTIVE_DEVELOPMENT_NOT_BLIND,1.55,Public historical market-cap reconstruction; event-period source cross-check,EVENT_PERIOD_HISTORICAL_CAP,$1B–$3B,MEDIUM,PUBLIC_HISTORICAL_MARKET_CAP,True,1,1,,,,2020 reconstruction uses public pre-decision FDA/SEC/issuer evidence; historical vendor probabilities intentionally left blank.,APPROVED,CLEAR program efficacy and accepted NDA were public before decision. Frozen 8-feature model applied without refit; source-count/text-depth held at frozen training means.
ESPR,2020-02-26,ESPR|2020-02-26|bempedoic-acid-ezetimibe,0.867067380909446,APPROVED,APPROVED,2020_RETRO_PREDECISION_FROZEN_MODEL,RETROSPECTIVE_DEVELOPMENT_NOT_BLIND,1.55,Public historical market-cap reconstruction; event-period source cross-check,EVENT_PERIOD_HISTORICAL_CAP,$1B–$3B,MEDIUM,PUBLIC_HISTORICAL_MARKET_CAP,True,1,1,,,,2020 reconstruction uses public pre-decision FDA/SEC/issuer evidence; historical vendor probabilities intentionally left blank.,APPROVED,Combination LDL-lowering efficacy and accepted NDA were public before decision. Frozen 8-feature model applied without refit; source-count/text-depth held at frozen training means.
VIE,2020-06-11,VIE|2020-06-11|inebilizumab,0.867067380909446,APPROVED,APPROVED,2020_RETRO_PREDECISION_FROZEN_MODEL,RETROSPECTIVE_DEVELOPMENT_NOT_BLIND,2,Public historical market-cap reconstruction; event-period source cross-check,EVENT_PERIOD_HISTORICAL_CAP,$1B–$3B,MEDIUM,PUBLIC_HISTORICAL_MARKET_CAP,True,1,1,,,,2020 reconstruction uses public pre-decision FDA/SEC/issuer evidence; historical vendor probabilities intentionally left blank.,APPROVED,N-MOmentum efficacy and BLA review were public before approval. Frozen 8-feature model applied without refit; source-count/text-depth held at frozen training means.
ZGNX,2020-06-25,ZGNX|2020-06-25|fenfluramine,0.9216911384273644,APPROVED,APPROVED,2020_RETRO_PREDECISION_FROZEN_MODEL,RETROSPECTIVE_DEVELOPMENT_NOT_BLIND,1.65,Public historical market-cap reconstruction; event-period source cross-check,EVENT_PERIOD_HISTORICAL_CAP,$1B–$3B,MEDIUM,PUBLIC_HISTORICAL_MARKET_CAP,True,1,1,,,,2020 reconstruction uses public pre-decision FDA/SEC/issuer evidence; historical vendor probabilities intentionally left blank.,APPROVED,Dravet efficacy was strong; cardiovascular monitoring/safety history was public. Frozen 8-feature model applied without refit; source-count/text-depth held at frozen training means.
HRTX,2020-06-26,HRTX|2020-06-26|htx-011,0.867067380909446,APPROVED,CRL,2020_RETRO_PREDECISION_FROZEN_MODEL,RETROSPECTIVE_DEVELOPMENT_NOT_BLIND,1.45,Public historical market-cap reconstruction; event-period source cross-check,EVENT_PERIOD_HISTORICAL_CAP,$1B–$3B,MEDIUM,PUBLIC_HISTORICAL_MARKET_CAP,False,0,1,,,,2020 reconstruction uses public pre-decision FDA/SEC/issuer evidence; historical vendor probabilities intentionally left blank.,APPROVED,Positive pivotal analgesia evidence; later nonclinical deficiency was not backfilled into pre-decision features. Frozen 8-feature model applied without refit; source-count/text-depth held at frozen training means.
RARE,2020-06-30,RARE|2020-06-30|triheptanoin,0.867067380909446,APPROVED,APPROVED,2020_RETRO_PREDECISION_FROZEN_MODEL,RETROSPECTIVE_DEVELOPMENT_NOT_BLIND,4,Public historical market-cap reconstruction; event-period source cross-check,EVENT_PERIOD_HISTORICAL_CAP,$3B–$10B,MEDIUM,PUBLIC_HISTORICAL_MARKET_CAP,True,1,1,,,,2020 reconstruction uses public pre-decision FDA/SEC/issuer evidence; historical vendor probabilities intentionally left blank.,APPROVED,Long-chain fatty-acid oxidation disorder evidence and priority review were public pre-decision. Frozen 8-feature model applied without refit; source-count/text-depth held at frozen training means.
DBVT,2020-08-03,DBVT|2020-08-03|viaskin-peanut,0.8356552294741838,APPROVED,CRL,2020_RETRO_PREDECISION_FROZEN_MODEL,RETROSPECTIVE_DEVELOPMENT_NOT_BLIND,0.382,Public historical market-cap reconstruction; event-period source cross-check,EVENT_PERIOD_HISTORICAL_CAP,$300M–$1B,MEDIUM,PUBLIC_HISTORICAL_MARKET_CAP,False,0,1,,,,2020 reconstruction uses public pre-decision FDA/SEC/issuer evidence; historical vendor probabilities intentionally left blank.,APPROVED,Pivotal efficacy uncertainty was public before the CRL; no post-action CMC detail added. Frozen 8-feature model applied without refit; source-count/text-depth held at frozen training means.
KALA,2020-10-30,KALA|2020-10-30|loteprednol-etabonate,0.4977682123032028,CRL,APPROVED,2020_RETRO_PREDECISION_FROZEN_MODEL,RETROSPECTIVE_DEVELOPMENT_NOT_BLIND,0.37,Public historical market-cap reconstruction; event-period source cross-check,EVENT_PERIOD_HISTORICAL_CAP,$300M–$1B,MEDIUM,PUBLIC_HISTORICAL_MARKET_CAP,False,1,0,,,,2020 reconstruction uses public pre-decision FDA/SEC/issuer evidence; historical vendor probabilities intentionally left blank.,CRL,Resubmission after prior CRL with public STRIDE efficacy and remediation evidence. Frozen 8-feature model applied without refit; source-count/text-depth held at frozen training means.
SUPN,2020-11-08,SUPN|2020-11-08|viloxazine,0.867067380909446,APPROVED,CRL,2020_RETRO_PREDECISION_FROZEN_MODEL,RETROSPECTIVE_DEVELOPMENT_NOT_BLIND,1.3,Public historical market-cap reconstruction; event-period source cross-check,EVENT_PERIOD_HISTORICAL_CAP,$1B–$3B,MEDIUM,PUBLIC_HISTORICAL_MARKET_CAP,False,0,1,,,,2020 reconstruction uses public pre-decision FDA/SEC/issuer evidence; historical vendor probabilities intentionally left blank.,APPROVED,Positive pediatric ADHD Phase 3 program; later inspection deficiency was not backfilled. Frozen 8-feature model applied without refit; source-count/text-depth held at frozen training means.
ALKS,2020-11-15,ALKS|2020-11-15|olanzapine-samidorphan,0.867067380909446,APPROVED,CRL,2020_RETRO_PREDECISION_FROZEN_MODEL,RETROSPECTIVE_DEVELOPMENT_NOT_BLIND,2.9,Public historical market-cap reconstruction; event-period source cross-check,EVENT_PERIOD_HISTORICAL_CAP,$1B–$3B,MEDIUM,PUBLIC_HISTORICAL_MARKET_CAP,False,0,1,,,,2020 reconstruction uses public pre-decision FDA/SEC/issuer evidence; historical vendor probabilities intentionally left blank.,APPROVED,Positive efficacy/metabolic evidence; later manufacturing deficiency not known from public pre-decision record. Frozen 8-feature model applied without refit; source-count/text-depth held at frozen training means.
EIGR,2020-11-20,EIGR|2020-11-20|lonafarnib,0.867067380909446,APPROVED,APPROVED,2020_RETRO_PREDECISION_FROZEN_MODEL,RETROSPECTIVE_DEVELOPMENT_NOT_BLIND,0.4,Public historical market-cap reconstruction; event-period source cross-check,EVENT_PERIOD_HISTORICAL_CAP,$300M–$1B,MEDIUM,PUBLIC_HISTORICAL_MARKET_CAP,True,1,1,,,,2020 reconstruction uses public pre-decision FDA/SEC/issuer evidence; historical vendor probabilities intentionally left blank.,APPROVED,Progeria survival evidence and Priority Review were public before approval. Frozen 8-feature model applied without refit; source-count/text-depth held at frozen training means.
RYTM,2020-11-27,RYTM|2020-11-27|setmelanotide,0.867067380909446,APPROVED,APPROVED,2020_RETRO_PREDECISION_FROZEN_MODEL,RETROSPECTIVE_DEVELOPMENT_NOT_BLIND,1.3,Public historical market-cap reconstruction; event-period source cross-check,EVENT_PERIOD_HISTORICAL_CAP,$1B–$3B,MEDIUM,PUBLIC_HISTORICAL_MARKET_CAP,True,1,1,,,,2020 reconstruction uses public pre-decision FDA/SEC/issuer evidence; historical vendor probabilities intentionally left blank.,APPROVED,Rare-obesity pivotal efficacy and regulatory designations were public. Frozen 8-feature model applied without refit; source-count/text-depth held at frozen training means.
YMAB,2020-11-30,YMAB|2020-11-30|naxitamab,0.9216911384273644,APPROVED,APPROVED,2020_RETRO_PREDECISION_FROZEN_MODEL,RETROSPECTIVE_DEVELOPMENT_NOT_BLIND,2,Public historical market-cap reconstruction; event-period source cross-check,EVENT_PERIOD_HISTORICAL_CAP,$1B–$3B,MEDIUM,PUBLIC_HISTORICAL_MARKET_CAP,True,1,1,,,,2020 reconstruction uses public pre-decision FDA/SEC/issuer evidence; historical vendor probabilities intentionally left blank.,APPROVED,Neuroblastoma response evidence plus known safety burden were public before early approval. Frozen 8-feature model applied without refit; source-count/text-depth held at frozen training means.
VNDA,2020-12-01,VNDA|2020-12-01|tasimelteon-sms,0.867067380909446,APPROVED,APPROVED,2020_RETRO_PREDECISION_FROZEN_MODEL,RETROSPECTIVE_DEVELOPMENT_NOT_BLIND,0.7,Public historical market-cap reconstruction; event-period source cross-check,EVENT_PERIOD_HISTORICAL_CAP,$300M–$1B,MEDIUM,PUBLIC_HISTORICAL_MARKET_CAP,True,1,1,,,,2020 reconstruction uses public pre-decision FDA/SEC/issuer evidence; historical vendor probabilities intentionally left blank.,APPROVED,Smith-Magenis sleep-disorder evidence and sNDA review were public. Frozen 8-feature model applied without refit; source-count/text-depth held at frozen training means.
BCRX,2020-12-03,BCRX|2020-12-03|berotralstat,0.867067380909446,APPROVED,APPROVED,2020_RETRO_PREDECISION_FROZEN_MODEL,RETROSPECTIVE_DEVELOPMENT_NOT_BLIND,1.2,Public historical market-cap reconstruction; event-period source cross-check,EVENT_PERIOD_HISTORICAL_CAP,$1B–$3B,MEDIUM,PUBLIC_HISTORICAL_MARKET_CAP,True,1,1,,,,2020 reconstruction uses public pre-decision FDA/SEC/issuer evidence; historical vendor probabilities intentionally left blank.,APPROVED,APeX-2 prophylaxis efficacy and accepted NDA were public. Frozen 8-feature model applied without refit; source-count/text-depth held at frozen training means.
KPTI,2020-12-18,KPTI|2020-12-18|selinexor-mm,0.9216911384273644,APPROVED,APPROVED,2020_RETRO_PREDECISION_FROZEN_MODEL,RETROSPECTIVE_DEVELOPMENT_NOT_BLIND,1.1,Public historical market-cap reconstruction; event-period source cross-check,EVENT_PERIOD_HISTORICAL_CAP,$1B–$3B,MEDIUM,PUBLIC_HISTORICAL_MARKET_CAP,True,1,1,,,,2020 reconstruction uses public pre-decision FDA/SEC/issuer evidence; historical vendor probabilities intentionally left blank.,APPROVED,Myeloma efficacy and known tolerability burden were public. Frozen 8-feature model applied without refit; source-count/text-depth held at frozen training means.
MGNX,2020-12-18,MGNX|2020-12-18|margetuximab,0.9216911384273644,APPROVED,APPROVED,2020_RETRO_PREDECISION_FROZEN_MODEL,RETROSPECTIVE_DEVELOPMENT_NOT_BLIND,1.8,Public historical market-cap reconstruction; event-period source cross-check,EVENT_PERIOD_HISTORICAL_CAP,$1B–$3B,MEDIUM,PUBLIC_HISTORICAL_MARKET_CAP,True,1,1,,,,2020 reconstruction uses public pre-decision FDA/SEC/issuer evidence; historical vendor probabilities intentionally left blank.,APPROVED,SOPHIA efficacy and safety profile were public before early approval. Frozen 8-feature model applied without refit; source-count/text-depth held at frozen training means.
MYOV,2020-12-20,MYOV|2020-12-20|relugolix,0.867067380909446,APPROVED,APPROVED,2020_RETRO_PREDECISION_FROZEN_MODEL,RETROSPECTIVE_DEVELOPMENT_NOT_BLIND,2,Public historical market-cap reconstruction; event-period source cross-check,EVENT_PERIOD_HISTORICAL_CAP,$1B–$3B,MEDIUM,PUBLIC_HISTORICAL_MARKET_CAP,True,1,1,,,,2020 reconstruction uses public pre-decision FDA/SEC/issuer evidence; historical vendor probabilities intentionally left blank.,APPROVED,HERO efficacy and oral GnRH regulatory package were public before early approval. Frozen 8-feature model applied without refit; source-count/text-depth held at frozen training means.
AUPH,2021-01-22,AUPH|2021-01-22|voclosporin,0.867067380909446,APPROVED,APPROVED,2021_RETRO_PREDECISION_FROZEN_MODEL,RETROSPECTIVE_DEVELOPMENT_NOT_BLIND,2,Public historical market-cap reconstruction; event-period source cross-check,EVENT_PERIOD_HISTORICAL_CAP,$1B–$3B,MEDIUM,PUBLIC_HISTORICAL_MARKET_CAP,True,1,1,,,,2021 reconstruction uses public pre-decision FDA/SEC/issuer evidence; historical vendor probabilities intentionally left blank.,APPROVED,AURORA efficacy and Priority Review were public pre-decision. Frozen 8-feature model applied without refit; source-count/text-depth held at frozen training means.
GTHX,2021-02-15,GTHX|2021-02-15|trilaciclib,0.867067380909446,APPROVED,APPROVED,2021_RETRO_PREDECISION_FROZEN_MODEL,RETROSPECTIVE_DEVELOPMENT_NOT_BLIND,1.2,Public historical market-cap reconstruction; event-period source cross-check,EVENT_PERIOD_HISTORICAL_CAP,$1B–$3B,MEDIUM,PUBLIC_HISTORICAL_MARKET_CAP,True,1,1,,,,2021 reconstruction uses public pre-decision FDA/SEC/issuer evidence; historical vendor probabilities intentionally left blank.,APPROVED,Myelopreservation efficacy and Priority Review were public. Frozen 8-feature model applied without refit; source-count/text-depth held at frozen training means.
TGTX,2021-02-15,TGTX|2021-02-15|umbralisib,0.9216911384273644,APPROVED,APPROVED,2021_RETRO_PREDECISION_FROZEN_MODEL,RETROSPECTIVE_DEVELOPMENT_NOT_BLIND,6,Public historical market-cap reconstruction; event-period source cross-check,EVENT_PERIOD_HISTORICAL_CAP,$3B–$10B,MEDIUM,PUBLIC_HISTORICAL_MARKET_CAP,True,1,1,,,,2021 reconstruction uses public pre-decision FDA/SEC/issuer evidence; historical vendor probabilities intentionally left blank.,APPROVED,UNITY-NHL efficacy and known PI3K safety burden were public. Frozen 8-feature model applied without refit; source-count/text-depth held at frozen training means.
CRMD,2021-02-26,CRMD|2021-02-26|defencath,0.6173445807303597,APPROVED,CRL,2021_RETRO_PREDECISION_FROZEN_MODEL,RETROSPECTIVE_DEVELOPMENT_NOT_BLIND,0.377,Public historical market-cap reconstruction; event-period source cross-check,EVENT_PERIOD_HISTORICAL_CAP,$300M–$1B,MEDIUM,PUBLIC_HISTORICAL_MARKET_CAP,False,0,1,,,,2021 reconstruction uses public pre-decision FDA/SEC/issuer evidence; historical vendor probabilities intentionally left blank.,APPROVED,Accepted NDA plus publicly visible manufacturing/inspection dependence; event-period cap above $300M. Frozen 8-feature model applied without refit; source-count/text-depth held at frozen training means.
ATNX,2021-03-01,ATNX|2021-03-01|oral-paclitaxel,0.9497046975376027,APPROVED,CRL,2021_RETRO_PREDECISION_FROZEN_MODEL,RETROSPECTIVE_DEVELOPMENT_NOT_BLIND,0.8,Public historical market-cap reconstruction; event-period source cross-check,EVENT_PERIOD_HISTORICAL_CAP,$300M–$1B,MEDIUM,PUBLIC_HISTORICAL_MARKET_CAP,False,0,1,,,,2021 reconstruction uses public pre-decision FDA/SEC/issuer evidence; historical vendor probabilities intentionally left blank.,APPROVED,Efficacy signal coexisted with meaningful safety/benefit-risk concerns. Frozen 8-feature model applied without refit; source-count/text-depth held at frozen training means.
BLUE,2021-03-27,BLUE|2021-03-27|idecabtagene-vicleucel,0.992306368883472,APPROVED,APPROVED,2021_RETRO_PREDECISION_FROZEN_MODEL,RETROSPECTIVE_DEVELOPMENT_NOT_BLIND,2.2,Public historical market-cap reconstruction; event-period source cross-check,EVENT_PERIOD_HISTORICAL_CAP,$1B–$3B,MEDIUM,PUBLIC_HISTORICAL_MARKET_CAP,True,1,1,,,,2021 reconstruction uses public pre-decision FDA/SEC/issuer evidence; historical vendor probabilities intentionally left blank.,APPROVED,"KarMMa efficacy, safety profile and advisory/regulatory context were public. Frozen 8-feature model applied without refit; source-count/text-depth held at frozen training means."
SUPN,2021-04-02,SUPN|2021-04-02|viloxazine-resubmission,0.4977682123032028,CRL,APPROVED,2021_RETRO_PREDECISION_FROZEN_MODEL,RETROSPECTIVE_DEVELOPMENT_NOT_BLIND,1.5,Public historical market-cap reconstruction; event-period source cross-check,EVENT_PERIOD_HISTORICAL_CAP,$1B–$3B,MEDIUM,PUBLIC_HISTORICAL_MARKET_CAP,False,1,0,,,,2021 reconstruction uses public pre-decision FDA/SEC/issuer evidence; historical vendor probabilities intentionally left blank.,CRL,Successful resubmission after 2020 CRL with public remediation and Phase 3 evidence. Frozen 8-feature model applied without refit; source-count/text-depth held at frozen training means.
ACAD,2021-04-03,ACAD|2021-04-03|pimavanserin-drp,0.8356552294741838,APPROVED,CRL,2021_RETRO_PREDECISION_FROZEN_MODEL,RETROSPECTIVE_DEVELOPMENT_NOT_BLIND,3,Public historical market-cap reconstruction; event-period source cross-check,EVENT_PERIOD_HISTORICAL_CAP,$3B–$10B,MEDIUM,PUBLIC_HISTORICAL_MARKET_CAP,False,0,1,,,,2021 reconstruction uses public pre-decision FDA/SEC/issuer evidence; historical vendor probabilities intentionally left blank.,APPROVED,Evidence-generalizability/efficacy uncertainty was public before action. Frozen 8-feature model applied without refit; source-count/text-depth held at frozen training means.
APLS,2021-05-14,APLS|2021-05-14|pegcetacoplan,0.867067380909446,APPROVED,APPROVED,2021_RETRO_PREDECISION_FROZEN_MODEL,RETROSPECTIVE_DEVELOPMENT_NOT_BLIND,3.5,Public historical market-cap reconstruction; event-period source cross-check,EVENT_PERIOD_HISTORICAL_CAP,$3B–$10B,MEDIUM,PUBLIC_HISTORICAL_MARKET_CAP,True,1,1,,,,2021 reconstruction uses public pre-decision FDA/SEC/issuer evidence; historical vendor probabilities intentionally left blank.,APPROVED,PEGASUS/PRINCE benefit and priority regulatory review were public. Frozen 8-feature model applied without refit; source-count/text-depth held at frozen training means.
ADCT,2021-05-21,ADCT|2021-05-21|loncastuximab-tesirine,0.9216911384273644,APPROVED,APPROVED,2021_RETRO_PREDECISION_FROZEN_MODEL,RETROSPECTIVE_DEVELOPMENT_NOT_BLIND,2.5,Public historical market-cap reconstruction; event-period source cross-check,EVENT_PERIOD_HISTORICAL_CAP,$1B–$3B,MEDIUM,PUBLIC_HISTORICAL_MARKET_CAP,True,1,1,,,,2021 reconstruction uses public pre-decision FDA/SEC/issuer evidence; historical vendor probabilities intentionally left blank.,APPROVED,LOTIS-2 response data and toxicity profile were public before early approval. Frozen 8-feature model applied without refit; source-count/text-depth held at frozen training means.
LNTH,2021-05-28,LNTH|2021-05-28|piflufolastat-f18,0.867067380909446,APPROVED,APPROVED,2021_RETRO_PREDECISION_FROZEN_MODEL,RETROSPECTIVE_DEVELOPMENT_NOT_BLIND,1.6,Public historical market-cap reconstruction; event-period source cross-check,EVENT_PERIOD_HISTORICAL_CAP,$1B–$3B,MEDIUM,PUBLIC_HISTORICAL_MARKET_CAP,True,1,1,,,,2021 reconstruction uses public pre-decision FDA/SEC/issuer evidence; historical vendor probabilities intentionally left blank.,APPROVED,Diagnostic performance evidence and NDA review were public. Frozen 8-feature model applied without refit; source-count/text-depth held at frozen training means.
ORPH,2021-06-17,ORPH|2021-06-17|arimoclomol,0.8356552294741838,APPROVED,CRL,2021_RETRO_PREDECISION_FROZEN_MODEL,RETROSPECTIVE_DEVELOPMENT_NOT_BLIND,0.56,Public historical market-cap reconstruction; event-period source cross-check,EVENT_PERIOD_HISTORICAL_CAP,$300M–$1B,MEDIUM,PUBLIC_HISTORICAL_MARKET_CAP,False,0,1,,,,2021 reconstruction uses public pre-decision FDA/SEC/issuer evidence; historical vendor probabilities intentionally left blank.,APPROVED,Confirmatory-efficacy uncertainty was public; pre-action market cap was about $560M before the CRL selloff. Frozen 8-feature model applied without refit; source-count/text-depth held at frozen training means.
PRVB,2021-07-02,PRVB|2021-07-02|teplizumab,0.992306368883472,APPROVED,CRL,2021_RETRO_PREDECISION_FROZEN_MODEL,RETROSPECTIVE_DEVELOPMENT_NOT_BLIND,0.45,Public historical market-cap reconstruction; event-period source cross-check,EVENT_PERIOD_HISTORICAL_CAP,$300M–$1B,MEDIUM,PUBLIC_HISTORICAL_MARKET_CAP,False,0,1,,,,2021 reconstruction uses public pre-decision FDA/SEC/issuer evidence; historical vendor probabilities intentionally left blank.,APPROVED,Positive prevention study and favorable advisory vote coexisted with known PK/product comparability issues. Frozen 8-feature model applied without refit; source-count/text-depth held at frozen training means.
ALBO,2021-07-20,ALBO|2021-07-20|odevixibat,0.867067380909446,APPROVED,APPROVED,2021_RETRO_PREDECISION_FROZEN_MODEL,RETROSPECTIVE_DEVELOPMENT_NOT_BLIND,0.7,Public historical market-cap reconstruction; event-period source cross-check,EVENT_PERIOD_HISTORICAL_CAP,$300M–$1B,MEDIUM,PUBLIC_HISTORICAL_MARKET_CAP,True,1,1,,,,2021 reconstruction uses public pre-decision FDA/SEC/issuer evidence; historical vendor probabilities intentionally left blank.,APPROVED,PEDFIC efficacy and Priority Review were public. Frozen 8-feature model applied without refit; source-count/text-depth held at frozen training means.
ARDX,2021-07-29,ARDX|2021-07-29|tenapanor,0.867067380909446,APPROVED,CRL,2021_RETRO_PREDECISION_FROZEN_MODEL,RETROSPECTIVE_DEVELOPMENT_NOT_BLIND,0.7,Public historical market-cap reconstruction; event-period source cross-check,EVENT_PERIOD_HISTORICAL_CAP,$300M–$1B,MEDIUM,PUBLIC_HISTORICAL_MARKET_CAP,False,0,1,,,,2021 reconstruction uses public pre-decision FDA/SEC/issuer evidence; historical vendor probabilities intentionally left blank.,APPROVED,Positive phosphate-lowering trials were public; later clinical-relevance deficiency was not backfilled. Frozen 8-feature model applied without refit; source-count/text-depth held at frozen training means.
SPPI,2021-08-06,SPPI|2021-08-06|eflapegrastim,0.6173445807303597,APPROVED,CRL,2021_RETRO_PREDECISION_FROZEN_MODEL,RETROSPECTIVE_DEVELOPMENT_NOT_BLIND,0.45,Public historical market-cap reconstruction; event-period source cross-check,EVENT_PERIOD_HISTORICAL_CAP,$300M–$1B,MEDIUM,PUBLIC_HISTORICAL_MARKET_CAP,False,0,1,,,,2021 reconstruction uses public pre-decision FDA/SEC/issuer evidence; historical vendor probabilities intentionally left blank.,APPROVED,Positive efficacy with manufacturing/inspection dependence during the COVID-era review. Frozen 8-feature model applied without refit; source-count/text-depth held at frozen training means.
SESN,2021-08-18,SESN|2021-08-18|vicineum,0.867067380909446,APPROVED,CRL,2021_RETRO_PREDECISION_FROZEN_MODEL,RETROSPECTIVE_DEVELOPMENT_NOT_BLIND,1,Public historical market-cap reconstruction; event-period source cross-check,EVENT_PERIOD_HISTORICAL_CAP,$1B–$3B,MEDIUM,PUBLIC_HISTORICAL_MARKET_CAP,False,0,1,,,,2021 reconstruction uses public pre-decision FDA/SEC/issuer evidence; historical vendor probabilities intentionally left blank.,APPROVED,Single-arm bladder-cancer response evidence and accepted BLA were public. Frozen 8-feature model applied without refit; source-count/text-depth held at frozen training means.
CARA,2021-08-23,CARA|2021-08-23|difelikefalin,0.867067380909446,APPROVED,APPROVED,2021_RETRO_PREDECISION_FROZEN_MODEL,RETROSPECTIVE_DEVELOPMENT_NOT_BLIND,0.7,Public historical market-cap reconstruction; event-period source cross-check,EVENT_PERIOD_HISTORICAL_CAP,$300M–$1B,MEDIUM,PUBLIC_HISTORICAL_MARKET_CAP,True,1,1,,,,2021 reconstruction uses public pre-decision FDA/SEC/issuer evidence; historical vendor probabilities intentionally left blank.,APPROVED,KALM efficacy and accepted NDA were public. Frozen 8-feature model applied without refit; source-count/text-depth held at frozen training means.
ASND,2021-09-25,ASND|2021-09-25|lonapegsomatropin,0.867067380909446,APPROVED,APPROVED,2021_RETRO_PREDECISION_FROZEN_MODEL,RETROSPECTIVE_DEVELOPMENT_NOT_BLIND,7,Public historical market-cap reconstruction; event-period source cross-check,EVENT_PERIOD_HISTORICAL_CAP,$3B–$10B,MEDIUM,PUBLIC_HISTORICAL_MARKET_CAP,True,1,1,,,,2021 reconstruction uses public pre-decision FDA/SEC/issuer evidence; historical vendor probabilities intentionally left blank.,APPROVED,heiGHt/foresGHt evidence and extended review were public before early approval. Frozen 8-feature model applied without refit; source-count/text-depth held at frozen training means.
MIRM,2021-09-29,MIRM|2021-09-29|maralixibat,0.867067380909446,APPROVED,APPROVED,2021_RETRO_PREDECISION_FROZEN_MODEL,RETROSPECTIVE_DEVELOPMENT_NOT_BLIND,1,Public historical market-cap reconstruction; event-period source cross-check,EVENT_PERIOD_HISTORICAL_CAP,$1B–$3B,MEDIUM,PUBLIC_HISTORICAL_MARKET_CAP,True,1,1,,,,2021 reconstruction uses public pre-decision FDA/SEC/issuer evidence; historical vendor probabilities intentionally left blank.,APPROVED,ICONIC efficacy and Priority Review were public. Frozen 8-feature model applied without refit; source-count/text-depth held at frozen training means.
CCXI,2021-10-07,CCXI|2021-10-07|avacopan,0.992306368883472,APPROVED,APPROVED,2021_RETRO_PREDECISION_FROZEN_MODEL,RETROSPECTIVE_DEVELOPMENT_NOT_BLIND,2,Public historical market-cap reconstruction; event-period source cross-check,EVENT_PERIOD_HISTORICAL_CAP,$1B–$3B,MEDIUM,PUBLIC_HISTORICAL_MARKET_CAP,True,1,1,,,,2021 reconstruction uses public pre-decision FDA/SEC/issuer evidence; historical vendor probabilities intentionally left blank.,APPROVED,ADVOCATE efficacy plus known safety/advisory scrutiny were public. Frozen 8-feature model applied without refit; source-count/text-depth held at frozen training means.
RVNC,2021-10-15,RVNC|2021-10-15|daxibotulinumtoxina,0.867067380909446,APPROVED,CRL,2021_RETRO_PREDECISION_FROZEN_MODEL,RETROSPECTIVE_DEVELOPMENT_NOT_BLIND,1.5,Public historical market-cap reconstruction; event-period source cross-check,EVENT_PERIOD_HISTORICAL_CAP,$1B–$3B,MEDIUM,PUBLIC_HISTORICAL_MARKET_CAP,False,0,1,,,,2021 reconstruction uses public pre-decision FDA/SEC/issuer evidence; historical vendor probabilities intentionally left blank.,APPROVED,Positive SAKURA efficacy; manufacturing-inspection deficiency was not outcome-backfilled. Frozen 8-feature model applied without refit; source-count/text-depth held at frozen training means.
UTHR,2021-10-16,UTHR|2021-10-16|tyvaso-dpi,0.6173445807303597,APPROVED,CRL,2021_RETRO_PREDECISION_FROZEN_MODEL,RETROSPECTIVE_DEVELOPMENT_NOT_BLIND,8.4,Public historical market-cap reconstruction; event-period source cross-check,EVENT_PERIOD_HISTORICAL_CAP,$3B–$10B,MEDIUM,PUBLIC_HISTORICAL_MARKET_CAP,False,0,1,,,,2021 reconstruction uses public pre-decision FDA/SEC/issuer evidence; historical vendor probabilities intentionally left blank.,APPROVED,FDA review was explicitly dependent on facility inspection; historical cap was about $8.4B. Frozen 8-feature model applied without refit; source-count/text-depth held at frozen training means.
OMER,2021-10-17,OMER|2021-10-17|narsoplimab,0.8356552294741838,APPROVED,CRL,2021_RETRO_PREDECISION_FROZEN_MODEL,RETROSPECTIVE_DEVELOPMENT_NOT_BLIND,0.483,Public historical market-cap reconstruction; event-period source cross-check,EVENT_PERIOD_HISTORICAL_CAP,$300M–$1B,MEDIUM,PUBLIC_HISTORICAL_MARKET_CAP,False,0,1,,,,2021 reconstruction uses public pre-decision FDA/SEC/issuer evidence; historical vendor probabilities intentionally left blank.,APPROVED,FDA publicly identified deficiencies before the Oct. 17 PDUFA date; cap remained above $300M. Frozen 8-feature model applied without refit; source-count/text-depth held at frozen training means.
IMCR,2022-01-26,IMCR|2022-01-26|tebentafusp,0.867067380909446,APPROVED,APPROVED,2022_RETRO_PREDECISION_FROZEN_MODEL,RETROSPECTIVE_DEVELOPMENT_NOT_BLIND,2.5,Public historical market-cap reconstruction; event-period source cross-check,EVENT_PERIOD_HISTORICAL_CAP,$1B–$3B,MEDIUM,PUBLIC_HISTORICAL_MARKET_CAP,True,1,1,,,,2022 reconstruction uses public pre-decision FDA/SEC/issuer evidence; historical vendor probabilities intentionally left blank.,APPROVED,Phase 3 overall-survival benefit and Priority Review were public. Frozen 8-feature model applied without refit; source-count/text-depth held at frozen training means.
OPK,2022-01-31,OPK|2022-01-31|somatrogon,0.867067380909446,APPROVED,CRL,2022_RETRO_PREDECISION_FROZEN_MODEL,RETROSPECTIVE_DEVELOPMENT_NOT_BLIND,2.5,Public historical market-cap reconstruction; event-period source cross-check,EVENT_PERIOD_HISTORICAL_CAP,$1B–$3B,MEDIUM,PUBLIC_HISTORICAL_MARKET_CAP,False,0,1,,,,2022 reconstruction uses public pre-decision FDA/SEC/issuer evidence; historical vendor probabilities intentionally left blank.,APPROVED,Growth-hormone efficacy package and accepted BLA were public; later deficiency not backfilled. Frozen 8-feature model applied without refit; source-count/text-depth held at frozen training means.
AGIO,2022-02-17,AGIO|2022-02-17|mitapivat,0.867067380909446,APPROVED,APPROVED,2022_RETRO_PREDECISION_FROZEN_MODEL,RETROSPECTIVE_DEVELOPMENT_NOT_BLIND,1.8,Public historical market-cap reconstruction; event-period source cross-check,EVENT_PERIOD_HISTORICAL_CAP,$1B–$3B,MEDIUM,PUBLIC_HISTORICAL_MARKET_CAP,True,1,1,,,,2022 reconstruction uses public pre-decision FDA/SEC/issuer evidence; historical vendor probabilities intentionally left blank.,APPROVED,ACTIVATE/ACTIVATE-T efficacy and regulatory review were public. Frozen 8-feature model applied without refit; source-count/text-depth held at frozen training means.
RETA,2022-02-25,RETA|2022-02-25|bardoxolone,0.9901522368544441,APPROVED,CRL,2022_RETRO_PREDECISION_FROZEN_MODEL,RETROSPECTIVE_DEVELOPMENT_NOT_BLIND,1.5,Public historical market-cap reconstruction; event-period source cross-check,EVENT_PERIOD_HISTORICAL_CAP,$1B–$3B,MEDIUM,PUBLIC_HISTORICAL_MARKET_CAP,False,0,1,,,,2022 reconstruction uses public pre-decision FDA/SEC/issuer evidence; historical vendor probabilities intentionally left blank.,APPROVED,Substantial benefit-risk/effectiveness concerns and negative advisory context were public. Frozen 8-feature model applied without refit; source-count/text-depth held at frozen training means.
AMYT,2022-02-28,AMYT|2022-02-28|filsuvez,0.867067380909446,APPROVED,CRL,2022_RETRO_PREDECISION_FROZEN_MODEL,RETROSPECTIVE_DEVELOPMENT_NOT_BLIND,0.6,Public historical market-cap reconstruction; event-period source cross-check,EVENT_PERIOD_HISTORICAL_CAP,$300M–$1B,MEDIUM,PUBLIC_HISTORICAL_MARKET_CAP,False,0,1,,,,2022 reconstruction uses public pre-decision FDA/SEC/issuer evidence; historical vendor probabilities intentionally left blank.,APPROVED,EASE primary-endpoint evidence was public; later FDA clinical deficiency was not outcome-backfilled. Frozen 8-feature model applied without refit; source-count/text-depth held at frozen training means.
CTIC,2022-02-28,CTIC|2022-02-28|pacritinib,0.6413774946541789,APPROVED,APPROVED,2022_RETRO_PREDECISION_FROZEN_MODEL,RETROSPECTIVE_DEVELOPMENT_NOT_BLIND,0.6,Public historical market-cap reconstruction; event-period source cross-check,EVENT_PERIOD_HISTORICAL_CAP,$300M–$1B,MEDIUM,PUBLIC_HISTORICAL_MARKET_CAP,True,1,1,,,,2022 reconstruction uses public pre-decision FDA/SEC/issuer evidence; historical vendor probabilities intentionally left blank.,APPROVED,Positive PERSIST/PAC203 evidence with known prior regulatory history and safety considerations. Frozen 8-feature model applied without refit; source-count/text-depth held at frozen training means.
LEGN,2022-02-28,LEGN|2022-02-28|ciltacabtagene-autoleucel,0.9216911384273644,APPROVED,APPROVED,2022_RETRO_PREDECISION_FROZEN_MODEL,RETROSPECTIVE_DEVELOPMENT_NOT_BLIND,7,Public historical market-cap reconstruction; event-period source cross-check,EVENT_PERIOD_HISTORICAL_CAP,$3B–$10B,MEDIUM,PUBLIC_HISTORICAL_MARKET_CAP,True,1,1,,,,2022 reconstruction uses public pre-decision FDA/SEC/issuer evidence; historical vendor probabilities intentionally left blank.,APPROVED,CARTITUDE-1 response depth and CAR-T safety profile were public. Frozen 8-feature model applied without refit; source-count/text-depth held at frozen training means.
MRNS,2022-03-20,MRNS|2022-03-20|ganaxolone,0.867067380909446,APPROVED,APPROVED,2022_RETRO_PREDECISION_FROZEN_MODEL,RETROSPECTIVE_DEVELOPMENT_NOT_BLIND,0.37,Public historical market-cap reconstruction; event-period source cross-check,EVENT_PERIOD_HISTORICAL_CAP,$300M–$1B,MEDIUM,PUBLIC_HISTORICAL_MARKET_CAP,True,1,1,,,,2022 reconstruction uses public pre-decision FDA/SEC/issuer evidence; historical vendor probabilities intentionally left blank.,APPROVED,Marigold Phase 3 efficacy and accepted NDA were public. Frozen 8-feature model applied without refit; source-count/text-depth held at frozen training means.
AKBA,2022-03-29,AKBA|2022-03-29|vadadustat,0.9216911384273644,APPROVED,CRL,2022_RETRO_PREDECISION_FROZEN_MODEL,RETROSPECTIVE_DEVELOPMENT_NOT_BLIND,0.439,Public historical market-cap reconstruction; event-period source cross-check,EVENT_PERIOD_HISTORICAL_CAP,$300M–$1B,MEDIUM,PUBLIC_HISTORICAL_MARKET_CAP,False,0,1,,,,2022 reconstruction uses public pre-decision FDA/SEC/issuer evidence; historical vendor probabilities intentionally left blank.,APPROVED,Hematologic efficacy coexisted with publicly known cardiovascular safety uncertainty. Frozen 8-feature model applied without refit; source-count/text-depth held at frozen training means.
BTAI,2022-04-05,BTAI|2022-04-05|dexmedetomidine-film,0.867067380909446,APPROVED,APPROVED,2022_RETRO_PREDECISION_FROZEN_MODEL,RETROSPECTIVE_DEVELOPMENT_NOT_BLIND,0.8,Public historical market-cap reconstruction; event-period source cross-check,EVENT_PERIOD_HISTORICAL_CAP,$300M–$1B,MEDIUM,PUBLIC_HISTORICAL_MARKET_CAP,True,1,1,,,,2022 reconstruction uses public pre-decision FDA/SEC/issuer evidence; historical vendor probabilities intentionally left blank.,APPROVED,SERENITY agitation-trial efficacy and NDA review were public. Frozen 8-feature model applied without refit; source-count/text-depth held at frozen training means.
CHRS,2022-04-30,CHRS|2022-04-30|toripalimab,0.6173445807303597,APPROVED,CRL,2022_RETRO_PREDECISION_FROZEN_MODEL,RETROSPECTIVE_DEVELOPMENT_NOT_BLIND,0.8,Public historical market-cap reconstruction; event-period source cross-check,EVENT_PERIOD_HISTORICAL_CAP,$300M–$1B,MEDIUM,PUBLIC_HISTORICAL_MARKET_CAP,False,0,1,,,,2022 reconstruction uses public pre-decision FDA/SEC/issuer evidence; historical vendor probabilities intentionally left blank.,APPROVED,Positive oncology efficacy with publicly visible inspection/manufacturing dependence during China travel restrictions. Frozen 8-feature model applied without refit; source-count/text-depth held at frozen training means.
HCM,2022-04-30,HCM|2022-04-30|surufatinib,0.9497046975376027,APPROVED,CRL,2022_RETRO_PREDECISION_FROZEN_MODEL,RETROSPECTIVE_DEVELOPMENT_NOT_BLIND,2,Public historical market-cap reconstruction; event-period source cross-check,EVENT_PERIOD_HISTORICAL_CAP,$1B–$3B,MEDIUM,PUBLIC_HISTORICAL_MARKET_CAP,False,0,1,,,,2022 reconstruction uses public pre-decision FDA/SEC/issuer evidence; historical vendor probabilities intentionally left blank.,APPROVED,Positive China trials coexisted with generalizability/benefit-risk concerns before FDA action. Frozen 8-feature model applied without refit; source-count/text-depth held at frozen training means.
ARQT,2022-07-29,ARQT|2022-07-29|roflumilast-cream,0.867067380909446,APPROVED,APPROVED,2022_RETRO_PREDECISION_FROZEN_MODEL,RETROSPECTIVE_DEVELOPMENT_NOT_BLIND,1,Public historical market-cap reconstruction; event-period source cross-check,EVENT_PERIOD_HISTORICAL_CAP,$1B–$3B,MEDIUM,PUBLIC_HISTORICAL_MARKET_CAP,True,1,1,,,,2022 reconstruction uses public pre-decision FDA/SEC/issuer evidence; historical vendor probabilities intentionally left blank.,APPROVED,DERMIS-1/2 efficacy and accepted NDA were public. Frozen 8-feature model applied without refit; source-count/text-depth held at frozen training means.
CRMD,2022-08-04,CRMD|2022-08-04|defencath-resubmission,0.2822720914470904,CRL,CRL,2022_RETRO_PREDECISION_FROZEN_MODEL,RETROSPECTIVE_DEVELOPMENT_NOT_BLIND,0.309,Public historical market-cap reconstruction; event-period source cross-check,EVENT_PERIOD_HISTORICAL_CAP,$300M–$1B,MEDIUM,PUBLIC_HISTORICAL_MARKET_CAP,True,0,0,,,,2022 reconstruction uses public pre-decision FDA/SEC/issuer evidence; historical vendor probabilities intentionally left blank.,CRL,Resubmission after prior CRL with unresolved product-quality/manufacturing risk; event-period cap about $309M. Frozen 8-feature model applied without refit; source-count/text-depth held at frozen training means.
BLUE,2022-08-19,BLUE|2022-08-19|betibeglogene-autotemcel,0.992306368883472,APPROVED,APPROVED,2022_RETRO_PREDECISION_FROZEN_MODEL,RETROSPECTIVE_DEVELOPMENT_NOT_BLIND,0.55,Public historical market-cap reconstruction; event-period source cross-check,EVENT_PERIOD_HISTORICAL_CAP,$300M–$1B,MEDIUM,PUBLIC_HISTORICAL_MARKET_CAP,True,1,1,,,,2022 reconstruction uses public pre-decision FDA/SEC/issuer evidence; historical vendor probabilities intentionally left blank.,APPROVED,"Gene-therapy efficacy, long-term malignancy risk and favorable advisory review were public. Frozen 8-feature model applied without refit; source-count/text-depth held at frozen training means."
AXSM,2022-08-22,AXSM|2022-08-22|dextromethorphan-bupropion,0.867067380909446,APPROVED,APPROVED,2022_RETRO_PREDECISION_FROZEN_MODEL,RETROSPECTIVE_DEVELOPMENT_NOT_BLIND,2,Public historical market-cap reconstruction; event-period source cross-check,EVENT_PERIOD_HISTORICAL_CAP,$1B–$3B,MEDIUM,PUBLIC_HISTORICAL_MARKET_CAP,True,1,1,,,,2022 reconstruction uses public pre-decision FDA/SEC/issuer evidence; historical vendor probabilities intentionally left blank.,APPROVED,GEMINI/ASCEND efficacy and completed NDA review were public before early approval. Frozen 8-feature model applied without refit; source-count/text-depth held at frozen training means.
RVNC,2022-09-08,RVNC|2022-09-08|daxibotulinumtoxina-resubmission,0.19688010462520783,CRL,APPROVED,2022_RETRO_PREDECISION_FROZEN_MODEL,RETROSPECTIVE_DEVELOPMENT_NOT_BLIND,1.5,Public historical market-cap reconstruction; event-period source cross-check,EVENT_PERIOD_HISTORICAL_CAP,$1B–$3B,MEDIUM,PUBLIC_HISTORICAL_MARKET_CAP,False,1,0,,,,2022 reconstruction uses public pre-decision FDA/SEC/issuer evidence; historical vendor probabilities intentionally left blank.,CRL,Class 2 resubmission after manufacturing CRL with public remediation and reinspection. Frozen 8-feature model applied without refit; source-count/text-depth held at frozen training means.
BLUE,2022-09-16,BLUE|2022-09-16|elivaldogene-autotemcel,0.9216911384273644,APPROVED,APPROVED,2022_RETRO_PREDECISION_FROZEN_MODEL,RETROSPECTIVE_DEVELOPMENT_NOT_BLIND,0.55,Public historical market-cap reconstruction; event-period source cross-check,EVENT_PERIOD_HISTORICAL_CAP,$300M–$1B,MEDIUM,PUBLIC_HISTORICAL_MARKET_CAP,True,1,1,,,,2022 reconstruction uses public pre-decision FDA/SEC/issuer evidence; historical vendor probabilities intentionally left blank.,APPROVED,Cerebral ALD efficacy and serious gene-therapy safety risks were public. Frozen 8-feature model applied without refit; source-count/text-depth held at frozen training means.
AMLX,2022-09-29,AMLX|2022-09-29|sodium-phenylbutyrate-taurursodiol,0.9862023592625622,APPROVED,APPROVED,2022_RETRO_PREDECISION_FROZEN_MODEL,RETROSPECTIVE_DEVELOPMENT_NOT_BLIND,1.8,Public historical market-cap reconstruction; event-period source cross-check,EVENT_PERIOD_HISTORICAL_CAP,$1B–$3B,MEDIUM,PUBLIC_HISTORICAL_MARKET_CAP,True,1,1,,,,2022 reconstruction uses public pre-decision FDA/SEC/issuer evidence; historical vendor probabilities intentionally left blank.,APPROVED,CENTAUR evidence and highly scrutinized advisory/regulatory record were public. Frozen 8-feature model applied without refit; source-count/text-depth held at frozen training means.
PRVB,2022-11-17,PRVB|2022-11-17|teplizumab-resubmission,0.9514520589438948,APPROVED,APPROVED,2022_RETRO_PREDECISION_FROZEN_MODEL,RETROSPECTIVE_DEVELOPMENT_NOT_BLIND,0.605,Public historical market-cap reconstruction; event-period source cross-check,EVENT_PERIOD_HISTORICAL_CAP,$300M–$1B,MEDIUM,PUBLIC_HISTORICAL_MARKET_CAP,True,1,1,,,,2022 reconstruction uses public pre-decision FDA/SEC/issuer evidence; historical vendor probabilities intentionally left blank.,APPROVED,"Resubmission after 2021 CRL with public clinical benefit, advisory history and remediation. Frozen 8-feature model applied without refit; source-count/text-depth held at frozen training means."
MRTX,2022-12-14,MRTX|2022-12-14|adagrasib,0.9216911384273644,APPROVED,APPROVED,2022_RETRO_PREDECISION_FROZEN_MODEL,RETROSPECTIVE_DEVELOPMENT_NOT_BLIND,4,Public historical market-cap reconstruction; event-period source cross-check,EVENT_PERIOD_HISTORICAL_CAP,$3B–$10B,MEDIUM,PUBLIC_HISTORICAL_MARKET_CAP,True,1,1,,,,2022 reconstruction uses public pre-decision FDA/SEC/issuer evidence; historical vendor probabilities intentionally left blank.,APPROVED,KRYSTAL-1 response evidence and known safety profile were public before early approval. Frozen 8-feature model applied without refit; source-count/text-depth held at frozen training means.
TGTX,2022-12-28,TGTX|2022-12-28|ublituximab,0.9216911384273644,APPROVED,APPROVED,2022_RETRO_PREDECISION_FROZEN_MODEL,RETROSPECTIVE_DEVELOPMENT_NOT_BLIND,1.18,Public historical market-cap reconstruction; event-period source cross-check,EVENT_PERIOD_HISTORICAL_CAP,$1B–$3B,MEDIUM,PUBLIC_HISTORICAL_MARKET_CAP,True,1,1,,,,2022 reconstruction uses public pre-decision FDA/SEC/issuer evidence; historical vendor probabilities intentionally left blank.,APPROVED,ULTIMATE I/II MS efficacy and known anti-CD20 safety considerations were public. Frozen 8-feature model applied without refit; source-count/text-depth held at frozen training means.
PHAT,2023-02-07,PHAT|2023-02-07|vonoprazan,0.7213127145202024,APPROVED,CRL,2023_RETRO_PREDECISION_FROZEN_MODEL,RETROSPECTIVE_TUNING_NOT_BLIND,0.498202,FinanceCharts nearest predecision week,NEAREST_PREDECISION_MARKET_CAP,$300M–$1B,HIGH,PUBLIC_HISTORICAL_MARKET_CAP,False,0,1,,,,2023 reconstruction uses public pre-decision FDA/SEC/issuer evidence; separate historical public/vendor probabilities intentionally left blank.,APPROVED,Nitrosamine/product-quality issue was a known regulatory/CMC risk before the February action. Frozen 8-feature model applied without refit; source-count/text-depth inputs held at frozen training means.
TVTX,2023-02-17,TVTX|2023-02-17|sparsentan,0.867067380909446,APPROVED,APPROVED,2023_RETRO_PREDECISION_FROZEN_MODEL,RETROSPECTIVE_TUNING_NOT_BLIND,1.146,FinanceCharts event week,NEAREST_PREDECISION_MARKET_CAP,$1B–$3B,HIGH,PUBLIC_HISTORICAL_MARKET_CAP,True,1,1,,,,2023 reconstruction uses public pre-decision FDA/SEC/issuer evidence; separate historical public/vendor probabilities intentionally left blank.,APPROVED,Phase 3 PROTECT proteinuria benefit and accelerated-approval pathway were public pre-decision. Frozen 8-feature model applied without refit; source-count/text-depth inputs held at frozen training means.
APLS,2023-02-26,APLS|2023-02-26|pegcetacoplan,0.867067380909446,APPROVED,APPROVED,2023_RETRO_PREDECISION_FROZEN_MODEL,RETROSPECTIVE_TUNING_NOT_BLIND,6.176,FinanceCharts nearest predecision week,NEAREST_PREDECISION_MARKET_CAP,$3B–$10B,HIGH,PUBLIC_HISTORICAL_MARKET_CAP,True,1,1,,,,2023 reconstruction uses public pre-decision FDA/SEC/issuer evidence; separate historical public/vendor probabilities intentionally left blank.,APPROVED,DERBY/OAKS package and February 26 PDUFA were public before FDA approved early. Frozen 8-feature model applied without refit; source-count/text-depth inputs held at frozen training means.
CYTK,2023-02-28,CYTK|2023-02-28|omecamtiv-mecarbil,0.8356552294741838,APPROVED,CRL,2023_RETRO_PREDECISION_FROZEN_MODEL,RETROSPECTIVE_TUNING_NOT_BLIND,4.06,FinanceCharts nearest predecision week,NEAREST_PREDECISION_MARKET_CAP,$3B–$10B,HIGH,PUBLIC_HISTORICAL_MARKET_CAP,False,0,1,,,,2023 reconstruction uses public pre-decision FDA/SEC/issuer evidence; separate historical public/vendor probabilities intentionally left blank.,APPROVED,Pre-decision record contained effectiveness uncertainty around whether GALACTIC-HF alone established substantial evidence. Frozen 8-feature model applied without refit; source-count/text-depth inputs held at frozen training means.
RETA,2023-02-28,RETA|2023-02-28|omaveloxolone,0.9216911384273644,APPROVED,APPROVED,2023_RETRO_PREDECISION_FROZEN_MODEL,RETROSPECTIVE_TUNING_NOT_BLIND,1.635,FinanceCharts nearest predecision week,NEAREST_PREDECISION_MARKET_CAP,$1B–$3B,HIGH,PUBLIC_HISTORICAL_MARKET_CAP,True,1,1,,,,2023 reconstruction uses public pre-decision FDA/SEC/issuer evidence; separate historical public/vendor probabilities intentionally left blank.,APPROVED,Pivotal efficacy plus known safety/label considerations and Priority Review were public pre-decision. Frozen 8-feature model applied without refit; source-count/text-depth inputs held at frozen training means.
ACAD,2023-03-10,ACAD|2023-03-10|trofinetide,0.867067380909446,APPROVED,APPROVED,2023_RETRO_PREDECISION_FROZEN_MODEL,RETROSPECTIVE_TUNING_NOT_BLIND,3.305,FinanceCharts event week,NEAREST_PREDECISION_MARKET_CAP,$3B–$10B,HIGH,PUBLIC_HISTORICAL_MARKET_CAP,True,1,1,,,,2023 reconstruction uses public pre-decision FDA/SEC/issuer evidence; separate historical public/vendor probabilities intentionally left blank.,APPROVED,Randomized double-blind pivotal Rett syndrome evidence and regulatory review were public pre-decision. Frozen 8-feature model applied without refit; source-count/text-depth inputs held at frozen training means.
MCRB,2023-04-26,MCRB|2023-04-26|vowst,0.867067380909446,APPROVED,APPROVED,2023_RETRO_PREDECISION_FROZEN_MODEL,RETROSPECTIVE_TUNING_NOT_BLIND,0.815256,FinanceCharts nearest predecision week,NEAREST_PREDECISION_MARKET_CAP,$300M–$1B,HIGH,PUBLIC_HISTORICAL_MARKET_CAP,True,1,1,,,,2023 reconstruction uses public pre-decision FDA/SEC/issuer evidence; separate historical public/vendor probabilities intentionally left blank.,APPROVED,ECOSPOR III Phase 3 recurrence benefit and BLA review were public pre-decision. Frozen 8-feature model applied without refit; source-count/text-depth inputs held at frozen training means.
ASND,2023-04-30,ASND|2023-04-30|transcon-pth,0.6173445807303597,APPROVED,CRL,2023_RETRO_PREDECISION_FROZEN_MODEL,RETROSPECTIVE_TUNING_NOT_BLIND,4.513,FinanceCharts nearest predecision week,NEAREST_PREDECISION_MARKET_CAP,$3B–$10B,HIGH,PUBLIC_HISTORICAL_MARKET_CAP,False,0,1,,,,2023 reconstruction uses public pre-decision FDA/SEC/issuer evidence; separate historical public/vendor probabilities intentionally left blank.,APPROVED,Positive clinical evidence coexisted with product/device/CMC regulatory complexity before the April 30 target. Frozen 8-feature model applied without refit; source-count/text-depth inputs held at frozen training means.
KRYS,2023-05-19,KRYS|2023-05-19|vyjuvek,0.867067380909446,APPROVED,APPROVED,2023_RETRO_PREDECISION_FROZEN_MODEL,RETROSPECTIVE_TUNING_NOT_BLIND,2.478,FinanceCharts event week,NEAREST_PREDECISION_MARKET_CAP,$1B–$3B,HIGH,PUBLIC_HISTORICAL_MARKET_CAP,True,1,1,,,,2023 reconstruction uses public pre-decision FDA/SEC/issuer evidence; separate historical public/vendor probabilities intentionally left blank.,APPROVED,Positive late-stage gene-therapy wound-healing evidence and Priority Review were public pre-decision. Frozen 8-feature model applied without refit; source-count/text-depth inputs held at frozen training means.
IBRX,2023-05-23,IBRX|2023-05-23|anktiva,0.867067380909446,APPROVED,CRL,2023_RETRO_PREDECISION_FROZEN_MODEL,RETROSPECTIVE_TUNING_NOT_BLIND,2.415,FinanceCharts nearest predecision week,NEAREST_PREDECISION_MARKET_CAP,$1B–$3B,HIGH,PUBLIC_HISTORICAL_MARKET_CAP,False,0,1,,,,2023 reconstruction uses public pre-decision FDA/SEC/issuer evidence; separate historical public/vendor probabilities intentionally left blank.,APPROVED,Strong clinical efficacy and accepted BLA were public; no outcome-derived manufacturing flag was added to the frozen pre-decision score. Frozen 8-feature model applied without refit; source-count/text-depth inputs held at frozen training means.
LXRX,2023-05-27,LXRX|2023-05-27|sotagliflozin,0.4977682123032028,CRL,APPROVED,2023_RETRO_PREDECISION_FROZEN_MODEL,RETROSPECTIVE_TUNING_NOT_BLIND,0.602807,FinanceCharts nearest predecision week,NEAREST_PREDECISION_MARKET_CAP,$300M–$1B,HIGH,PUBLIC_HISTORICAL_MARKET_CAP,False,1,0,,,,2023 reconstruction uses public pre-decision FDA/SEC/issuer evidence; separate historical public/vendor probabilities intentionally left blank.,CRL,"SOLOIST-WHF/SCORED evidence and late-cycle review were positive, while the molecule had prior FDA rejection history. Frozen 8-feature model applied without refit; source-count/text-depth inputs held at frozen training means."
AVDL,2023-06-03,AVDL|2023-06-03|lumryz,0.867067380909446,APPROVED,APPROVED,2023_RETRO_PREDECISION_FROZEN_MODEL,RETROSPECTIVE_TUNING_NOT_BLIND,0.78,Historical price x predecision shares; medium confidence,NEAREST_PREDECISION_MARKET_CAP,$300M–$1B,MEDIUM,PUBLIC_HISTORICAL_MARKET_CAP,True,1,1,,,,2023 reconstruction uses public pre-decision FDA/SEC/issuer evidence; separate historical public/vendor probabilities intentionally left blank.,APPROVED,REST-ON Phase 3 efficacy/safety and pending final approval were public before FDA approved early on May 1. Frozen 8-feature model applied without refit; source-count/text-depth inputs held at frozen training means.
ALDX,2023-06-21,ALDX|2023-06-21|adx-2191,0.7601604987550962,APPROVED,CRL,2023_RETRO_PREDECISION_FROZEN_MODEL,RETROSPECTIVE_TUNING_NOT_BLIND,0.616223,FinanceCharts nearest predecision week,NEAREST_PREDECISION_MARKET_CAP,$300M–$1B,HIGH,PUBLIC_HISTORICAL_MARKET_CAP,False,0,1,,,,2023 reconstruction uses public pre-decision FDA/SEC/issuer evidence; separate historical public/vendor probabilities intentionally left blank.,APPROVED,"Priority Review was positive, but the application relied on literature rather than adequate controlled investigations. Frozen 8-feature model applied without refit; source-count/text-depth inputs held at frozen training means."
ICPT,2023-06-22,ICPT|2023-06-22|obeticholic-acid,0.9951904425474141,APPROVED,CRL,2023_RETRO_PREDECISION_FROZEN_MODEL,RETROSPECTIVE_TUNING_NOT_BLIND,0.65,Historical market-cap reconstruction; medium confidence,NEAREST_PREDECISION_MARKET_CAP,$300M–$1B,MEDIUM,PUBLIC_HISTORICAL_MARKET_CAP,False,0,1,,,,2023 reconstruction uses public pre-decision FDA/SEC/issuer evidence; separate historical public/vendor probabilities intentionally left blank.,APPROVED,NASH efficacy evidence was accompanied by substantial safety/benefit-risk scrutiny and advisory-committee review. Frozen 8-feature model applied without refit; source-count/text-depth inputs held at frozen training means.
MESO,2023-08-02,MESO|2023-08-02|remestemcel-l,0.1604432540275861,CRL,CRL,2023_RETRO_PREDECISION_FROZEN_MODEL,RETROSPECTIVE_TUNING_NOT_BLIND,0.936336,FinanceCharts nearest predecision week,NEAREST_PREDECISION_MARKET_CAP,$300M–$1B,HIGH,PUBLIC_HISTORICAL_MARKET_CAP,True,0,0,,,,2023 reconstruction uses public pre-decision FDA/SEC/issuer evidence; separate historical public/vendor probabilities intentionally left blank.,CRL,Prior CRL history plus known potency/CMC and clinical-evidence uncertainty were public before the August target. Frozen 8-feature model applied without refit; source-count/text-depth inputs held at frozen training means.
TARS,2023-08-25,TARS|2023-08-25|lotilaner,0.867067380909446,APPROVED,APPROVED,2023_RETRO_PREDECISION_FROZEN_MODEL,RETROSPECTIVE_TUNING_NOT_BLIND,0.662267,FinanceCharts predecision week,NEAREST_PREDECISION_MARKET_CAP,$300M–$1B,HIGH,PUBLIC_HISTORICAL_MARKET_CAP,True,1,1,,,,2023 reconstruction uses public pre-decision FDA/SEC/issuer evidence; separate historical public/vendor probabilities intentionally left blank.,APPROVED,Two positive pivotal Demodex blepharitis trials and accepted NDA were public; approval came early July 24. Frozen 8-feature model applied without refit; source-count/text-depth inputs held at frozen training means.
SPRY,2023-09-19,SPRY|2023-09-19|neffy,0.9862023592625622,APPROVED,CRL,2023_RETRO_PREDECISION_FROZEN_MODEL,RETROSPECTIVE_TUNING_NOT_BLIND,0.693826,FinanceCharts nearest predecision week,NEAREST_PREDECISION_MARKET_CAP,$300M–$1B,HIGH,PUBLIC_HISTORICAL_MARKET_CAP,False,0,1,,,,2023 reconstruction uses public pre-decision FDA/SEC/issuer evidence; separate historical public/vendor probabilities intentionally left blank.,APPROVED,Clinical package and favorable advisory-committee context were public pre-decision; no post-CRL device finding was backfilled. Frozen 8-feature model applied without refit; source-count/text-depth inputs held at frozen training means.
ARDX,2023-10-17,ARDX|2023-10-17|tenapanor,0.9156888440789747,APPROVED,APPROVED,2023_RETRO_PREDECISION_FROZEN_MODEL,RETROSPECTIVE_TUNING_NOT_BLIND,0.862737,FinanceCharts nearest predecision week,NEAREST_PREDECISION_MARKET_CAP,$300M–$1B,HIGH,PUBLIC_HISTORICAL_MARKET_CAP,True,1,1,,,,2023 reconstruction uses public pre-decision FDA/SEC/issuer evidence; separate historical public/vendor probabilities intentionally left blank.,APPROVED,"Resubmission, prior CRL, supporting efficacy evidence and prior advisory-committee record were public before review. Frozen 8-feature model applied without refit; source-count/text-depth inputs held at frozen training means."
CPRX,2023-10-26,CPRX|2023-10-26|vamorolone,0.867067380909446,APPROVED,APPROVED,2023_RETRO_PREDECISION_FROZEN_MODEL,RETROSPECTIVE_TUNING_NOT_BLIND,1.364,FinanceCharts nearest predecision week,NEAREST_PREDECISION_MARKET_CAP,$1B–$3B,HIGH,PUBLIC_HISTORICAL_MARKET_CAP,True,1,1,,,,2023 reconstruction uses public pre-decision FDA/SEC/issuer evidence; separate historical public/vendor probabilities intentionally left blank.,APPROVED,Catalyst's licensed North American exposure and favorable pivotal benefit-risk evidence were public pre-decision. Frozen 8-feature model applied without refit; source-count/text-depth inputs held at frozen training means.
PHAT,2023-11-17,PHAT|2023-11-17|vonoprazan-resubmission,0.4977682123032028,CRL,APPROVED,2023_RETRO_PREDECISION_FROZEN_MODEL,RETROSPECTIVE_TUNING_NOT_BLIND,0.429394,FinanceCharts event week,NEAREST_PREDECISION_MARKET_CAP,$300M–$1B,HIGH,PUBLIC_HISTORICAL_MARKET_CAP,False,1,0,,,,2023 reconstruction uses public pre-decision FDA/SEC/issuer evidence; separate historical public/vendor probabilities intentionally left blank.,CRL,Class 2 resubmission followed the February CRL; six-month stability data addressing nitrosamine controls were public before approval. Frozen 8-feature model applied without refit; source-count/text-depth inputs held at frozen training means.
SWTX,2023-11-27,SWTX|2023-11-27|nirogacestat,0.867067380909446,APPROVED,APPROVED,2023_RETRO_PREDECISION_FROZEN_MODEL,RETROSPECTIVE_TUNING_NOT_BLIND,2.3,Historical market-cap reconstruction; medium confidence,NEAREST_PREDECISION_MARKET_CAP,$1B–$3B,MEDIUM,PUBLIC_HISTORICAL_MARKET_CAP,True,1,1,,,,2023 reconstruction uses public pre-decision FDA/SEC/issuer evidence; separate historical public/vendor probabilities intentionally left blank.,APPROVED,Positive randomized Phase 3 DeFi PFS/response evidence and regulatory designations were public pre-decision. Frozen 8-feature model applied without refit; source-count/text-depth inputs held at frozen training means.
CRSP,2023-12-08,CRSP|2023-12-08|exa-cel-scd,0.992306368883472,APPROVED,APPROVED,2023_RETRO_PREDECISION_FROZEN_MODEL,RETROSPECTIVE_TUNING_NOT_BLIND,5.127,FinanceCharts event week,NEAREST_PREDECISION_MARKET_CAP,$3B–$10B,HIGH,PUBLIC_HISTORICAL_MARKET_CAP,True,1,1,,,,2023 reconstruction uses public pre-decision FDA/SEC/issuer evidence; separate historical public/vendor probabilities intentionally left blank.,APPROVED,Pivotal gene-editing efficacy/safety data and the October FDA advisory-committee meeting were public before decision. Frozen 8-feature model applied without refit; source-count/text-depth inputs held at frozen training means.
BLUE,2023-12-20,BLUE|2023-12-20|lovo-cel,0.9216911384273644,APPROVED,APPROVED,2023_RETRO_PREDECISION_FROZEN_MODEL,RETROSPECTIVE_TUNING_NOT_BLIND,0.526,Predecision close x SEC-filed shares,NEAREST_PREDECISION_MARKET_CAP,$300M–$1B,HIGH,PUBLIC_HISTORICAL_MARKET_CAP,True,1,1,,,,2023 reconstruction uses public pre-decision FDA/SEC/issuer evidence; separate historical public/vendor probabilities intentionally left blank.,APPROVED,"Priority Review, mature SCD efficacy data, safety follow-up and no planned advisory committee were public before early December 8 approval. Frozen 8-feature model applied without refit; source-count/text-depth inputs held at frozen training means."
IONS,2023-12-22,IONS|2023-12-22|eplontersen,0.867067380909446,APPROVED,APPROVED,2023_RETRO_PREDECISION_FROZEN_MODEL,RETROSPECTIVE_TUNING_NOT_BLIND,7.344,FinanceCharts nearest predecision week,NEAREST_PREDECISION_MARKET_CAP,$3B–$10B,HIGH,PUBLIC_HISTORICAL_MARKET_CAP,True,1,1,,,,2023 reconstruction uses public pre-decision FDA/SEC/issuer evidence; separate historical public/vendor probabilities intentionally left blank.,APPROVED,Phase 3 NEURO-TTRansform benefit and December 22 PDUFA were public before early December 21 approval. Frozen 8-feature model applied without refit; source-count/text-depth inputs held at frozen training means.
LGND,2024-01-05,LGND|2024-01-05,0.8926417466257808,APPROVED,APPROVED,2024_FROZEN_PREDECISION_TUNE,TUNING_COHORT,1.2349889370661926,YFINANCE:2024-01-05|SEC_COMPANYFACTS:10-Q:2023-11-06:2023-11-09,HISTORICAL_CLOSE_X_SEC_FILED_SHARES,$1B–$3B,HIGH,YFINANCE:2024-01-05|SEC_COMPANYFACTS:10-Q:2023-11-06:2023-11-09,True,1,1,,,,2024 reconstruction used public SEC/FDA/calendar sources; a separate public-only probability is intentionally not fabricated.,APPROVED,Frozen 2025 eight-feature model applied without refit to pre-decision 2024 SEC evidence.
IOVA,2024-02-24,IOVA|2024-02-24,0.9301055130033656,APPROVED,APPROVED,2024_FROZEN_PREDECISION_TUNE,TUNING_COHORT,2.3416537015748595,YFINANCE:2024-02-16|SEC_COMPANYFACTS:10-Q:2023-10-30:2023-11-07,HISTORICAL_CLOSE_X_SEC_FILED_SHARES,$1B–$3B,HIGH,YFINANCE:2024-02-16|SEC_COMPANYFACTS:10-Q:2023-10-30:2023-11-07,True,1,1,,,,2024 reconstruction used public SEC/FDA/calendar sources; a separate public-only probability is intentionally not fabricated.,APPROVED,Frozen 2025 eight-feature model applied without refit to pre-decision 2024 SEC evidence.
MDGL,2024-03-14,MDGL|2024-03-14,0.8762868818439534,APPROVED,APPROVED,2024_FROZEN_PREDECISION_TUNE,TUNING_COHORT,4.846415952983094,YFINANCE:2024-03-14|SEC_COMPANYFACTS:10-K:2024-02-16:2024-02-28,HISTORICAL_CLOSE_X_SEC_FILED_SHARES,$3B–$10B,HIGH,YFINANCE:2024-03-14|SEC_COMPANYFACTS:10-K:2024-02-16:2024-02-28,True,1,1,,,,2024 reconstruction used public SEC/FDA/calendar sources; a separate public-only probability is intentionally not fabricated.,APPROVED,Frozen 2025 eight-feature model applied without refit to pre-decision 2024 SEC evidence.
AKBA,2024-03-27,AKBA|2024-03-27,0.9467685029040228,APPROVED,APPROVED,2024_FROZEN_PREDECISION_TUNE,TUNING_COHORT,0.46899389799672964,YFINANCE:2024-03-27|SEC_COMPANYFACTS:10-K:2024-03-13:2024-03-14,HISTORICAL_CLOSE_X_SEC_FILED_SHARES,$300M–$1B,HIGH,YFINANCE:2024-03-27|SEC_COMPANYFACTS:10-K:2024-03-13:2024-03-14,True,1,1,,,,2024 reconstruction used public SEC/FDA/calendar sources; a separate public-only probability is intentionally not fabricated.,APPROVED,Frozen 2025 eight-feature model applied without refit to pre-decision 2024 SEC evidence.
CRSP,2024-03-30,CRSP|2024-03-30,0.9851894624737494,APPROVED,APPROVED,2024_FROZEN_PREDECISION_TUNE,TUNING_COHORT,5.038400074020859,YFINANCE:2024-01-16|SEC_COMPANYFACTS:10-Q:2023-11-02:2023-11-06,HISTORICAL_CLOSE_X_SEC_FILED_SHARES,$3B–$10B,HIGH,YFINANCE:2024-01-16|SEC_COMPANYFACTS:10-Q:2023-11-02:2023-11-06,True,1,1,,,,2024 reconstruction used public SEC/FDA/calendar sources; a separate public-only probability is intentionally not fabricated.,APPROVED,Frozen 2025 eight-feature model applied without refit to pre-decision 2024 SEC evidence.
SUPN,2024-04-05,SUPN|2024-04-05,0.6865982581748517,APPROVED,CRL,2024_FROZEN_PREDECISION_TUNE,TUNING_COHORT,1.8329319751684456,YFINANCE:2024-04-05|SEC_COMPANYFACTS:10-Q:2023-11-01:2023-11-08,HISTORICAL_CLOSE_X_SEC_FILED_SHARES,$1B–$3B,HIGH,YFINANCE:2024-04-05|SEC_COMPANYFACTS:10-Q:2023-11-01:2023-11-08,False,0,1,,,,2024 reconstruction used public SEC/FDA/calendar sources; a separate public-only probability is intentionally not fabricated.,APPROVED,Frozen 2025 eight-feature model applied without refit to pre-decision 2024 SEC evidence.
IBRX,2024-04-23,IBRX|2024-04-23,0.4211831425534966,CRL,APPROVED,2024_FROZEN_PREDECISION_TUNE,TUNING_COHORT,3.3293242918838586,YFINANCE:2024-04-22|SEC_COMPANYFACTS:10-K:2024-03-14:2024-03-19,HISTORICAL_CLOSE_X_SEC_FILED_SHARES,$3B–$10B,HIGH,YFINANCE:2024-04-22|SEC_COMPANYFACTS:10-K:2024-03-14:2024-03-19,False,1,0,,,,2024 reconstruction used public SEC/FDA/calendar sources; a separate public-only probability is intentionally not fabricated.,CRL,Frozen 2025 eight-feature model applied without refit to pre-decision 2024 SEC evidence.
DAWN,2024-04-30,DAWN|2024-04-30|tovorafenib,0.867067380909446,APPROVED,APPROVED,2024_RETRO_PREDECISION_FROZEN_MODEL,RETROSPECTIVE_DEVELOPMENT_NOT_BLIND,1.4898,Public historical market-cap reconstruction; nearest predecision trading week,NEAREST_PREDECISION_TRADING_WEEK,$1B–$3B,MEDIUM,PUBLIC_HISTORICAL_MARKET_CAP,True,1,1,,,,Positive registrational evidence and Priority Review with April 30 PDUFA were public pre-decision.,APPROVED,Frozen 8-feature model; no 2024 refit; outcomes excluded from feature construction; source-count/text-depth inputs neutralized to frozen training means.
GERN,2024-06-16,GERN|2024-06-16,0.9992995774491559,APPROVED,APPROVED,2024_FROZEN_PREDECISION_TUNE,TUNING_COHORT,2.30728564282208,YFINANCE:2024-06-06|SEC_COMPANYFACTS:10-Q:2024-04-26:2024-05-02,HISTORICAL_CLOSE_X_SEC_FILED_SHARES,$1B–$3B,HIGH,YFINANCE:2024-06-06|SEC_COMPANYFACTS:10-Q:2024-04-26:2024-05-02,True,1,1,,,,2024 reconstruction used public SEC/FDA/calendar sources; a separate public-only probability is intentionally not fabricated.,APPROVED,Frozen 2025 eight-feature model applied without refit to pre-decision 2024 SEC evidence.
VRNA,2024-06-26,VRNA|2024-06-26|ensifentrine,0.867067380909446,APPROVED,APPROVED,2024_RETRO_PREDECISION_FROZEN_MODEL,RETROSPECTIVE_DEVELOPMENT_NOT_BLIND,1.172,Public historical market-cap reconstruction; nearest predecision trading week,NEAREST_PREDECISION_TRADING_WEEK,$1B–$3B,MEDIUM,PUBLIC_HISTORICAL_MARKET_CAP,True,1,1,,,,Two positive Phase 3 ENHANCE trials and accepted application were public pre-decision.,APPROVED,Frozen 8-feature model; no 2024 refit; outcomes excluded from feature construction; source-count/text-depth inputs neutralized to frozen training means.
RCKT,2024-06-30,RCKT|2024-06-30,0.867538686778072,APPROVED,CRL,2024_FROZEN_PREDECISION_TUNE,TUNING_COHORT,1.9545410651651973,YFINANCE:2024-06-28|SEC_COMPANYFACTS:10-Q:2024-05-01:2024-05-07,HISTORICAL_CLOSE_X_SEC_FILED_SHARES,$1B–$3B,HIGH,YFINANCE:2024-06-28|SEC_COMPANYFACTS:10-Q:2024-05-01:2024-05-07,False,0,1,,,,2024 reconstruction used public SEC/FDA/calendar sources; a separate public-only probability is intentionally not fabricated.,APPROVED,Frozen 2025 eight-feature model applied without refit to pre-decision 2024 SEC evidence.
PHAT,2024-07-19,PHAT|2024-07-19,0.8411612470638666,APPROVED,APPROVED,2024_FROZEN_PREDECISION_TUNE,TUNING_COHORT,0.6544234756035232,YFINANCE:2024-07-18|SEC_COMPANYFACTS:10-Q/A:2024-05-06:2024-06-14,HISTORICAL_CLOSE_X_SEC_FILED_SHARES,$300M–$1B,HIGH,YFINANCE:2024-07-18|SEC_COMPANYFACTS:10-Q/A:2024-05-06:2024-06-14,True,1,1,,,,2024 reconstruction used public SEC/FDA/calendar sources; a separate public-only probability is intentionally not fabricated.,APPROVED,Frozen 2025 eight-feature model applied without refit to pre-decision 2024 SEC evidence.
HUMA,2024-08-10,HUMA|2024-08-10,0.9201429532690903,APPROVED,APPROVED,2024_FROZEN_PREDECISION_TUNE,TUNING_COHORT,0.9419572140591698,YFINANCE:2024-08-09|SEC_COMPANYFACTS:10-Q:2024-05-02:2024-05-13,HISTORICAL_CLOSE_X_SEC_FILED_SHARES,$300M–$1B,HIGH,YFINANCE:2024-08-09|SEC_COMPANYFACTS:10-Q:2024-05-02:2024-05-13,True,1,1,,,,2024 reconstruction used public SEC/FDA/calendar sources; a separate public-only probability is intentionally not fabricated.,APPROVED,Frozen 2025 eight-feature model applied without refit to pre-decision 2024 SEC evidence.
ASND,2024-08-14,ASND|2024-08-14,0.9989864255951649,APPROVED,APPROVED,2024_FROZEN_PREDECISION_TUNE,TUNING_COHORT,7.327113600273651,YFINANCE:2024-08-09|SEC_COMPANYFACTS:20-F:2023-12-31:2024-02-07,HISTORICAL_CLOSE_X_SEC_FILED_SHARES,$3B–$10B,HIGH,YFINANCE:2024-08-09|SEC_COMPANYFACTS:20-F:2023-12-31:2024-02-07,True,1,1,,,,2024 reconstruction used public SEC/FDA/calendar sources; a separate public-only probability is intentionally not fabricated.,APPROVED,Frozen 2025 eight-feature model applied without refit to pre-decision 2024 SEC evidence.
AGIO,2024-08-20,AGIO|2024-08-20,0.9577018043085518,APPROVED,APPROVED,2024_FROZEN_PREDECISION_TUNE,TUNING_COHORT,2.4242163040248106,YFINANCE:2024-08-06|SEC_COMPANYFACTS:10-Q:2024-07-26:2024-08-01,HISTORICAL_CLOSE_X_SEC_FILED_SHARES,$1B–$3B,HIGH,YFINANCE:2024-08-06|SEC_COMPANYFACTS:10-Q:2024-07-26:2024-08-01,True,1,1,,,,2024 reconstruction used public SEC/FDA/calendar sources; a separate public-only probability is intentionally not fabricated.,APPROVED,Frozen 2025 eight-feature model applied without refit to pre-decision 2024 SEC evidence.
SNDX,2024-08-28,SNDX|2024-08-28,0.9868195328606588,APPROVED,APPROVED,2024_FROZEN_PREDECISION_TUNE,TUNING_COHORT,1.666186683147663,YFINANCE:2024-08-14|SEC_COMPANYFACTS:10-Q:2024-07-25:2024-08-01,HISTORICAL_CLOSE_X_SEC_FILED_SHARES,$1B–$3B,HIGH,YFINANCE:2024-08-14|SEC_COMPANYFACTS:10-Q:2024-07-25:2024-08-01,True,1,1,,,,2024 reconstruction used public SEC/FDA/calendar sources; a separate public-only probability is intentionally not fabricated.,APPROVED,Frozen 2025 eight-feature model applied without refit to pre-decision 2024 SEC evidence.
ZVRA,2024-09-21,ZVRA|2024-09-21,0.9876137042219431,APPROVED,APPROVED,2024_FROZEN_PREDECISION_TUNE,TUNING_COHORT,0.4240994014193029,YFINANCE:2024-09-20|SEC_COMPANYFACTS:10-Q:2024-08-12:2024-08-14,HISTORICAL_CLOSE_X_SEC_FILED_SHARES,$300M–$1B,HIGH,YFINANCE:2024-09-20|SEC_COMPANYFACTS:10-Q:2024-08-12:2024-08-14,True,1,1,,,,2024 reconstruction used public SEC/FDA/calendar sources; a separate public-only probability is intentionally not fabricated.,APPROVED,Frozen 2025 eight-feature model applied without refit to pre-decision 2024 SEC evidence.
SPRY,2024-10-02,SPRY|2024-10-02,0.966954262775197,APPROVED,APPROVED,2024_FROZEN_PREDECISION_TUNE,TUNING_COHORT,1.0547247170140868,YFINANCE:2024-08-09|SEC_COMPANYFACTS:10-Q:2024-08-02:2024-08-06,HISTORICAL_CLOSE_X_SEC_FILED_SHARES,$1B–$3B,HIGH,YFINANCE:2024-08-09|SEC_COMPANYFACTS:10-Q:2024-08-02:2024-08-06,True,1,1,,,,2024 reconstruction used public SEC/FDA/calendar sources; a separate public-only probability is intentionally not fabricated.,APPROVED,Frozen 2025 eight-feature model applied without refit to pre-decision 2024 SEC evidence.
PTCT,2024-11-13,PTCT|2024-11-13,0.8999847070038162,APPROVED,APPROVED,2024_FROZEN_PREDECISION_TUNE,TUNING_COHORT,3.3958199521430967,YFINANCE:2024-11-13|SEC_COMPANYFACTS:10-Q:2024-11-05:2024-11-07,HISTORICAL_CLOSE_X_SEC_FILED_SHARES,$3B–$10B,HIGH,YFINANCE:2024-11-13|SEC_COMPANYFACTS:10-Q:2024-11-05:2024-11-07,True,1,1,,,,2024 reconstruction used public SEC/FDA/calendar sources; a separate public-only probability is intentionally not fabricated.,APPROVED,Frozen 2025 eight-feature model applied without refit to pre-decision 2024 SEC evidence.
AUTL,2024-11-16,AUTL|2024-11-16,0.9591402403441277,APPROVED,APPROVED,2024_FROZEN_PREDECISION_TUNE,TUNING_COHORT,0.992532329685349,YFINANCE:2024-11-08|SEC_COMPANYFACTS:10-Q:2024-08-06:2024-08-08,HISTORICAL_CLOSE_X_SEC_FILED_SHARES,$300M–$1B,HIGH,YFINANCE:2024-11-08|SEC_COMPANYFACTS:10-Q:2024-08-06:2024-08-08,True,1,1,,,,2024 reconstruction used public SEC/FDA/calendar sources; a separate public-only probability is intentionally not fabricated.,APPROVED,Frozen 2025 eight-feature model applied without refit to pre-decision 2024 SEC evidence.
APLT,2024-11-28,APLT|2024-11-28|govorestat,0.7601604987550962,APPROVED,CRL,2024_RETRO_PREDECISION_FROZEN_MODEL,RETROSPECTIVE_DEVELOPMENT_NOT_BLIND,1.45,Public historical market-cap reconstruction; nearest predecision trading week,NEAREST_PREDECISION_TRADING_WEEK,$1B–$3B,MEDIUM,PUBLIC_HISTORICAL_MARKET_CAP,False,0,1,,,,Pre-decision package had endpoint/sensitivity-analysis complexity; frozen feature reconstruction does not mark clean primary efficacy success.,APPROVED,Frozen 8-feature model; no 2024 refit; outcomes excluded from feature construction; source-count/text-depth inputs neutralized to frozen training means.
BBIO,2024-11-29,BBIO|2024-11-29,0.9686291796721408,APPROVED,APPROVED,2024_FROZEN_PREDECISION_TUNE,TUNING_COHORT,4.426141177258778,YFINANCE:2024-11-22|SEC_COMPANYFACTS:10-Q:2024-11-05:2024-11-12,HISTORICAL_CLOSE_X_SEC_FILED_SHARES,$3B–$10B,HIGH,YFINANCE:2024-11-22|SEC_COMPANYFACTS:10-Q:2024-11-05:2024-11-12,True,1,1,,,,2024 reconstruction used public SEC/FDA/calendar sources; a separate public-only probability is intentionally not fabricated.,APPROVED,Frozen 2025 eight-feature model applied without refit to pre-decision 2024 SEC evidence.
JAZZ,2024-11-29,JAZZ|2024-11-29,0.8848286678752256,APPROVED,APPROVED,2024_FROZEN_PREDECISION_TUNE,TUNING_COHORT,7.208605420935059,YFINANCE:2024-11-20|SEC_COMPANYFACTS:10-Q:2024-10-31:2024-11-07,HISTORICAL_CLOSE_X_SEC_FILED_SHARES,$3B–$10B,HIGH,YFINANCE:2024-11-20|SEC_COMPANYFACTS:10-Q:2024-10-31:2024-11-07,True,1,1,,,,2024 reconstruction used public SEC/FDA/calendar sources; a separate public-only probability is intentionally not fabricated.,APPROVED,Frozen 2025 eight-feature model applied without refit to pre-decision 2024 SEC evidence.
IONS,2024-12-19,IONS|2024-12-19,0.967113953564164,APPROVED,APPROVED,2024_FROZEN_PREDECISION_TUNE,TUNING_COHORT,5.6195644684232136,YFINANCE:2024-12-19|SEC_COMPANYFACTS:10-Q:2024-10-31:2024-11-06,HISTORICAL_CLOSE_X_SEC_FILED_SHARES,$3B–$10B,HIGH,YFINANCE:2024-12-19|SEC_COMPANYFACTS:10-Q:2024-10-31:2024-11-06,True,1,1,,,,2024 reconstruction used public SEC/FDA/calendar sources; a separate public-only probability is intentionally not fabricated.,APPROVED,Frozen 2025 eight-feature model applied without refit to pre-decision 2024 SEC evidence.
ZEAL,2024-12-22,ZEAL|2024-12-22|glepaglutide,0.9127722846817821,APPROVED,CRL,2024_RETRO_PREDECISION_FROZEN_MODEL,RETROSPECTIVE_DEVELOPMENT_NOT_BLIND,7.7,Public historical market-cap reconstruction; nearest predecision trading week,NEAREST_PREDECISION_TRADING_WEEK,$3B–$10B,MEDIUM,PUBLIC_HISTORICAL_MARKET_CAP,False,0,1,,,,"EASE-1 benefit was public, but the eventual CRL found the to-be-marketed dose lacked substantial evidence for efficacy and safety.",APPROVED,Frozen 8-feature model; no 2024 refit; outcomes excluded from feature construction; source-count/text-depth inputs neutralized to frozen training means.
SNDX,2024-12-26,SNDX|2024-12-26,0.9878090068955516,APPROVED,APPROVED,2024_FROZEN_PREDECISION_TUNE,TUNING_COHORT,1.3470753406476632,YFINANCE:2024-11-15|SEC_COMPANYFACTS:10-Q:2024-07-25:2024-08-01,HISTORICAL_CLOSE_X_SEC_FILED_SHARES,$1B–$3B,HIGH,YFINANCE:2024-11-15|SEC_COMPANYFACTS:10-Q:2024-07-25:2024-08-01,True,1,1,,,,2024 reconstruction used public SEC/FDA/calendar sources; a separate public-only probability is intentionally not fabricated.,APPROVED,Frozen 2025 eight-feature model applied without refit to pre-decision 2024 SEC evidence.
NVAX,2025-04-01,NVAX|2025-04-01,0.8373878560385029,APPROVED,APPROVED,2025_EXTERNAL_BLIND,EXTERNAL_HOLDOUT,0.965065182,/content/drive/MyDrive/PDUFA Research & Learning/PDUFA Prediction Training & Validation/LEVEL17_2025_FULL_YEAR_V2/LEVEL_11_MARKET_CAP/2025_L11_HISTORICAL_MARKET_CAP_ALL_EVENTS.csv,EXACT_EVENT_KEY,$300M–$1B,,,True,1,1,0.92,,APPROVED,Robust Phase 3 BLA; no disclosed blocking deficiency at cutoff; postmarketing-data discussion rather than approvability failure.,,
LQDA,2025-05-24,LQDA|2025-05-24,0.9859101836328105,APPROVED,APPROVED,2025_AUDIT_REPAIR_FROZEN_MODEL,RETROSPECTIVE_AUDIT_REPAIR_NOT_BLIND,1.3121874913597584,YFINANCE:2025-05-23|SEC_COMPANYFACTS:10-Q:2025-05-01:2025-05-08,HISTORICAL_CLOSE_X_SEC_FILED_SHARES,$1B–$3B,HIGH,YFINANCE:2025-05-23|SEC_COMPANYFACTS:10-Q:2025-05-01:2025-05-08,True,1,1,,,,Audit repair reconstructed retrospectively from SEC evidence filed on or before 2025-05-22; frozen 2025 model reused without refit; outcome evidence was joined only after the score was frozen. This is not a blind prediction.,APPROVED,Frozen 2025 eight-feature model applied without refit during 48-row audit repair.
ETON,2025-05-28,ETON|2025-05-28,0.7164553622060778,APPROVED,APPROVED,2025_AUDIT_REPAIR_FROZEN_MODEL,RETROSPECTIVE_AUDIT_REPAIR_NOT_BLIND,0.5384961007539845,YFINANCE:2025-05-28|SEC_COMPANYFACTS:10-Q:2025-05-09:2025-05-13,HISTORICAL_CLOSE_X_SEC_FILED_SHARES,$300M–$1B,HIGH,YFINANCE:2025-05-28|SEC_COMPANYFACTS:10-Q:2025-05-09:2025-05-13,True,1,1,,,,Audit repair reconstructed retrospectively from SEC evidence filed on or before 2025-05-27; frozen 2025 model reused without refit; outcome evidence was joined only after the score was frozen. This is not a blind prediction.,APPROVED,Frozen 2025 eight-feature model applied without refit during 48-row audit repair.
UNCY,2025-06-28,UNCY|2025-06-28,0.9099549716733132,APPROVED,CRL,2025_EXTERNAL_BLIND,EXTERNAL_HOLDOUT,0.8202791338082094,/content/drive/MyDrive/PDUFA Research & Learning/PDUFA Prediction Training & Validation/LEVEL17_2025_FULL_YEAR_V2/LEVEL_11_MARKET_CAP/2025_L11_HISTORICAL_MARKET_CAP_ALL_EVENTS.csv,EXACT_EVENT_KEY,$300M–$1B,,,False,0,1,0.05,,CRL,FDA publicly identified cGMP deficiencies at third-party manufacturing vendor and precluded label discussions before PDUFA.,,
TNXP,2025-08-15,TNXP|2025-08-15,0.9999961578233632,APPROVED,APPROVED,2025_EXTERNAL_BLIND,EXTERNAL_HOLDOUT,0.4501287462243042,/content/drive/MyDrive/PDUFA Research & Learning/PDUFA Prediction Training & Validation/LEVEL17_2025_FULL_YEAR_V2/LEVEL_11_MARKET_CAP/2025_L11_HISTORICAL_MARKET_CAP_ALL_EVENTS.csv,EXACT_EVENT_KEY,$300M–$1B,,,True,1,1,0.98,,APPROVED,Accepted NDA; Fast Track; two statistically significant Phase 3 trials with no new safety signal.,,
CAPR,2025-08-31,CAPR|2025-08-31,0.8842227128513317,APPROVED,CRL,2025_AUDIT_REPAIR_FROZEN_MODEL,RETROSPECTIVE_AUDIT_REPAIR_NOT_BLIND,0.34920773105734776,YFINANCE:2025-07-11|SEC_COMPANYFACTS:10-Q:2025-05-13:2025-05-14,HISTORICAL_CLOSE_X_SEC_FILED_SHARES,$300M–$1B,HIGH,YFINANCE:2025-07-11|SEC_COMPANYFACTS:10-Q:2025-05-13:2025-05-14,False,0,1,,,,Audit repair reconstructed retrospectively from SEC evidence filed on or before 2025-07-10; frozen 2025 model reused without refit; outcome evidence was joined only after the score was frozen. This is not a blind prediction.,APPROVED,Frozen 2025 eight-feature model applied without refit during 48-row audit repair.
BCRX,2025-12-12,BCRX|2025-12-12,0.8849869870920466,APPROVED,APPROVED,2025_EXTERNAL_BLIND,EXTERNAL_HOLDOUT,1.5938122418221397,/content/drive/MyDrive/PDUFA Research & Learning/PDUFA Prediction Training & Validation/LEVEL17_2025_FULL_YEAR_V2/LEVEL_11_MARKET_CAP/2025_L11_HISTORICAL_MARKET_CAP_ALL_EVENTS.csv,EXACT_EVENT_KEY,$1B–$3B,,,True,1,1,0.95,,APPROVED,Approved parent product; pediatric oral formulation supported by sustained pediatric HAE data; no blocking public deficiency.,,
CYTK,2025-12-26,CYTK|2025-12-26,0.9975864153520597,APPROVED,APPROVED,2025_AUDIT_REPAIR_FROZEN_MODEL,RETROSPECTIVE_AUDIT_REPAIR_NOT_BLIND,7.668456496129181,YFINANCE:2025-12-19|SEC_COMPANYFACTS:10-Q:2025-11-03:2025-11-05,HISTORICAL_CLOSE_X_SEC_FILED_SHARES,$3B–$10B,HIGH,YFINANCE:2025-12-19|SEC_COMPANYFACTS:10-Q:2025-11-03:2025-11-05,True,1,1,,,,Audit repair reconstructed retrospectively from SEC evidence filed on or before 2025-12-18; frozen 2025 model reused without refit; outcome evidence was joined only after the score was frozen. This is not a blind prediction.,APPROVED,Frozen 2025 eight-feature model applied without refit during 48-row audit repair.
CORT,2025-12-30,CORT|2025-12-30,0.9469792582525952,APPROVED,CRL,2025_EXTERNAL_BLIND,EXTERNAL_HOLDOUT,7.384212512391037,,NO_RELIABLE_HISTORICAL_CAP,$3B–$10B,MEDIUM,HISTORICAL_PRICE_X_SEC_SHARES,False,0,1,0.5,,REVIEW,Mixed public efficacy architecture: enriched withdrawal pivotal design and GRADIENT hypertension comparison not statistically significant; abstain.,CRL,Decision-safe internal override: confirmatory GRADIENT hypertension comparison versus placebo was not statistically significant; pivotal GRACE used an enriched randomized-withdrawal design. Treat replication/effectiveness sufficiency as high CRL risk despite high raw I App.
VNDA,2025-12-30,VNDA|2025-12-30,0.9732143151762288,APPROVED,APPROVED,2025_EXTERNAL_BLIND,EXTERNAL_HOLDOUT,0.4154493212989664,,NO_RELIABLE_HISTORICAL_CAP,$300M–$1B,MEDIUM,HISTORICAL_PRICE_X_SEC_SHARES,True,1,1,0.95,,APPROVED,Accepted NDA; active FDA labeling discussions and collaborative review framework immediately before PDUFA.,,
RGNX,2026-02-08,RGNX|2026-02-08|rgx-121 seeking accelerated approval was submitted to the fda in march 2025,0.888698718160962,APPROVED,CRL,2026_AUDIT_REPAIR_FROZEN_MODEL,RETROSPECTIVE_AUDIT_REPAIR_NOT_BLIND,0.522936474517765,YFINANCE:2026-02-06|SEC_COMPANYFACTS:10-Q:2025-10-31:2025-11-06,HISTORICAL_CLOSE_X_SEC_FILED_SHARES,$300M–$1B,HIGH,YFINANCE:2026-02-06|SEC_COMPANYFACTS:10-Q:2025-10-31:2025-11-06,False,0,1,,,,Audit repair reconstructed retrospectively from SEC evidence filed on or before 2026-02-06; frozen 2025 model reused without refit; outcome evidence was joined only after the score was frozen. This is not a blind prediction.,APPROVED,Frozen 2025 eight-feature model applied without refit during 48-row audit repair.
VNDA,2026-02-21,VNDA|2026-02-21|bysanti,0.936299071602987,APPROVED,APPROVED,2026_AUDIT_REPAIR_FROZEN_MODEL,RETROSPECTIVE_AUDIT_REPAIR_NOT_BLIND,0.3404622663287544,YFINANCE:2026-02-20|SEC_COMPANYFACTS:10-K:2026-02-05:2026-02-12,HISTORICAL_CLOSE_X_SEC_FILED_SHARES,$300M–$1B,HIGH,YFINANCE:2026-02-20|SEC_COMPANYFACTS:10-K:2026-02-05:2026-02-12,True,1,1,,,,Audit repair reconstructed retrospectively from SEC evidence filed on or before 2026-02-19; frozen 2025 model reused without refit; outcome evidence was joined only after the score was frozen. This is not a blind prediction.,APPROVED,Frozen 2025 eight-feature model applied without refit during 48-row audit repair.
ETON,2026-02-25,ETON|2026-02-25|et-600,0.8059811510792333,APPROVED,APPROVED,2026_JAN_SEP_MODEL_DEVELOPMENT,IN_SAMPLE_NOT_EXTERNAL_VALIDATION,0.47332948251992224,,NO_RELIABLE_HISTORICAL_CAP,$300M–$1B,MEDIUM,HISTORICAL_PRICE_X_SEC_SHARES,True,1,1,0.93,,APPROVED,Accepted NDA for pediatric desmopressin oral solution addressing dosing need; no disclosed blocking deficiency.,,
ALDX,2026-03-16,ALDX|2026-03-16|reproxalap,0.2862393507919222,CRL,CRL,2026_JAN_SEP_MODEL_DEVELOPMENT,IN_SAMPLE_NOT_EXTERNAL_VALIDATION,0.3194643211874585,/content/drive/MyDrive/PDUFA Research & Learning/PDUFA Prediction Training & Validation/LEVEL17_2025_FULL_YEAR_V2/LEVEL_11_MARKET_CAP/2025_L11_HISTORICAL_MARKET_CAP_ALL_EVENTS.csv,NEAREST_TICKER_RECORD_90D,$300M–$1B,,,True,0,0,0.05,,CRL,Multiple prior CRLs for efficacy; FDA requested added field-trial CSR and extended review; public efficacy inconsistency risk remained high.,,
RYTM,2026-03-20,RYTM|2026-03-20|obesity,0.8416770437833243,APPROVED,APPROVED,2026_JAN_SEP_MODEL_DEVELOPMENT,IN_SAMPLE_NOT_EXTERNAL_VALIDATION,5.971526452160599,,NO_RELIABLE_HISTORICAL_CAP,$3B–$10B,HIGH,HISTORICAL_PRICE_X_SEC_SHARES,True,1,1,0.97,,APPROVED,Commercial setmelanotide franchise plus strongly positive Phase 3 TRANSCEND data before PDUFA.,,
RCKT,2026-03-28,RCKT|2026-03-28|kresladi,0.772009671461318,APPROVED,APPROVED,2026_AUDIT_REPAIR_FROZEN_MODEL,RETROSPECTIVE_AUDIT_REPAIR_NOT_BLIND,0.5091892868823762,YFINANCE:2026-03-26|SEC_COMPANYFACTS:10-K:2026-02-20:2026-02-26,HISTORICAL_CLOSE_X_SEC_FILED_SHARES,$300M–$1B,HIGH,YFINANCE:2026-03-26|SEC_COMPANYFACTS:10-K:2026-02-20:2026-02-26,True,1,1,,,,Audit repair reconstructed retrospectively from SEC evidence filed on or before 2026-03-25; frozen 2025 model reused without refit; outcome evidence was joined only after the score was frozen. This is not a blind prediction.,APPROVED,Frozen 2025 eight-feature model applied without refit during 48-row audit repair.
DNLI,2026-04-05,DNLI|2026-04-05|tividenofusp-alfa,0.790701805947174,APPROVED,APPROVED,2026_AUDIT_REPAIR_FROZEN_MODEL,RETROSPECTIVE_AUDIT_REPAIR_NOT_BLIND,3.325663457373865,YFINANCE:2026-03-24|SEC_COMPANYFACTS:10-K:2026-02-20:2026-02-26,HISTORICAL_CLOSE_X_SEC_FILED_SHARES,$3B–$10B,HIGH,YFINANCE:2026-03-24|SEC_COMPANYFACTS:10-K:2026-02-20:2026-02-26,True,1,1,,,,Audit repair reconstructed retrospectively from SEC evidence filed on or before 2026-03-23; frozen 2025 model reused without refit; outcome evidence was joined only after the score was frozen. This is not a blind prediction.,APPROVED,Frozen 2025 eight-feature model applied without refit during 48-row audit repair.
TVTX,2026-04-13,TVTX|2026-04-13|glomerulosclerosis,0.9669522772036936,APPROVED,APPROVED,2026_JAN_SEP_MODEL_DEVELOPMENT,IN_SAMPLE_NOT_EXTERNAL_VALIDATION,2.831815655374718,,NO_RELIABLE_HISTORICAL_CAP,$1B–$3B,HIGH,HISTORICAL_PRICE_X_SEC_SHARES,True,1,1,0.93,,APPROVED,Existing approved FILSPARI franchise; FDA extension tied to characterization of benefit with no new safety/manufacturing request.,,
MNKD,2026-05-29,MNKD|2026-05-29|sbla,0.6814547337792491,APPROVED,APPROVED,2026_JAN_SEP_MODEL_DEVELOPMENT,IN_SAMPLE_NOT_EXTERNAL_VALIDATION,1.1647421199272432,,NO_RELIABLE_HISTORICAL_CAP,$1B–$3B,HIGH,HISTORICAL_PRICE_X_SEC_SHARES,True,1,1,0.95,,APPROVED,Existing approved Afrezza; pediatric sBLA supported by Phase 3 INHALE-1 and extensive prior safety/efficacy experience.,,
ARVN,2026-06-05,ARVN|2026-06-05|vepdegestrant,0.985431201964179,APPROVED,APPROVED,2026_AUDIT_REPAIR_FROZEN_MODEL,RETROSPECTIVE_AUDIT_REPAIR_NOT_BLIND,0.6722300931095104,YFINANCE:2026-05-01|SEC_COMPANYFACTS:10-K:2026-02-20:2026-02-24,HISTORICAL_CLOSE_X_SEC_FILED_SHARES,$300M–$1B,HIGH,YFINANCE:2026-05-01|SEC_COMPANYFACTS:10-K:2026-02-20:2026-02-24,True,1,1,,,,Audit repair reconstructed retrospectively from SEC evidence filed on or before 2026-04-30; frozen 2025 model reused without refit; outcome evidence was joined only after the score was frozen. This is not a blind prediction.,APPROVED,Frozen 2025 eight-feature model applied without refit during 48-row audit repair.
ARQT,2026-06-29,ARQT|2026-06-29|treatment,0.8186932509368361,APPROVED,APPROVED,2026_JAN_SEP_MODEL_DEVELOPMENT,IN_SAMPLE_NOT_EXTERNAL_VALIDATION,3.3472311168693123,,NO_RELIABLE_HISTORICAL_CAP,$3B–$10B,HIGH,HISTORICAL_PRICE_X_SEC_SHARES,True,1,1,0.97,,APPROVED,Existing ZORYVE franchise with multiple prior approvals; pediatric label expansion accepted with no disclosed blocking issue.,,
LNTH,2026-06-29,LNTH|2026-06-29|lnth-2501,0.8583740965623631,APPROVED,CRL,2026_AUDIT_REPAIR_FROZEN_MODEL,RETROSPECTIVE_AUDIT_REPAIR_NOT_BLIND,7.148648002287994,YFINANCE:2026-06-26|SEC_COMPANYFACTS:10-Q:2026-05-01:2026-05-07,HISTORICAL_CLOSE_X_SEC_FILED_SHARES,$3B–$10B,HIGH,YFINANCE:2026-06-26|SEC_COMPANYFACTS:10-Q:2026-05-01:2026-05-07,False,0,1,,,,Audit repair reconstructed retrospectively from SEC evidence filed on or before 2026-06-25; frozen 2025 model reused without refit; outcome evidence was joined only after the score was frozen. This is not a blind prediction.,APPROVED,Frozen 2025 eight-feature model applied without refit during 48-row audit repair.
VRDN,2026-06-30,VRDN|2026-06-30|veligrotug to the fda in october 2025,0.9134645699354944,APPROVED,APPROVED,2026_AUDIT_REPAIR_FROZEN_MODEL,RETROSPECTIVE_AUDIT_REPAIR_NOT_BLIND,1.8450378066801072,YFINANCE:2026-06-26|SEC_COMPANYFACTS:10-Q:2026-05-01:2026-05-05,HISTORICAL_CLOSE_X_SEC_FILED_SHARES,$1B–$3B,HIGH,YFINANCE:2026-06-26|SEC_COMPANYFACTS:10-Q:2026-05-01:2026-05-05,True,1,1,,,,Audit repair reconstructed retrospectively from SEC evidence filed on or before 2026-06-25; frozen 2025 model reused without refit; outcome evidence was joined only after the score was frozen. This is not a blind prediction.,APPROVED,Frozen 2025 eight-feature model applied without refit during 48-row audit repair.
MNKD,2026-07-26,MNKD|2026-07-26|sbla,0.8153936704219096,APPROVED,APPROVED,2026_AUDIT_REPAIR_FROZEN_MODEL,RETROSPECTIVE_AUDIT_REPAIR_NOT_BLIND,1.2018161781501622,YFINANCE:2026-07-23|SEC_COMPANYFACTS:10-Q:2026-04-24:2026-05-06,HISTORICAL_CLOSE_X_SEC_FILED_SHARES,$1B–$3B,HIGH,YFINANCE:2026-07-23|SEC_COMPANYFACTS:10-Q:2026-04-24:2026-05-06,True,1,1,,,,Audit repair reconstructed retrospectively from SEC evidence filed on or before 2026-07-22; frozen 2025 model reused without refit; outcome evidence was joined only after the score was frozen. This is not a blind prediction.,APPROVED,Frozen 2025 eight-feature model applied without refit during 48-row audit repair.
LNTH,2026-08-13,LNTH|2026-08-13|mk-6240,0.1787783473827229,CRL,APPROVED,2026_JAN_SEP_MODEL_DEVELOPMENT,IN_SAMPLE_NOT_EXTERNAL_VALIDATION,6.5885930862163695,,NO_RELIABLE_HISTORICAL_CAP,$3B–$10B,HIGH,HISTORICAL_PRICE_X_SEC_SHARES,False,1,0,0.96,,APPROVED,FDA-accepted NDA; Fast Track diagnostic agent; strong public registrational imaging evidence and no disclosed blocking deficiency.,,
RARE,2026-08-23,RARE|2026-08-23|dtx401,0.7064160652885361,APPROVED,APPROVED,2026_AUDIT_REPAIR_FROZEN_MODEL,RETROSPECTIVE_AUDIT_REPAIR_NOT_BLIND,2.5869720049547977,YFINANCE:2026-08-19|SEC_COMPANYFACTS:10-Q:2026-07-31:2026-08-05,HISTORICAL_CLOSE_X_SEC_FILED_SHARES,$1B–$3B,HIGH,YFINANCE:2026-08-19|SEC_COMPANYFACTS:10-Q:2026-07-31:2026-08-05,True,1,1,,,,Audit repair reconstructed retrospectively from SEC evidence filed on or before 2026-08-18; frozen 2025 model reused without refit; outcome evidence was joined only after the score was frozen. This is not a blind prediction.,APPROVED,Frozen 2025 eight-feature model applied without refit during 48-row audit repair.
ZYME,2026-08-25,ZYME|2026-08-25|tevimbra,0.594633640694663,APPROVED,APPROVED,2026_JAN_SEP_MODEL_DEVELOPMENT,IN_SAMPLE_NOT_EXTERNAL_VALIDATION,1.949250301546156,,NO_RELIABLE_HISTORICAL_CAP,$1B–$3B,HIGH,HISTORICAL_PRICE_X_SEC_SHARES,True,1,1,0.97,,APPROVED,"Strong Phase 3 first-line HER2+ GEA evidence, existing zanidatamab franchise approval, accepted PDUFA submission.",,
TLX,2026-09-11,TLX|2026-09-11|tlx101-px,0.9661811181767476,APPROVED,APPROVED,2026_AUDIT_REPAIR_FROZEN_MODEL,RETROSPECTIVE_AUDIT_REPAIR_NOT_BLIND,3.8247928702866814,YFINANCE:2026-09-11|SEC_COMPANYFACTS:20-F/A:2025-12-31:2026-03-20,HISTORICAL_CLOSE_X_SEC_FILED_SHARES,$3B–$10B,HIGH,YFINANCE:2026-09-11|SEC_COMPANYFACTS:20-F/A:2025-12-31:2026-03-20,True,1,1,,,,Audit repair reconstructed retrospectively from SEC evidence filed on or before 2026-09-10; frozen 2025 model reused without refit; outcome evidence was joined only after the score was frozen. This is not a blind prediction.,APPROVED,Frozen 2025 eight-feature model applied without refit during 48-row audit repair.
IONS,2026-09-22,IONS|2026-09-22|alexander,0.9589724116332401,APPROVED,APPROVED,2026_AUDIT_REPAIR_FROZEN_MODEL,RETROSPECTIVE_AUDIT_REPAIR_NOT_BLIND,9.660294815364006,YFINANCE:2026-09-03|SEC_COMPANYFACTS:10-Q:2026-07-23:2026-07-29,HISTORICAL_CLOSE_X_SEC_FILED_SHARES,$3B–$10B,HIGH,YFINANCE:2026-09-03|SEC_COMPANYFACTS:10-Q:2026-07-23:2026-07-29,True,1,1,,,,Audit repair reconstructed retrospectively from SEC evidence filed on or before 2026-09-02; frozen 2025 model reused without refit; outcome evidence was joined only after the score was frozen. This is not a blind prediction.,APPROVED,Frozen 2025 eight-feature model applied without refit during 48-row audit repair.
SRRK,2026-09-30,SRRK|2026-09-30|apitegromab,0.8919326759608349,APPROVED,APPROVED,2026_AUDIT_REPAIR_FROZEN_MODEL,RETROSPECTIVE_AUDIT_REPAIR_NOT_BLIND,6.748122457037041,YFINANCE:2026-09-11|SEC_COMPANYFACTS:10-Q:2026-08-03:2026-08-06,HISTORICAL_CLOSE_X_SEC_FILED_SHARES,$3B–$10B,HIGH,YFINANCE:2026-09-11|SEC_COMPANYFACTS:10-Q:2026-08-03:2026-08-06,True,1,1,,,,Audit repair reconstructed retrospectively from SEC evidence filed on or before 2026-09-10; frozen 2025 model reused without refit; outcome evidence was joined only after the score was frozen. This is not a blind prediction.,APPROVED,Frozen 2025 eight-feature model applied without refit during 48-row audit repair.
