event_key,ticker,pdufa_date,efficacy_positive,safety_risk,cmc_risk,reg_positive,adcom,prior_crl,predecision_source_count_model_input,predecision_text_chars_model_input,p_approval,model_class,historical_market_cap_billions,market_cap_bucket,actual_outcome,correct,status
EPZM|2020-01-23|tazemetostat,EPZM,2020-01-23,1,0,0,1,0,0,9.347222222222221,36032.944444444445,0.867067380909446,APPROVED,1.7,$1B–$3B,APPROVED,True,INCLUDED_2020_300M_10B
AIMT|2020-01-31|palforzia,AIMT,2020-01-31,1,1,0,1,1,0,9.347222222222221,36032.944444444445,0.992306368883472,APPROVED,1.95,$1B–$3B,APPROVED,True,INCLUDED_2020_300M_10B
ESPR|2020-02-21|bempedoic-acid,ESPR,2020-02-21,1,0,0,1,0,0,9.347222222222221,36032.944444444445,0.867067380909446,APPROVED,1.55,$1B–$3B,APPROVED,True,INCLUDED_2020_300M_10B
ESPR|2020-02-26|bempedoic-acid-ezetimibe,ESPR,2020-02-26,1,0,0,1,0,0,9.347222222222221,36032.944444444445,0.867067380909446,APPROVED,1.55,$1B–$3B,APPROVED,True,INCLUDED_2020_300M_10B
ZGNX|2020-06-25|fenfluramine,ZGNX,2020-06-25,1,1,0,1,0,0,9.347222222222221,36032.944444444445,0.9216911384273644,APPROVED,1.65,$1B–$3B,APPROVED,True,INCLUDED_2020_300M_10B
HRTX|2020-06-26|htx-011,HRTX,2020-06-26,1,0,0,1,0,0,9.347222222222221,36032.944444444445,0.867067380909446,APPROVED,1.45,$1B–$3B,CRL,False,INCLUDED_2020_300M_10B
RARE|2020-06-30|triheptanoin,RARE,2020-06-30,1,0,0,1,0,0,9.347222222222221,36032.944444444445,0.867067380909446,APPROVED,4,$3B–$10B,APPROVED,True,INCLUDED_2020_300M_10B
DBVT|2020-08-03|viaskin-peanut,DBVT,2020-08-03,0,0,0,0,0,0,9.347222222222221,36032.944444444445,0.8356552294741838,APPROVED,0.382,$300M–$1B,CRL,False,INCLUDED_2020_300M_10B
KALA|2020-10-30|loteprednol-etabonate,KALA,2020-10-30,1,0,0,1,0,1,9.347222222222221,36032.944444444445,0.4977682123032028,CRL,0.37,$300M–$1B,APPROVED,False,INCLUDED_2020_300M_10B
SUPN|2020-11-08|viloxazine,SUPN,2020-11-08,1,0,0,1,0,0,9.347222222222221,36032.944444444445,0.867067380909446,APPROVED,1.3,$1B–$3B,CRL,False,INCLUDED_2020_300M_10B
ALKS|2020-11-15|olanzapine-samidorphan,ALKS,2020-11-15,1,0,0,1,0,0,9.347222222222221,36032.944444444445,0.867067380909446,APPROVED,2.9,$1B–$3B,CRL,False,INCLUDED_2020_300M_10B
EIGR|2020-11-20|lonafarnib,EIGR,2020-11-20,1,0,0,1,0,0,9.347222222222221,36032.944444444445,0.867067380909446,APPROVED,0.4,$300M–$1B,APPROVED,True,INCLUDED_2020_300M_10B
RYTM|2020-11-27|setmelanotide,RYTM,2020-11-27,1,0,0,1,0,0,9.347222222222221,36032.944444444445,0.867067380909446,APPROVED,1.3,$1B–$3B,APPROVED,True,INCLUDED_2020_300M_10B
YMAB|2020-11-30|naxitamab,YMAB,2020-11-30,1,1,0,1,0,0,9.347222222222221,36032.944444444445,0.9216911384273644,APPROVED,2,$1B–$3B,APPROVED,True,INCLUDED_2020_300M_10B
VNDA|2020-12-01|tasimelteon-sms,VNDA,2020-12-01,1,0,0,1,0,0,9.347222222222221,36032.944444444445,0.867067380909446,APPROVED,0.7,$300M–$1B,APPROVED,True,INCLUDED_2020_300M_10B
BCRX|2020-12-03|berotralstat,BCRX,2020-12-03,1,0,0,1,0,0,9.347222222222221,36032.944444444445,0.867067380909446,APPROVED,1.2,$1B–$3B,APPROVED,True,INCLUDED_2020_300M_10B
KPTI|2020-12-18|selinexor-mm,KPTI,2020-12-18,1,1,0,1,0,0,9.347222222222221,36032.944444444445,0.9216911384273644,APPROVED,1.1,$1B–$3B,APPROVED,True,INCLUDED_2020_300M_10B
MGNX|2020-12-18|margetuximab,MGNX,2020-12-18,1,1,0,1,0,0,9.347222222222221,36032.944444444445,0.9216911384273644,APPROVED,1.8,$1B–$3B,APPROVED,True,INCLUDED_2020_300M_10B
MYOV|2020-12-20|relugolix,MYOV,2020-12-20,1,0,0,1,0,0,9.347222222222221,36032.944444444445,0.867067380909446,APPROVED,2,$1B–$3B,APPROVED,True,INCLUDED_2020_300M_10B
VIE|2020-06-11|inebilizumab,VIE,2020-06-11,1,0,0,1,0,0,9.347222222222221,36032.944444444445,0.867067380909446,APPROVED,2,$1B–$3B,APPROVED,True,INCLUDED_2020_300M_10B
