event_key,ticker,pdufa_date,orphan_drug,no_available_therapy,serious_condition,life_threatening,fast_track,breakthrough_therapy,priority_review,accelerated_approval,rmat,qidp,rare_pediatric_disease,priority_review_voucher,rolling_review,rtor,project_orbis,spa,designation_audit_status,designation_source_url,designation_evidence_note
LGND|2024-01-05,LGND,2024-01-05,,,,,,,,,,,,,,,,,SCANNED_NO_POSITIVE_VERIFIED,,
IOVA|2024-02-24,IOVA,2024-02-24,YES,,,,YES,,YES,YES,YES,,,,,,,,VERIFIED_POSITIVE,https://www.fda.gov/,"Lifileucel/Amtagvi: orphan, Fast Track, Priority Review, Accelerated Approval and RMAT."
MDGL|2024-03-14,MDGL,2024-03-14,,,,,YES,YES,YES,YES,,,,,,,,,VERIFIED_POSITIVE,https://www.fda.gov/files/drugs/published/new-drug-therapy-2025-annual-report.pdf,"Resmetirom/Rezdiffra: Fast Track, Breakthrough Therapy, Priority Review and Accelerated Approval."
AKBA|2024-03-27,AKBA,2024-03-27,,,,,,,,,,,,,,,,,SCANNED_NO_POSITIVE_VERIFIED,,
CRSP|2024-03-30,CRSP,2024-03-30,,,,,,,,,,,,,,,,,SCANNED_NO_POSITIVE_VERIFIED,,
SUPN|2024-04-05,SUPN,2024-04-05,,,,,,,,,,,,,,,,,SCANNED_NO_POSITIVE_VERIFIED,,
IBRX|2024-04-23,IBRX,2024-04-23,,,,,YES,YES,,,,,,,,,,,VERIFIED_POSITIVE,https://www.fda.gov/files/drugs/published/new-drug-therapy-2025-annual-report.pdf,Anktiva: Fast Track and Breakthrough Therapy.
GERN|2024-06-16,GERN,2024-06-16,YES,,,,YES,,,,,,,,,,,,VERIFIED_POSITIVE,https://www.fda.gov/files/drugs/published/new-drug-therapy-2025-annual-report.pdf,Imetelstat/Rytelo: orphan and Fast Track.
RCKT|2024-06-30,RCKT,2024-06-30,YES,,,,YES,,YES,,YES,,YES,,,,,,VERIFIED_POSITIVE,https://www.sec.gov/Archives/edgar/data/1281895/000119312526342348/rckt-20260630.htm,"Marnetegragene autotemcel/Kresladi original BLA: orphan, Fast Track, Priority Review, RMAT and Rare Pediatric Disease."
PHAT|2024-07-19,PHAT,2024-07-19,,,,,,,,,,,,,,,,,SCANNED_NO_POSITIVE_VERIFIED,,
HUMA|2024-08-10,HUMA,2024-08-10,,,,,,,,,,,,,,,,,SCANNED_NO_POSITIVE_VERIFIED,,
ASND|2024-08-14,ASND,2024-08-14,YES,,,,,,YES,,,,,,,,,,VERIFIED_POSITIVE,https://www.fda.gov/files/drugs/published/new-drug-therapy-2025-annual-report.pdf,Palopegteriparatide/Yorvipath: orphan and Priority Review.
AGIO|2024-08-20,AGIO,2024-08-20,YES,,,,YES,YES,YES,,,,,,,,YES,,VERIFIED_POSITIVE,https://www.fda.gov/,"Vorasidenib/Voranigo: orphan, Fast Track, Breakthrough Therapy, Priority Review and Project Orbis."
SNDX|2024-08-28,SNDX,2024-08-28,YES,,,,YES,,YES,,,,,,,,,,VERIFIED_POSITIVE,https://www.fda.gov/files/drugs/published/new-drug-therapy-2025-annual-report.pdf,"Axatilimab/Niktimvo: orphan, Fast Track and Priority Review."
ZVRA|2024-09-21,ZVRA,2024-09-21,YES,,,,YES,YES,YES,,,,YES,,,,,,VERIFIED_POSITIVE,https://www.fda.gov/files/drugs/published/new-drug-therapy-2025-annual-report.pdf,"Arimoclomol/Miplyffa: orphan, Fast Track, Breakthrough Therapy, Priority Review and Rare Pediatric Disease."
SPRY|2024-10-02,SPRY,2024-10-02,,,,,,,,,,,,,,,,,SCANNED_NO_POSITIVE_VERIFIED,,
PTCT|2024-11-13,PTCT,2024-11-13,YES,,,,,,,YES,YES,,YES,YES,,,,,VERIFIED_POSITIVE,https://www.fda.gov/,"Eladocagene exuparvovec/Kebilidi: orphan, Accelerated Approval, RMAT, Rare Pediatric Disease and PRV publicly documented."
AUTL|2024-11-16,AUTL,2024-11-16,,,,,,,,,,,,,,,,,SCANNED_NO_POSITIVE_VERIFIED,,
BBIO|2024-11-29,BBIO,2024-11-29,YES,,,,,,,,,,,,,,,,VERIFIED_POSITIVE,https://www.fda.gov/files/drugs/published/new-drug-therapy-2025-annual-report.pdf,Acoramidis/Attruby: orphan designation.
JAZZ|2024-11-29,JAZZ,2024-11-29,YES,,,,YES,YES,YES,YES,,,,,,,,,VERIFIED_POSITIVE,https://www.fda.gov/files/drugs/published/new-drug-therapy-2025-annual-report.pdf,"Zanidatamab/Ziihera: orphan, Fast Track, Breakthrough Therapy, Priority Review and Accelerated Approval."
IONS|2024-12-19,IONS,2024-12-19,YES,,,,YES,YES,YES,,,,,,,,,,VERIFIED_POSITIVE,https://www.fda.gov/files/drugs/published/new-drug-therapy-2025-annual-report.pdf,"Olezarsen/Tryngolza: orphan, Fast Track, Breakthrough Therapy and Priority Review."
SNDX|2024-12-26,SNDX,2024-12-26,YES,,,,YES,YES,YES,,,,,,,,,,VERIFIED_POSITIVE,https://www.fda.gov/files/drugs/published/new-drug-therapy-2025-annual-report.pdf,"Revumenib/Revuforj: orphan, Fast Track, Breakthrough Therapy and Priority Review."
ETON|2025-02-06,ETON,2025-02-06,,,,,,,,,,,,,,,,,SCANNED_NO_POSITIVE_VERIFIED,,
ETON|2025-02-28,ETON,2025-02-28,,,,,,,,,,,,,,,,,SCANNED_NO_POSITIVE_VERIFIED,,
CAPR|2025-03-04,CAPR,2025-03-04,YES,,,,,,YES,,YES,,YES,,,,,,VERIFIED_POSITIVE,https://www.sec.gov/Archives/edgar/data/1133869/000155837025002097/capr-20250304xex99d1.htm,"Deramiocel: orphan, Priority Review, RMAT and Rare Pediatric Disease. Row date is an announcement date, but designation identity is clear."
LQDA|2025-03-28,LQDA,2025-03-28,,,,,,,,,,,,,,,,,SCANNED_NO_POSITIVE_VERIFIED,,
NVAX|2025-04-01,NVAX,2025-04-01,,,,,,,,,,,,,,,,,SCANNED_NO_POSITIVE_VERIFIED,,
NVAX|2025-04-02,NVAX,2025-04-02,,,,,,,,,,,,,,,,,SCANNED_NO_POSITIVE_VERIFIED,,
NVAX|2025-04-23,NVAX,2025-04-23,,,,,,,,,,,,,,,,,SCANNED_NO_POSITIVE_VERIFIED,,
LQDA|2025-05-24,LQDA,2025-05-24,,,,,,,,,,,,,,,,,SCANNED_NO_POSITIVE_VERIFIED,,
BCRX|2025-06-23,BCRX,2025-06-23,YES,,,,YES,,YES,,,,,,,,,,VERIFIED_POSITIVE,https://www.fda.gov/,ORLADEYO pediatric application: orphan/Fast Track status and Priority Review publicly documented.
UNCY|2025-06-28,UNCY,2025-06-28,,,,,,,,,,,,,,,,,SCANNED_NO_POSITIVE_VERIFIED,,
TNXP|2025-08-15,TNXP,2025-08-15,,,,,YES,,,,,,,,,,,,VERIFIED_POSITIVE,https://www.sec.gov/,TNX-102 SL/Tonmya: Fast Track publicly documented.
BCRX|2025-09-12,BCRX,2025-09-12,YES,,,,YES,,YES,,,,,,,,,,VERIFIED_POSITIVE,https://www.fda.gov/,ORLADEYO pediatric application: orphan/Fast Track status and Priority Review publicly documented.
DNLI|2025-10-13,DNLI,2025-10-13,YES,,,,YES,YES,,,,,YES,,,,,,VERIFIED_POSITIVE,https://investors.denalitherapeutics.com/,"Tividenofusp alfa/DNL310: orphan, Fast Track, Breakthrough Therapy and Rare Pediatric Disease."
BCRX|2025-12-12,BCRX,2025-12-12,YES,,,,YES,,YES,,,,,,,,,,VERIFIED_POSITIVE,https://www.fda.gov/,ORLADEYO pediatric application: orphan/Fast Track status and Priority Review publicly documented.
CYTK|2025-12-26,CYTK,2025-12-26,,,,,,,,,,,,,,,,,SCANNED_NO_POSITIVE_VERIFIED,,
CORT|2025-12-30,CORT,2025-12-30,YES,,,,,,,,,,,,,,,,VERIFIED_POSITIVE,https://www.accessdata.fda.gov/scripts/opdlisting/oopd/detailedindex.cfm?cfgridkey=656518,Relacorilant: orphan designation for endogenous Cushing syndrome.
VNDA|2025-12-30,VNDA,2025-12-30,,,,,,,,,,,,,,,,,SCANNED_NO_POSITIVE_VERIFIED,,
DNLI|2026-01-05|ofusp alfa (dnl310,DNLI,2026-01-05,YES,,,,YES,YES,,YES,,,YES,,,,,,VERIFIED_POSITIVE,https://investors.denalitherapeutics.com/,"Tividenofusp alfa/Avlayah: orphan, Fast Track, Breakthrough Therapy and Rare Pediatric Disease; ultimately approved via Accelerated Approval."
VNDA|2026-01-07|drug,VNDA,2026-01-07,,,,,,,,,,,,,,,,,SCANNED_NO_POSITIVE_VERIFIED,,
RYTM|2026-01-09|states,RYTM,2026-01-09,,,,,,YES,,,,,,,,,,,VERIFIED_POSITIVE,https://ir.rhythmtx.com/,Setmelanotide for acquired hypothalamic obesity: Breakthrough Therapy designation.
TVTX|2026-01-13|announced,TVTX,2026-01-13,YES,,,,,,,,,,,,,,,,VERIFIED_POSITIVE,https://www.accessdata.fda.gov/scripts/opdlisting/oopd/detailedIndex.cfm?cfgridkey=410113,Sparsentan/Filspari for FSGS: orphan designation.
RGNX|2026-02-08|rgx-121 seeking accelerated approval was submitted to the fda in march 2025,RGNX,2026-02-08,YES,,,,YES,,,,YES,,YES,,,,,,VERIFIED_POSITIVE,https://www.fda.gov/,"RGX-121 program: orphan, Fast Track, RMAT and Rare Pediatric Disease publicly documented."
VNDA|2026-02-21|hetlioz,VNDA,2026-02-21,,,,,,,,,,,,,,,,,SCANNED_NO_POSITIVE_VERIFIED,,
RARE|2026-02-23|dtx401,RARE,2026-02-23,YES,,,,,,YES,YES,,,,,,,,,VERIFIED_POSITIVE,https://www.fda.gov/news-events/press-announcements/fda-approves-first-therapy-patients-aged-8-years-and-older-glycogen-storage-disease-type-ia,"Pariglasgene brecaparvovec/Genglycos: orphan, Priority Review and Accelerated Approval."
ETON|2026-02-25|et-600,ETON,2026-02-25,,,,,,,,,,,,,,,,,SCANNED_NO_POSITIVE_VERIFIED,,
RYTM|2026-02-26|obesity,RYTM,2026-02-26,,,,,,YES,,,,,,,,,,,VERIFIED_POSITIVE,https://ir.rhythmtx.com/,Setmelanotide for acquired hypothalamic obesity: Breakthrough Therapy designation.
LNTH|2026-03-02|lnth-2501,LNTH,2026-03-02,,,,,,,,,,,,,,,,,SCANNED_NO_POSITIVE_VERIFIED,,
LNTH|2026-03-06|lnth-2501,LNTH,2026-03-06,,,,,,,,,,,,,,,,,SCANNED_NO_POSITIVE_VERIFIED,,
TLX|2026-03-06|a new formulation of its fluorine-18 based psma imaging agent,TLX,2026-03-06,,,,,,,,,,,,,,,,,SCANNED_NO_POSITIVE_VERIFIED,,
TLX|2026-03-13|tlx101-px (pixclara,TLX,2026-03-13,YES,,,,YES,,,,,,,,,,,,VERIFIED_POSITIVE,https://telixpharma.com/news-views/fda-accepts-nda-for-tlx101-px-pixclara/,TLX101-Px/Pixclara: orphan and Fast Track.
ALDX|2026-03-16|reproxalap,ALDX,2026-03-16,,,,,,,,,,,,,,,,,SCANNED_NO_POSITIVE_VERIFIED,,
RYTM|2026-03-20|obesity,RYTM,2026-03-20,,,,,,YES,,,,,,,,,,,VERIFIED_POSITIVE,https://ir.rhythmtx.com/,Setmelanotide for acquired hypothalamic obesity: Breakthrough Therapy designation.
RCKT|2026-03-26|kresladi,RCKT,2026-03-26,YES,,YES,,YES,,YES,YES,YES,,YES,YES,,,,,VERIFIED_POSITIVE,https://www.fda.gov/news-events/press-announcements/fda-approves-first-gene-therapy-severe-leukocyte-adhesion-deficiency-type-i,"Kresladi: orphan, Fast Track, Priority Review, Accelerated Approval, RMAT, Rare Pediatric Disease and PRV; FDA explicitly described the condition as serious."
RCKT|2026-03-28|kresladi,RCKT,2026-03-28,YES,,YES,,YES,,YES,YES,YES,,YES,YES,,,,,VERIFIED_POSITIVE,https://www.fda.gov/news-events/press-announcements/fda-approves-first-gene-therapy-severe-leukocyte-adhesion-deficiency-type-i,"Kresladi: orphan, Fast Track, Priority Review, Accelerated Approval, RMAT, Rare Pediatric Disease and PRV; FDA explicitly described the condition as serious."
LNTH|2026-03-31|psma pet imaging agent in august 2025,LNTH,2026-03-31,,,,,,,,,,,,,,,,,SCANNED_NO_POSITIVE_VERIFIED,,
SRRK|2026-03-31|apitegromab upon the successful fda reinspection of catalent indiana,SRRK,2026-03-31,,,,,,,YES,,,,,,,,,,VERIFIED_POSITIVE,https://investors.scholarrock.com/,Apitegromab BLA: Priority Review designation.
TLX|2026-04-10|tlx101-px (pixclara,TLX,2026-04-10,YES,,,,YES,,,,,,,,,,,,VERIFIED_POSITIVE,https://telixpharma.com/news-views/fda-accepts-nda-for-tlx101-px-pixclara/,TLX101-Px/Pixclara: orphan and Fast Track.
AKBA|2026-04-13|atacicept for the treatment of igan,AKBA,2026-04-13,,,,,,,,,,,,,,,,,SCANNED_NO_POSITIVE_VERIFIED,,
LGND|2026-04-13|prescription,LGND,2026-04-13,,,,,,,,,,,,,,,,,SCANNED_NO_POSITIVE_VERIFIED,,
TVTX|2026-04-13|glomerulosclerosis,TVTX,2026-04-13,YES,,,,,,,,,,,,,,,,VERIFIED_POSITIVE,https://www.accessdata.fda.gov/scripts/opdlisting/oopd/detailedIndex.cfm?cfgridkey=410113,Sparsentan/Filspari for FSGS: orphan designation.
VERA|2026-04-13|travere,VERA,2026-04-13,,,,,,,,,,,,,,,,,SCANNED_NO_POSITIVE_VERIFIED,,
ORGO|2026-04-24|renu,ORGO,2026-04-24,,,,,,,,,YES,,,,YES,,,,VERIFIED_POSITIVE,https://investors.organogenesis.com/news-releases/news-release-details/organogenesis-announces-successful-fda-meeting-and-plan-file-bla/,ReNu: RMAT designation and rolling BLA submission.
VNDA|2026-04-28|application,VNDA,2026-04-28,,,,,,,,,,,,,,,,,SCANNED_NO_POSITIVE_VERIFIED,,
RGNX|2026-04-30|rgx-121 seeking accelerated approval was submitted to the fda in march 2025,RGNX,2026-04-30,YES,,,,YES,,,,YES,,YES,,,,,,VERIFIED_POSITIVE,https://www.fda.gov/,"RGX-121 program: orphan, Fast Track, RMAT and Rare Pediatric Disease publicly documented."
MNKD|2026-05-06|living,MNKD,2026-05-06,,,,,,,,,,,,,,,,,SCANNED_NO_POSITIVE_VERIFIED,,
ARVN|2026-05-08|vepdegestrant and assigned a pdufa action date of june 5,ARVN,2026-05-08,,,,,,,,,,,,,,,,,SCANNED_NO_POSITIVE_VERIFIED,,
MNKD|2026-05-27|children,MNKD,2026-05-27,,,,,,,,,,,,,,,,,SCANNED_NO_POSITIVE_VERIFIED,,
MNKD|2026-05-28|living,MNKD,2026-05-28,,,,,,,,,,,,,,,,,SCANNED_NO_POSITIVE_VERIFIED,,
MNKD|2026-05-29|sbla,MNKD,2026-05-29,,,,,,,,,,,,,,,,,SCANNED_NO_POSITIVE_VERIFIED,,
INBX|2026-06-15|identified,INBX,2026-06-15,,,,,,,,,,,,,,,,,SCANNED_NO_POSITIVE_VERIFIED,,
KNSA|2026-06-19|license,KNSA,2026-06-19,,,,,,,,,,,,,,,,,SCANNED_NO_POSITIVE_VERIFIED,,
LNTH|2026-06-26|lnth,LNTH,2026-06-26,,,,,,,,,,,,,,,,,SCANNED_NO_POSITIVE_VERIFIED,,
ARQT|2026-06-29|treatment,ARQT,2026-06-29,,,,,,,,,,,,,,,,,SCANNED_NO_POSITIVE_VERIFIED,,
VRDN|2026-06-30|veligrotug to the fda in october 2025,VRDN,2026-06-30,,,,,,YES,YES,,,,,,,,,,VERIFIED_POSITIVE,https://www.sec.gov/Archives/edgar/data/1590750/000159075026000018/vrdn-20260630.htm,Veligrotug/Lumvoa: Breakthrough Therapy and Priority Review.
DYN|2026-07-20|granted,DYN,2026-07-20,,,,,,,YES,,,,,,,,,,VERIFIED_POSITIVE,https://investors.dyne-tx.com/news-releases/news-release-details/dyne-therapeutics-announces-us-fda-acceptance-biologics-license/,"Z-rostudirsen BLA: Priority Review. Accelerated Approval was requested, not yet granted at these rows."
MNKD|2026-07-26|sbla,MNKD,2026-07-26,,,,,,,,,,,,,,,,,SCANNED_NO_POSITIVE_VERIFIED,,
DYN|2026-07-29|currently,DYN,2026-07-29,,,,,,,YES,,,,,,,,,,VERIFIED_POSITIVE,https://investors.dyne-tx.com/news-releases/news-release-details/dyne-therapeutics-announces-us-fda-acceptance-biologics-license/,"Z-rostudirsen BLA: Priority Review. Accelerated Approval was requested, not yet granted at these rows."
LNTH|2026-08-03|lnth-2501,LNTH,2026-08-03,,,,,,,,,,,,,,,,,SCANNED_NO_POSITIVE_VERIFIED,,
LNTH|2026-08-13|mk-6240,LNTH,2026-08-13,,,,,YES,,,,,,,,,,,,VERIFIED_POSITIVE,https://investor.lantheus.com/news-releases/news-release-details/lantheus-announces-fda-acceptance-new-drug-application-mk-6240,MK-6240: Fast Track.
ZYME|2026-08-25|tevimbra,ZYME,2026-08-25,,,,,,YES,YES,,,,,,,,,,VERIFIED_POSITIVE,https://zymeworks.gcs-web.com/news-releases/news-release-details/zymeworks-provides-corporate-update-and-reports-first-quarter-3,Zanidatamab combination application: Breakthrough Therapy and Priority Review.
IONS|2026-09-22|alexander,IONS,2026-09-22,YES,YES,YES,,YES,YES,YES,,,,YES,YES,,,,,VERIFIED_POSITIVE,https://www.fda.gov/news-events/press-announcements/fda-approves-first-drug-treat-alexander-disease,"Zilganersen/Zanvastro: orphan, Fast Track, Breakthrough Therapy, Priority Review, Rare Pediatric Disease and PRV; FDA described a serious disease with no approved treatment options."
EWTX|2026-09-30|camzyos in adolescents with ohcm,EWTX,2026-09-30,,,,,,,,,,,,,,,,,SCANNED_NO_POSITIVE_VERIFIED,,
DAWN|2024-04-30|tovorafenib,DAWN,2024-04-30,YES,,,,,YES,YES,YES,,,,,,,,,VERIFIED_POSITIVE,https://www.fda.gov/files/drugs/published/new-drug-therapy-2025-annual-report.pdf,"Tovorafenib/Ojemda: orphan, Breakthrough Therapy, Priority Review and Accelerated Approval."
VRNA|2024-06-26|ensifentrine,VRNA,2024-06-26,,,,,,,,,,,,,,,,,SCANNED_NO_POSITIVE_VERIFIED,,
APLT|2024-11-28|govorestat,APLT,2024-11-28,,,,,,,,,,,,,,,,,SCANNED_NO_POSITIVE_VERIFIED,,
ZEAL|2024-12-22|glepaglutide,ZEAL,2024-12-22,,,,,,,,,,,,,,,,,SCANNED_NO_POSITIVE_VERIFIED,,
PHAT|2023-02-07|vonoprazan,PHAT,2023-02-07,,,,,,,,,,,,,,,,,SCANNED_NO_POSITIVE_VERIFIED,,
TVTX|2023-02-17|sparsentan,TVTX,2023-02-17,YES,,,,,,YES,YES,,,,,,,,,VERIFIED_POSITIVE,https://www.fda.gov/media/175253/download,"Sparsentan/Filspari: orphan, Priority Review and Accelerated Approval."
APLS|2023-02-26|pegcetacoplan,APLS,2023-02-26,,,,,,,,,,,,,,,,,SCANNED_NO_POSITIVE_VERIFIED,,
RETA|2023-02-28|omaveloxolone,RETA,2023-02-28,YES,,,,YES,,YES,,,,YES,YES,,,,,VERIFIED_POSITIVE,https://www.fda.gov/media/175253/download,"Omaveloxolone/Skyclarys: orphan, Fast Track and Priority Review; Rare Pediatric Disease/PRV publicly documented."
CYTK|2023-02-28|omecamtiv-mecarbil,CYTK,2023-02-28,,,,,,,,,,,,,,,,,SCANNED_NO_POSITIVE_VERIFIED,,
ACAD|2023-03-10|trofinetide,ACAD,2023-03-10,YES,,,,YES,,YES,,,,,,,,,,VERIFIED_POSITIVE,https://www.fda.gov/media/175253/download,"Trofinetide/Daybue: orphan, Fast Track and Priority Review."
MCRB|2023-04-26|vowst,MCRB,2023-04-26,YES,,,,,YES,YES,,,,,,,,,,VERIFIED_POSITIVE,https://www.fda.gov/,"Vowst: orphan, Breakthrough Therapy and Priority Review."
ASND|2023-04-30|transcon-pth,ASND,2023-04-30,YES,,,,,,YES,,,,,,,,,,VERIFIED_POSITIVE,https://www.fda.gov/files/drugs/published/new-drug-therapy-2025-annual-report.pdf,Palopegteriparatide/Yorvipath application: orphan and Priority Review.
KRYS|2023-05-19|vyjuvek,KRYS,2023-05-19,YES,,,,YES,,,,YES,,YES,YES,,,,,VERIFIED_POSITIVE,https://www.fda.gov/,"Beremagene geperpavec/Vyjuvek: orphan, Fast Track, Rare Pediatric Disease, PRV and RMAT."
IBRX|2023-05-23|anktiva,IBRX,2023-05-23,,,,,YES,YES,,,,,,,,,,,VERIFIED_POSITIVE,https://www.fda.gov/files/drugs/published/new-drug-therapy-2025-annual-report.pdf,Nogapendekin alfa inbakicept/Anktiva program: Fast Track and Breakthrough Therapy.
LXRX|2023-05-27|sotagliflozin,LXRX,2023-05-27,,,,,,,,,,,,,,,,,SCANNED_NO_POSITIVE_VERIFIED,,
AVDL|2023-06-03|lumryz,AVDL,2023-06-03,,,,,,,,,,,,,,,,,SCANNED_NO_POSITIVE_VERIFIED,,
ALDX|2023-06-21|adx-2191,ALDX,2023-06-21,YES,,,,,,YES,,,,,,,,,,VERIFIED_POSITIVE,https://www.fda.gov/,ADX-2191: orphan designation and Priority Review publicly documented.
ICPT|2023-06-22|obeticholic-acid,ICPT,2023-06-22,,,,,,,,,,,,,,,,,SCANNED_NO_POSITIVE_VERIFIED,,
MESO|2023-08-02|remestemcel-l,MESO,2023-08-02,YES,,,,YES,,YES,,YES,,,,,,,,VERIFIED_POSITIVE,https://www.fda.gov/,"Remestemcel-L: orphan, Fast Track, Priority Review and RMAT publicly documented."
TARS|2023-08-25|lotilaner,TARS,2023-08-25,,,,,,,,,,,,,,,,,SCANNED_NO_POSITIVE_VERIFIED,,
SPRY|2023-09-19|neffy,SPRY,2023-09-19,,,,,,,,,,,,,,,,,SCANNED_NO_POSITIVE_VERIFIED,,
ARDX|2023-10-17|tenapanor,ARDX,2023-10-17,,,,,,,,,,,,,,,,,SCANNED_NO_POSITIVE_VERIFIED,,
CPRX|2023-10-26|vamorolone,CPRX,2023-10-26,YES,,,,YES,,,,,,,,,,,,VERIFIED_POSITIVE,https://www.fda.gov/media/175253/download,Vamorolone/Agamree: orphan and Fast Track.
PHAT|2023-11-17|vonoprazan-resubmission,PHAT,2023-11-17,,,,,,,,,,,,,,,,,SCANNED_NO_POSITIVE_VERIFIED,,
SWTX|2023-11-27|nirogacestat,SWTX,2023-11-27,YES,,,,YES,YES,YES,,,,,,,,,,VERIFIED_POSITIVE,https://www.fda.gov/media/175253/download,"Nirogacestat/Ogsiveo: orphan, Fast Track, Breakthrough Therapy and Priority Review."
CRSP|2023-12-08|exa-cel-scd,CRSP,2023-12-08,,,,,,,,,,,,,,,,,SCANNED_NO_POSITIVE_VERIFIED,,
BLUE|2023-12-20|lovo-cel,BLUE,2023-12-20,,,,,,,,,,,,,,,,,SCANNED_NO_POSITIVE_VERIFIED,,
IONS|2023-12-22|eplontersen,IONS,2023-12-22,YES,,,,,,,,,,,,,,,,VERIFIED_POSITIVE,https://www.fda.gov/media/175253/download,Eplontersen/Wainua: orphan designation.
EPZM|2020-01-23|tazemetostat,EPZM,2020-01-23,YES,,,,YES,,YES,YES,,,,,,,,,VERIFIED_POSITIVE,https://www.fda.gov/drugs/development-approval-process-drugs/novel-drug-approvals-fda,"Tazemetostat/Tazverik: orphan, Fast Track, Priority Review and Accelerated Approval publicly documented."
AIMT|2020-01-31|palforzia,AIMT,2020-01-31,,,,,,,,,,,,,,,,,SCANNED_NO_POSITIVE_VERIFIED,,
ESPR|2020-02-21|bempedoic-acid,ESPR,2020-02-21,,,,,,,,,,,,,,,,,SCANNED_NO_POSITIVE_VERIFIED,,
ESPR|2020-02-26|bempedoic-acid-ezetimibe,ESPR,2020-02-26,,,,,,,,,,,,,,,,,SCANNED_NO_POSITIVE_VERIFIED,,
ZGNX|2020-06-25|fenfluramine,ZGNX,2020-06-25,,,,,,,,,,,,,,,,,SCANNED_NO_POSITIVE_VERIFIED,,
HRTX|2020-06-26|htx-011,HRTX,2020-06-26,,,,,YES,YES,YES,,,,,,,,,,VERIFIED_POSITIVE,https://www.sec.gov/,"HTX-011: Fast Track, Breakthrough Therapy and Priority Review publicly documented."
RARE|2020-06-30|triheptanoin,RARE,2020-06-30,YES,,,,YES,,,,,,,,,,,,VERIFIED_POSITIVE,https://www.fda.gov/drugs/development-approval-process-drugs/novel-drug-approvals-fda,Triheptanoin/Dojolvi: orphan and Fast Track publicly documented.
DBVT|2020-08-03|viaskin-peanut,DBVT,2020-08-03,,,,,YES,YES,,,,,,,,,,,VERIFIED_POSITIVE,https://www.fda.gov/drugs/development-approval-process-drugs/novel-drug-approvals-fda,Viaskin Peanut: Fast Track and Breakthrough Therapy publicly documented.
KALA|2020-10-30|loteprednol-etabonate,KALA,2020-10-30,,,,,,,,,,,,,,,,,SCANNED_NO_POSITIVE_VERIFIED,,
SUPN|2020-11-08|viloxazine,SUPN,2020-11-08,,,,,,,,,,,,,,,,,SCANNED_NO_POSITIVE_VERIFIED,,
ALKS|2020-11-15|olanzapine-samidorphan,ALKS,2020-11-15,,,,,,,,,,,,,,,,,SCANNED_NO_POSITIVE_VERIFIED,,
EIGR|2020-11-20|lonafarnib,EIGR,2020-11-20,YES,YES,YES,YES,,YES,YES,,,,,,,,,,VERIFIED_POSITIVE,https://www.fda.gov/,"Lonafarnib/Zokinvy: orphan, Breakthrough and Priority Review; FDA described a fatal disease with no approved therapies before approval."
RYTM|2020-11-27|setmelanotide,RYTM,2020-11-27,YES,,,,,YES,YES,,,,,,YES,,,,VERIFIED_POSITIVE,https://www.fda.gov/,"Setmelanotide/Imcivree: orphan, Breakthrough, Priority Review; rolling submission publicly documented."
YMAB|2020-11-30|naxitamab,YMAB,2020-11-30,YES,,,,,YES,YES,YES,,,YES,YES,,YES,,,VERIFIED_POSITIVE,https://www.fda.gov/,"Naxitamab/Danyelza: orphan, Breakthrough, Priority Review, Accelerated Approval, Rare Pediatric Disease/PRV and RTOR publicly documented."
VNDA|2020-12-01|tasimelteon-sms,VNDA,2020-12-01,,,,,,,,,,,,,,,,,SCANNED_NO_POSITIVE_VERIFIED,,
BCRX|2020-12-03|berotralstat,BCRX,2020-12-03,YES,,,,YES,,,,,,,,,,,,VERIFIED_POSITIVE,https://www.fda.gov/drugs/development-approval-process-drugs/novel-drug-approvals-fda,Berotralstat/Orladeyo: orphan and Fast Track publicly documented.
KPTI|2020-12-18|selinexor-mm,KPTI,2020-12-18,,,,,,,,,,,,,,,,,SCANNED_NO_POSITIVE_VERIFIED,,
MGNX|2020-12-18|margetuximab,MGNX,2020-12-18,,,,,YES,,,,,,,,,,,,VERIFIED_POSITIVE,https://www.fda.gov/drugs/development-approval-process-drugs/novel-drug-approvals-fda,Margetuximab/Margenza: Fast Track publicly documented.
MYOV|2020-12-20|relugolix,MYOV,2020-12-20,,,,,,,YES,,,,,,,,,,VERIFIED_POSITIVE,https://www.fda.gov/drugs/development-approval-process-drugs/novel-drug-approvals-fda,Relugolix/Orgovyx: Priority Review publicly documented.
VIE|2020-06-11|inebilizumab,VIE,2020-06-11,YES,,,,,YES,,,,,,,,,,,VERIFIED_POSITIVE,https://www.fda.gov/,Inebilizumab/Uplizna: orphan and Breakthrough Therapy publicly documented.
AUPH|2021-01-22|voclosporin,AUPH,2021-01-22,,,,,YES,,YES,,,,,,,,,,VERIFIED_POSITIVE,https://www.fda.gov/media/155227/download,Voclosporin/Lupkynis: Fast Track and Priority Review.
TGTX|2021-02-15|umbralisib,TGTX,2021-02-15,YES,,,,,YES,YES,YES,,,,,,,,,VERIFIED_POSITIVE,https://www.fda.gov/media/155227/download,"Umbralisib/Ukoniq: orphan, Breakthrough, Priority Review and Accelerated Approval."
GTHX|2021-02-15|trilaciclib,GTHX,2021-02-15,,,,,,YES,YES,,,,,,,,,,VERIFIED_POSITIVE,https://www.fda.gov/media/155227/download,Trilaciclib/Cosela: Breakthrough Therapy and Priority Review.
CRMD|2021-02-26|defencath,CRMD,2021-02-26,,,,,YES,,,,,YES,,,,,,,VERIFIED_POSITIVE,https://www.fda.gov/,DefenCath: Fast Track and Qualified Infectious Disease Product.
ATNX|2021-03-01|oral-paclitaxel,ATNX,2021-03-01,,,,,,,,,,,,,,,,,SCANNED_NO_POSITIVE_VERIFIED,,
BLUE|2021-03-27|idecabtagene-vicleucel,BLUE,2021-03-27,YES,,,,,YES,YES,,,,,,,,,,VERIFIED_POSITIVE,https://www.fda.gov/,"Idecabtagene vicleucel/Abecma: orphan, Breakthrough Therapy and Priority Review."
SUPN|2021-04-02|viloxazine-resubmission,SUPN,2021-04-02,,,,,,,,,,,,,,,,,SCANNED_NO_POSITIVE_VERIFIED,,
ACAD|2021-04-03|pimavanserin-drp,ACAD,2021-04-03,,,,,,,,,,,,,,,,,SCANNED_NO_POSITIVE_VERIFIED,,
APLS|2021-05-14|pegcetacoplan,APLS,2021-05-14,YES,,,,YES,,YES,,,,,,,,,,VERIFIED_POSITIVE,https://www.fda.gov/media/155227/download,"Pegcetacoplan/Empaveli: orphan, Fast Track and Priority Review."
ADCT|2021-05-21|loncastuximab-tesirine,ADCT,2021-05-21,YES,,,,,,YES,YES,,,,,,,,,VERIFIED_POSITIVE,https://www.fda.gov/media/155227/download,"Loncastuximab tesirine/Zynlonta: orphan, Priority Review and Accelerated Approval."
LNTH|2021-05-28|piflufolastat-f18,LNTH,2021-05-28,,,,,,,YES,,,,,,,,,,VERIFIED_POSITIVE,https://www.fda.gov/media/155227/download,Piflufolastat F 18/Pylarify: Priority Review.
ORPH|2021-06-17|arimoclomol,ORPH,2021-06-17,YES,,,,YES,YES,,,,,YES,,,,,,VERIFIED_POSITIVE,https://www.fda.gov/,"Arimoclomol for NPC: orphan, Fast Track, Breakthrough Therapy and Rare Pediatric Disease."
PRVB|2021-07-02|teplizumab,PRVB,2021-07-02,,,,,,YES,YES,,,,,,,,,,VERIFIED_POSITIVE,https://www.fda.gov/drugs/novel-drug-approvals-fda/new-drug-therapy-approvals-2022,Teplizumab/Tzield program: Breakthrough Therapy and Priority Review documented for the marketing application.
ALBO|2021-07-20|odevixibat,ALBO,2021-07-20,YES,,,,YES,,YES,,,,,,,,,,VERIFIED_POSITIVE,https://www.fda.gov/media/155227/download,"Odevixibat/Bylvay: orphan, Fast Track and Priority Review."
ARDX|2021-07-29|tenapanor,ARDX,2021-07-29,,,,,,,,,,,,,,,,,SCANNED_NO_POSITIVE_VERIFIED,,
SPPI|2021-08-06|eflapegrastim,SPPI,2021-08-06,,,,,,,,,,,,,,,,,SCANNED_NO_POSITIVE_VERIFIED,,
SESN|2021-08-18|vicineum,SESN,2021-08-18,,,,,,,,,,,,,,,,,SCANNED_NO_POSITIVE_VERIFIED,,
CARA|2021-08-23|difelikefalin,CARA,2021-08-23,,,,,,YES,YES,,,,,,,,,,VERIFIED_POSITIVE,https://www.fda.gov/media/155227/download,Difelikefalin/Korsuva: Breakthrough Therapy and Priority Review.
ASND|2021-09-25|lonapegsomatropin,ASND,2021-09-25,YES,,,,,,,,,,,,,,,,VERIFIED_POSITIVE,https://www.fda.gov/media/155227/download,Lonapegsomatropin/Skytrofa: orphan designation.
MIRM|2021-09-29|maralixibat,MIRM,2021-09-29,YES,,,,,YES,YES,,,,,,,,,,VERIFIED_POSITIVE,https://www.fda.gov/media/155227/download,"Maralixibat/Livmarli: orphan, Breakthrough Therapy and Priority Review."
CCXI|2021-10-07|avacopan,CCXI,2021-10-07,YES,,,,,,,,,,,,,,,,VERIFIED_POSITIVE,https://www.fda.gov/media/155227/download,Avacopan/Tavneos: orphan designation.
RVNC|2021-10-15|daxibotulinumtoxina,RVNC,2021-10-15,,,,,,,,,,,,,,,,,SCANNED_NO_POSITIVE_VERIFIED,,
UTHR|2021-10-16|tyvaso-dpi,UTHR,2021-10-16,,,,,,,,,,,,,,,,,SCANNED_NO_POSITIVE_VERIFIED,,
OMER|2021-10-17|narsoplimab,OMER,2021-10-17,YES,,,,,YES,,,,,,,,,,,VERIFIED_POSITIVE,https://www.fda.gov/,Narsoplimab: orphan and Breakthrough Therapy publicly documented.
IMCR|2022-01-26|tebentafusp,IMCR,2022-01-26,YES,,,,,YES,YES,,,,,,,,,,VERIFIED_POSITIVE,https://www.fda.gov/drugs/novel-drug-approvals-fda/new-drug-therapy-approvals-2022,"Tebentafusp/Kimmtrak: orphan, Breakthrough Therapy and Priority Review."
OPK|2022-01-31|somatrogon,OPK,2022-01-31,,,,,,,,,,,,,,,,,SCANNED_NO_POSITIVE_VERIFIED,,
AGIO|2022-02-17|mitapivat,AGIO,2022-02-17,YES,,,,YES,,YES,,,,,,,,,,VERIFIED_POSITIVE,https://www.fda.gov/drugs/novel-drug-approvals-fda/new-drug-therapy-approvals-2022,"Mitapivat/Pyrukynd: orphan, Fast Track and Priority Review."
RETA|2022-02-25|bardoxolone,RETA,2022-02-25,,,,,,,,,,,,,,,,,SCANNED_NO_POSITIVE_VERIFIED,,
AMYT|2022-02-28|filsuvez,AMYT,2022-02-28,YES,,,,YES,,YES,,,,,,,,,,VERIFIED_POSITIVE,https://www.fda.gov/media/175253/download,"Filsuvez program: orphan, Fast Track and Priority Review publicly documented."
LEGN|2022-02-28|ciltacabtagene-autoleucel,LEGN,2022-02-28,YES,,,,,YES,YES,,,,,,,,,,VERIFIED_POSITIVE,https://www.fda.gov/,"Ciltacabtagene autoleucel/Carvykti: orphan, Breakthrough Therapy and Priority Review."
CTIC|2022-02-28|pacritinib,CTIC,2022-02-28,YES,,,,YES,,YES,YES,,,,,,,,,VERIFIED_POSITIVE,https://www.fda.gov/drugs/novel-drug-approvals-fda/new-drug-therapy-approvals-2022,"Pacritinib/Vonjo: orphan, Fast Track, Priority Review and Accelerated Approval."
MRNS|2022-03-20|ganaxolone,MRNS,2022-03-20,YES,,,,,,YES,,,,YES,YES,,,,,VERIFIED_POSITIVE,https://www.fda.gov/drugs/novel-drug-approvals-fda/new-drug-therapy-approvals-2022,Ganaxolone/Ztalmy: orphan and Priority Review; Rare Pediatric Disease designation and PRV award publicly documented.
AKBA|2022-03-29|vadadustat,AKBA,2022-03-29,,,,,,,,,,,,,,,,,SCANNED_NO_POSITIVE_VERIFIED,,
BTAI|2022-04-05|dexmedetomidine-film,BTAI,2022-04-05,,,,,,,,,,,,,,,,,SCANNED_NO_POSITIVE_VERIFIED,,
CHRS|2022-04-30|toripalimab,CHRS,2022-04-30,YES,,,,,YES,YES,,,,,,,,,,VERIFIED_POSITIVE,https://www.fda.gov/media/175253/download,"Toripalimab/Loqtorzi application: orphan, Breakthrough Therapy and Priority Review."
HCM|2022-04-30|surufatinib,HCM,2022-04-30,,,,,,,,,,,,,,,,,SCANNED_NO_POSITIVE_VERIFIED,,
CRMD|2022-08-04|defencath-resubmission,CRMD,2022-08-04,,,,,YES,,YES,,,YES,,,,,,,VERIFIED_POSITIVE,https://www.fda.gov/media/175253/download,"DefenCath resubmission: Fast Track, Priority Review and QIDP."
ARQT|2022-07-29|roflumilast-cream,ARQT,2022-07-29,,,,,,,,,,,,,,,,,SCANNED_NO_POSITIVE_VERIFIED,,
BLUE|2022-08-19|betibeglogene-autotemcel,BLUE,2022-08-19,YES,,,,,,,,,,,,,,,,VERIFIED_POSITIVE,https://www.fda.gov/,Betibeglogene autotemcel/Zynteglo: orphan designation publicly documented.
AXSM|2022-08-22|dextromethorphan-bupropion,AXSM,2022-08-22,,,,,,YES,YES,,,,,,,,,,VERIFIED_POSITIVE,https://www.fda.gov/,Dextromethorphan-bupropion/Auvelity: Breakthrough Therapy and Priority Review publicly documented.
RVNC|2022-09-08|daxibotulinumtoxina-resubmission,RVNC,2022-09-08,,,,,,,,,,,,,,,,,SCANNED_NO_POSITIVE_VERIFIED,,
BLUE|2022-09-16|elivaldogene-autotemcel,BLUE,2022-09-16,YES,,,,,YES,,,,,YES,,,,,,VERIFIED_POSITIVE,https://www.fda.gov/,"Elivaldogene autotemcel/Skysona: orphan, Breakthrough Therapy and Rare Pediatric Disease publicly documented."
AMLX|2022-09-29|sodium-phenylbutyrate-taurursodiol,AMLX,2022-09-29,YES,,,,,,YES,,,,,,,,,,VERIFIED_POSITIVE,https://www.fda.gov/drugs/novel-drug-approvals-fda/new-drug-therapy-approvals-2022,Relyvrio: orphan and Priority Review.
PRVB|2022-11-17|teplizumab-resubmission,PRVB,2022-11-17,,,,,,YES,YES,,,,,,,,,,VERIFIED_POSITIVE,https://www.fda.gov/drugs/novel-drug-approvals-fda/new-drug-therapy-approvals-2022,Teplizumab/Tzield: Breakthrough Therapy and Priority Review.
MRTX|2022-12-14|adagrasib,MRTX,2022-12-14,YES,,,,YES,YES,,YES,,,,,,,,,VERIFIED_POSITIVE,https://www.fda.gov/drugs/novel-drug-approvals-fda/new-drug-therapy-approvals-2022,"Adagrasib/Krazati: orphan, Fast Track, Breakthrough Therapy and Accelerated Approval."
TGTX|2022-12-28|ublituximab,TGTX,2022-12-28,,,,,,,,,,,,,,,,,SCANNED_NO_POSITIVE_VERIFIED,,
