event_key,ticker,pdufa_date,reported_p_values,p_value_audit_status,p_value_source_url,p_value_evidence_note
LGND|2024-01-05,LGND,2024-01-05,p<0.0001,VERIFIED_PRIMARY_OR_PIVOTAL,https://www.sec.gov/Archives/edgar/data/1919246/000191924626000060/companypresentation_2026.htm,B-SIMPLE4 pivotal Phase 3 complete-clearance primary outcome.
IOVA|2024-02-24,IOVA,2024-02-24,,NOT_VERIFIED,,
MDGL|2024-03-14,MDGL,2024-03-14,p<0.0001 | p=0.0002,VERIFIED_PRIMARY_OR_PIVOTAL,https://www.sec.gov/Archives/edgar/data/1157601/000119312522307935/d423141d8k.htm,"MAESTRO-NASH dual primary endpoints; exact values shown for the 80 mg arm, with 100 mg both p<0.0001."
AKBA|2024-03-27,AKBA,2024-03-27,,NOT_VERIFIED,,
CRSP|2024-03-30,CRSP,2024-03-30,,NOT_VERIFIED,,
SUPN|2024-04-05,SUPN,2024-04-05,,NOT_VERIFIED,,
IBRX|2024-04-23,IBRX,2024-04-23,,NOT_VERIFIED,,
GERN|2024-06-16,GERN,2024-06-16,p<0.001,VERIFIED_PRIMARY_OR_PIVOTAL,https://www.sec.gov/Archives/edgar/data/886744/000095017023000348/gern010623.htm,IMerge Phase 3 primary 8-week transfusion-independence endpoint.
RCKT|2024-06-30,RCKT,2024-06-30,,NOT_VERIFIED,,
PHAT|2024-07-19,PHAT,2024-07-19,,NOT_VERIFIED,,
HUMA|2024-08-10,HUMA,2024-08-10,,NOT_VERIFIED,,
ASND|2024-08-14,ASND,2024-08-14,,NOT_VERIFIED,,
AGIO|2024-08-20,AGIO,2024-08-20,p=0.000000067,VERIFIED_PRIMARY_OR_PIVOTAL,https://www.nejm.org/doi/full/10.1056/NEJMoa2304194,INDIGO Phase 3 blinded-independent-review progression-free-survival primary endpoint.
SNDX|2024-08-28,SNDX,2024-08-28,,NOT_VERIFIED,,
ZVRA|2024-09-21,ZVRA,2024-09-21,p=0.0506,VERIFIED_PRIMARY_OR_PIVOTAL,https://www.orphazyme.com/investors/news/orphazyme-reports-positive-results-from-full-data-set-of-phase-iiiii-arimoclomol-trial-in-niemann-pick-disease-type-c-npc/,Arimoclomol Phase II/III primary 5-domain NPC-CSS endpoint; value is borderline/non-significant and is shown as reported.
SPRY|2024-10-02,SPRY,2024-10-02,,NOT_VERIFIED,,
PTCT|2024-11-13,PTCT,2024-11-13,,NOT_VERIFIED,,
AUTL|2024-11-16,AUTL,2024-11-16,,NOT_VERIFIED,,
BBIO|2024-11-29,BBIO,2024-11-29,p<0.0001,VERIFIED_PRIMARY_OR_PIVOTAL,https://www.acc.org/latest-in-cardiology/clinical-trials/2023/08/24/02/29/attribute-cm,ATTRibute-CM Phase 3 hierarchical primary endpoint.
JAZZ|2024-11-29,JAZZ,2024-11-29,,NOT_VERIFIED,,
IONS|2024-12-19,IONS,2024-12-19,p=0.0009,VERIFIED_PRIMARY_OR_PIVOTAL,https://pmc.ncbi.nlm.nih.gov/articles/PMC11453225/,BALANCE Phase 3 primary fasting triglyceride endpoint for olezarsen 80 mg.
SNDX|2024-12-26,SNDX,2024-12-26,,NOT_VERIFIED,,
ETON|2025-02-06,ETON,2025-02-06,,NOT_VERIFIED,,
ETON|2025-02-28,ETON,2025-02-28,,NOT_VERIFIED,,
CAPR|2025-03-04,CAPR,2025-03-04,,NOT_VERIFIED,,
LQDA|2025-03-28,LQDA,2025-03-28,,NOT_VERIFIED,,
NVAX|2025-04-01,NVAX,2025-04-01,,NOT_VERIFIED,,
NVAX|2025-04-02,NVAX,2025-04-02,,NOT_VERIFIED,,
NVAX|2025-04-23,NVAX,2025-04-23,,NOT_VERIFIED,,
LQDA|2025-05-24,LQDA,2025-05-24,,NOT_VERIFIED,,
BCRX|2025-06-23,BCRX,2025-06-23,,NOT_VERIFIED,,
UNCY|2025-06-28,UNCY,2025-06-28,,NOT_VERIFIED,,
TNXP|2025-08-15,TNXP,2025-08-15,,NOT_VERIFIED,,
BCRX|2025-09-12,BCRX,2025-09-12,,NOT_VERIFIED,,
DNLI|2025-10-13,DNLI,2025-10-13,,NOT_VERIFIED,,
BCRX|2025-12-12,BCRX,2025-12-12,,NOT_VERIFIED,,
CYTK|2025-12-26,CYTK,2025-12-26,,NOT_VERIFIED,,
CORT|2025-12-30,CORT,2025-12-30,,NOT_VERIFIED,,
VNDA|2025-12-30,VNDA,2025-12-30,,NOT_VERIFIED,,
DNLI|2026-01-05|ofusp alfa (dnl310,DNLI,2026-01-05,,NOT_VERIFIED,,
VNDA|2026-01-07|drug,VNDA,2026-01-07,,NOT_VERIFIED,,
RYTM|2026-01-09|states,RYTM,2026-01-09,,NOT_VERIFIED,,
TVTX|2026-01-13|announced,TVTX,2026-01-13,,NOT_VERIFIED,,
RGNX|2026-02-08|rgx-121 seeking accelerated approval was submitted to the fda in march 2025,RGNX,2026-02-08,,NOT_VERIFIED,,
VNDA|2026-02-21|hetlioz,VNDA,2026-02-21,,NOT_VERIFIED,,
RARE|2026-02-23|dtx401,RARE,2026-02-23,,NOT_VERIFIED,,
ETON|2026-02-25|et-600,ETON,2026-02-25,,NOT_VERIFIED,,
RYTM|2026-02-26|obesity,RYTM,2026-02-26,,NOT_VERIFIED,,
LNTH|2026-03-02|lnth-2501,LNTH,2026-03-02,,NOT_VERIFIED,,
LNTH|2026-03-06|lnth-2501,LNTH,2026-03-06,,NOT_VERIFIED,,
TLX|2026-03-06|a new formulation of its fluorine-18 based psma imaging agent,TLX,2026-03-06,,NOT_VERIFIED,,
TLX|2026-03-13|tlx101-px (pixclara,TLX,2026-03-13,,NOT_VERIFIED,,
ALDX|2026-03-16|reproxalap,ALDX,2026-03-16,,NOT_VERIFIED,,
RYTM|2026-03-20|obesity,RYTM,2026-03-20,,NOT_VERIFIED,,
RCKT|2026-03-26|kresladi,RCKT,2026-03-26,,NOT_VERIFIED,,
RCKT|2026-03-28|kresladi,RCKT,2026-03-28,,NOT_VERIFIED,,
LNTH|2026-03-31|psma pet imaging agent in august 2025,LNTH,2026-03-31,,NOT_VERIFIED,,
SRRK|2026-03-31|apitegromab upon the successful fda reinspection of catalent indiana,SRRK,2026-03-31,p=0.0121 | p=0.0125,VERIFIED_PRIMARY_OR_PIVOTAL,https://www.sec.gov/,Apitegromab Phase 3 primary motor-function analyses; retained only because this historical row explicitly identifies apitegromab.
TLX|2026-04-10|tlx101-px (pixclara,TLX,2026-04-10,,NOT_VERIFIED,,
AKBA|2026-04-13|atacicept for the treatment of igan,AKBA,2026-04-13,,NOT_VERIFIED,,
LGND|2026-04-13|prescription,LGND,2026-04-13,,NOT_VERIFIED,,
TVTX|2026-04-13|glomerulosclerosis,TVTX,2026-04-13,,NOT_VERIFIED,,
VERA|2026-04-13|travere,VERA,2026-04-13,,NOT_VERIFIED,,
ORGO|2026-04-24|renu,ORGO,2026-04-24,,NOT_VERIFIED,,
VNDA|2026-04-28|application,VNDA,2026-04-28,,NOT_VERIFIED,,
RGNX|2026-04-30|rgx-121 seeking accelerated approval was submitted to the fda in march 2025,RGNX,2026-04-30,,NOT_VERIFIED,,
MNKD|2026-05-06|living,MNKD,2026-05-06,,NOT_VERIFIED,,
ARVN|2026-05-08|vepdegestrant and assigned a pdufa action date of june 5,ARVN,2026-05-08,,NOT_VERIFIED,,
MNKD|2026-05-27|children,MNKD,2026-05-27,,NOT_VERIFIED,,
MNKD|2026-05-28|living,MNKD,2026-05-28,,NOT_VERIFIED,,
MNKD|2026-05-29|sbla,MNKD,2026-05-29,,NOT_VERIFIED,,
INBX|2026-06-15|identified,INBX,2026-06-15,,NOT_VERIFIED,,
KNSA|2026-06-19|license,KNSA,2026-06-19,,NOT_VERIFIED,,
LNTH|2026-06-26|lnth,LNTH,2026-06-26,,NOT_VERIFIED,,
ARQT|2026-06-29|treatment,ARQT,2026-06-29,,NOT_VERIFIED,,
VRDN|2026-06-30|veligrotug to the fda in october 2025,VRDN,2026-06-30,,NOT_VERIFIED,,
DYN|2026-07-20|granted,DYN,2026-07-20,,NOT_VERIFIED,,
MNKD|2026-07-26|sbla,MNKD,2026-07-26,,NOT_VERIFIED,,
DYN|2026-07-29|currently,DYN,2026-07-29,,NOT_VERIFIED,,
LNTH|2026-08-03|lnth-2501,LNTH,2026-08-03,,NOT_VERIFIED,,
LNTH|2026-08-13|mk-6240,LNTH,2026-08-13,,NOT_VERIFIED,,
ZYME|2026-08-25|tevimbra,ZYME,2026-08-25,,NOT_VERIFIED,,
IONS|2026-09-22|alexander,IONS,2026-09-22,,NOT_VERIFIED,,
EWTX|2026-09-30|camzyos in adolescents with ohcm,EWTX,2026-09-30,,NOT_VERIFIED,,
DAWN|2024-04-30|tovorafenib,DAWN,2024-04-30,,NOT_VERIFIED,,
VRNA|2024-06-26|ensifentrine,VRNA,2024-06-26,,NOT_VERIFIED,,
APLT|2024-11-28|govorestat,APLT,2024-11-28,,NOT_VERIFIED,,
ZEAL|2024-12-22|glepaglutide,ZEAL,2024-12-22,,NOT_VERIFIED,,
PHAT|2023-02-07|vonoprazan,PHAT,2023-02-07,,NOT_VERIFIED,,
TVTX|2023-02-17|sparsentan,TVTX,2023-02-17,p=0.0094,VERIFIED_PRIMARY_OR_PIVOTAL,https://www.sec.gov/Archives/edgar/data/1438533/000143853326000014/tvtx-20251231.htm,DUPLEX prespecified interim FSGS partial-remission endpoint used in accelerated-approval evidence.
APLS|2023-02-26|pegcetacoplan,APLS,2023-02-26,,NOT_VERIFIED,,
RETA|2023-02-28|omaveloxolone,RETA,2023-02-28,p=0.014,VERIFIED_PRIMARY_OR_PIVOTAL,https://www.sec.gov/Archives/edgar/data/1358762/000095017022008701/reta-ex99_2.htm,MOXIe Part 2 randomized primary mFARS endpoint.
CYTK|2023-02-28|omecamtiv-mecarbil,CYTK,2023-02-28,,NOT_VERIFIED,,
ACAD|2023-03-10|trofinetide,ACAD,2023-03-10,p=0.0175 | p=0.0030,VERIFIED_PRIMARY_OR_PIVOTAL,https://pubmed.ncbi.nlm.nih.gov/37291210/,LAVENDER Phase 3 co-primary RSBQ and CGI-I endpoints.
MCRB|2023-04-26|vowst,MCRB,2023-04-26,p<0.001,VERIFIED_PRIMARY_OR_PIVOTAL,https://www.sec.gov/Archives/edgar/data/1609809/000119312523138954/d456262dex992.htm,ECOSPOR III Phase 3 primary recurrent-C. difficile endpoint.
ASND|2023-04-30|transcon-pth,ASND,2023-04-30,,NOT_VERIFIED,,
KRYS|2023-05-19|vyjuvek,KRYS,2023-05-19,p=0.002,VERIFIED_PRIMARY_OR_PIVOTAL,https://pubmed.ncbi.nlm.nih.gov/36516090/,GEM-3 pivotal primary complete wound-healing endpoint at 6 months.
IBRX|2023-05-23|anktiva,IBRX,2023-05-23,,NOT_VERIFIED,,
LXRX|2023-05-27|sotagliflozin,LXRX,2023-05-27,,NOT_VERIFIED,,
AVDL|2023-06-03|lumryz,AVDL,2023-06-03,,NOT_VERIFIED,,
ALDX|2023-06-21|adx-2191,ALDX,2023-06-21,,NOT_VERIFIED,,
ICPT|2023-06-22|obeticholic-acid,ICPT,2023-06-22,,NOT_VERIFIED,,
MESO|2023-08-02|remestemcel-l,MESO,2023-08-02,,NOT_VERIFIED,,
TARS|2023-08-25|lotilaner,TARS,2023-08-25,,NOT_VERIFIED,,
SPRY|2023-09-19|neffy,SPRY,2023-09-19,,NOT_VERIFIED,,
ARDX|2023-10-17|tenapanor,ARDX,2023-10-17,,NOT_VERIFIED,,
CPRX|2023-10-26|vamorolone,CPRX,2023-10-26,,NOT_VERIFIED,,
PHAT|2023-11-17|vonoprazan-resubmission,PHAT,2023-11-17,,NOT_VERIFIED,,
SWTX|2023-11-27|nirogacestat,SWTX,2023-11-27,p<0.001,VERIFIED_PRIMARY_OR_PIVOTAL,https://www.nejm.org/doi/full/10.1056/NEJMoa2210140,DeFi Phase 3 progression-free-survival primary endpoint.
CRSP|2023-12-08|exa-cel-scd,CRSP,2023-12-08,,NOT_VERIFIED,,
BLUE|2023-12-20|lovo-cel,BLUE,2023-12-20,,NOT_VERIFIED,,
IONS|2023-12-22|eplontersen,IONS,2023-12-22,,NOT_VERIFIED,,
EPZM|2020-01-23|tazemetostat,EPZM,2020-01-23,,NOT_VERIFIED,,
AIMT|2020-01-31|palforzia,AIMT,2020-01-31,,NOT_VERIFIED,,
ESPR|2020-02-21|bempedoic-acid,ESPR,2020-02-21,p<0.001,VERIFIED_PRIMARY_OR_PIVOTAL,https://pubmed.ncbi.nlm.nih.gov/30865796/,CLEAR Harmony/Wisdom Phase 3 LDL-C efficacy showed p<0.001; approval program used multiple Phase 3 studies.
ESPR|2020-02-26|bempedoic-acid-ezetimibe,ESPR,2020-02-26,,NOT_VERIFIED,,
ZGNX|2020-06-25|fenfluramine,ZGNX,2020-06-25,p<0.0001,VERIFIED_PRIMARY_OR_PIVOTAL,https://pubmed.ncbi.nlm.nih.gov/31862249/,Fenfluramine pivotal Dravet Phase 3 primary seizure-frequency endpoint.
HRTX|2020-06-26|htx-011,HRTX,2020-06-26,,NOT_VERIFIED,,
RARE|2020-06-30|triheptanoin,RARE,2020-06-30,,NOT_VERIFIED,,
DBVT|2020-08-03|viaskin-peanut,DBVT,2020-08-03,,NOT_VERIFIED,,
KALA|2020-10-30|loteprednol-etabonate,KALA,2020-10-30,,NOT_VERIFIED,,
SUPN|2020-11-08|viloxazine,SUPN,2020-11-08,,NOT_VERIFIED,,
ALKS|2020-11-15|olanzapine-samidorphan,ALKS,2020-11-15,,NOT_VERIFIED,,
EIGR|2020-11-20|lonafarnib,EIGR,2020-11-20,,NOT_VERIFIED,,
RYTM|2020-11-27|setmelanotide,RYTM,2020-11-27,,NOT_VERIFIED,,
YMAB|2020-11-30|naxitamab,YMAB,2020-11-30,,NOT_VERIFIED,,
VNDA|2020-12-01|tasimelteon-sms,VNDA,2020-12-01,,NOT_VERIFIED,,
BCRX|2020-12-03|berotralstat,BCRX,2020-12-03,p<0.001,VERIFIED_PRIMARY_OR_PIVOTAL,https://www.sciencedirect.com/science/article/pii/S0091674920314846,APeX-2 Phase 3 primary HAE attack-rate endpoint for 150 mg dose.
KPTI|2020-12-18|selinexor-mm,KPTI,2020-12-18,,NOT_VERIFIED,,
MGNX|2020-12-18|margetuximab,MGNX,2020-12-18,,NOT_VERIFIED,,
MYOV|2020-12-20|relugolix,MYOV,2020-12-20,,NOT_VERIFIED,,
VIE|2020-06-11|inebilizumab,VIE,2020-06-11,p<0.0001,VERIFIED_PRIMARY_OR_PIVOTAL,https://pubmed.ncbi.nlm.nih.gov/31495497/,N-MOmentum randomized phase 2/3 primary attack-risk result.
AUPH|2021-01-22|voclosporin,AUPH,2021-01-22,p<0.0001,VERIFIED_PRIMARY_OR_PIVOTAL,https://pubmed.ncbi.nlm.nih.gov/33971155/,AURORA 1 Phase 3 complete renal response primary endpoint.
TGTX|2021-02-15|umbralisib,TGTX,2021-02-15,,NOT_VERIFIED,,
GTHX|2021-02-15|trilaciclib,GTHX,2021-02-15,,NOT_VERIFIED,,
CRMD|2021-02-26|defencath,CRMD,2021-02-26,,NOT_VERIFIED,,
ATNX|2021-03-01|oral-paclitaxel,ATNX,2021-03-01,,NOT_VERIFIED,,
BLUE|2021-03-27|idecabtagene-vicleucel,BLUE,2021-03-27,,NOT_VERIFIED,,
SUPN|2021-04-02|viloxazine-resubmission,SUPN,2021-04-02,,NOT_VERIFIED,,
ACAD|2021-04-03|pimavanserin-drp,ACAD,2021-04-03,,NOT_VERIFIED,,
APLS|2021-05-14|pegcetacoplan,APLS,2021-05-14,,NOT_VERIFIED,,
ADCT|2021-05-21|loncastuximab-tesirine,ADCT,2021-05-21,,NOT_VERIFIED,,
LNTH|2021-05-28|piflufolastat-f18,LNTH,2021-05-28,,NOT_VERIFIED,,
ORPH|2021-06-17|arimoclomol,ORPH,2021-06-17,,NOT_VERIFIED,,
PRVB|2021-07-02|teplizumab,PRVB,2021-07-02,,NOT_VERIFIED,,
ALBO|2021-07-20|odevixibat,ALBO,2021-07-20,p=0.004 | p=0.003,VERIFIED_PRIMARY_OR_PIVOTAL,https://www.sec.gov/Archives/edgar/data/1322505/000110465920124704/tm2035841d1_ex99-1.htm,PEDFIC 1 Phase 3 U.S. pruritus primary endpoint and EU serum-bile-acid primary endpoint.
ARDX|2021-07-29|tenapanor,ARDX,2021-07-29,,NOT_VERIFIED,,
SPPI|2021-08-06|eflapegrastim,SPPI,2021-08-06,,NOT_VERIFIED,,
SESN|2021-08-18|vicineum,SESN,2021-08-18,,NOT_VERIFIED,,
CARA|2021-08-23|difelikefalin,CARA,2021-08-23,p<0.001 | p=0.02,VERIFIED_PRIMARY_OR_PIVOTAL,https://pubmed.ncbi.nlm.nih.gov/31702883/,KALM-1 primary endpoint p<0.001; KALM-2 supportive Phase 3 primary endpoint p=0.02.
ASND|2021-09-25|lonapegsomatropin,ASND,2021-09-25,,NOT_VERIFIED,,
MIRM|2021-09-29|maralixibat,MIRM,2021-09-29,p=0.0464,VERIFIED_PRIMARY_OR_PIVOTAL,https://www.ncbi.nlm.nih.gov/books/NBK608449/,ICONIC pivotal randomized-withdrawal primary serum bile acid endpoint.
CCXI|2021-10-07|avacopan,CCXI,2021-10-07,,NOT_VERIFIED,,
RVNC|2021-10-15|daxibotulinumtoxina,RVNC,2021-10-15,,NOT_VERIFIED,,
UTHR|2021-10-16|tyvaso-dpi,UTHR,2021-10-16,,NOT_VERIFIED,,
OMER|2021-10-17|narsoplimab,OMER,2021-10-17,,NOT_VERIFIED,,
IMCR|2022-01-26|tebentafusp,IMCR,2022-01-26,p<0.0001,VERIFIED_PRIMARY_OR_PIVOTAL,https://www.medicines.org.uk/emc/product/13842/smpc,IMCgp100-202 Phase 3 overall-survival primary endpoint.
OPK|2022-01-31|somatrogon,OPK,2022-01-31,,NOT_VERIFIED,,
AGIO|2022-02-17|mitapivat,AGIO,2022-02-17,p<0.0001 | p=0.0002,VERIFIED_PRIMARY_OR_PIVOTAL,https://investor.agios.com/news-releases/news-release-details/agios-announces-phase-3-activate-trial-mitapivat-achieved-its,ACTIVATE randomized Phase 3 primary endpoint p<0.0001; ACTIVATE-T transfusion-reduction primary endpoint p=0.0002.
RETA|2022-02-25|bardoxolone,RETA,2022-02-25,,NOT_VERIFIED,,
AMYT|2022-02-28|filsuvez,AMYT,2022-02-28,,NOT_VERIFIED,,
LEGN|2022-02-28|ciltacabtagene-autoleucel,LEGN,2022-02-28,,NOT_VERIFIED,,
CTIC|2022-02-28|pacritinib,CTIC,2022-02-28,p=0.001 | p=0.011,VERIFIED_PRIMARY_OR_PIVOTAL,https://www.sec.gov/Archives/edgar/data/891293/000089129318000002/ctibiopharmacorporatepre.htm,PERSIST-2 Phase 3 spleen-volume and symptom endpoints for pacritinib 200 mg BID.
MRNS|2022-03-20|ganaxolone,MRNS,2022-03-20,,NOT_VERIFIED,,
AKBA|2022-03-29|vadadustat,AKBA,2022-03-29,,NOT_VERIFIED,,
BTAI|2022-04-05|dexmedetomidine-film,BTAI,2022-04-05,,NOT_VERIFIED,,
CHRS|2022-04-30|toripalimab,CHRS,2022-04-30,,NOT_VERIFIED,,
HCM|2022-04-30|surufatinib,HCM,2022-04-30,,NOT_VERIFIED,,
CRMD|2022-08-04|defencath-resubmission,CRMD,2022-08-04,,NOT_VERIFIED,,
ARQT|2022-07-29|roflumilast-cream,ARQT,2022-07-29,,NOT_VERIFIED,,
BLUE|2022-08-19|betibeglogene-autotemcel,BLUE,2022-08-19,,NOT_VERIFIED,,
AXSM|2022-08-22|dextromethorphan-bupropion,AXSM,2022-08-22,p=0.002,VERIFIED_PRIMARY_OR_PIVOTAL,https://pubmed.ncbi.nlm.nih.gov/35649167/,GEMINI Phase 3 MADRS primary endpoint at week 6.
RVNC|2022-09-08|daxibotulinumtoxina-resubmission,RVNC,2022-09-08,,NOT_VERIFIED,,
BLUE|2022-09-16|elivaldogene-autotemcel,BLUE,2022-09-16,,NOT_VERIFIED,,
AMLX|2022-09-29|sodium-phenylbutyrate-taurursodiol,AMLX,2022-09-29,,NOT_VERIFIED,,
PRVB|2022-11-17|teplizumab-resubmission,PRVB,2022-11-17,,NOT_VERIFIED,,
MRTX|2022-12-14|adagrasib,MRTX,2022-12-14,,NOT_VERIFIED,,
TGTX|2022-12-28|ublituximab,TGTX,2022-12-28,,NOT_VERIFIED,,
