event_key,ticker,company,drug,pdufa_date,run_status,requested_scope,started_at_utc,completed_at_utc,last_successful_recheck_utc,change_count,error_count,pdufa_date_status,pdufa_date_note,pdufa_date_source,phase3_status,phase3_note,phase3_source,financing_status,financing_note,financing_source,cash_runway_status,cash_runway_note,cash_runway_source,market_data_status,market_data_note,market_data_source,ownership_insiders_status,ownership_insiders_note,ownership_insiders_source
BFRI|AMELUZ_SBCC_20260928,BFRI,Biofrontera Inc.,Ameluz PDT,2026-09-28,COMPLETED_WITH_ERRORS,ALL,2026-10-05T13:20:45Z,2026-10-05T13:20:46Z,,0,4,CHECK_ERROR,FDA/PDUFA source failed: HTTP Error 404: Not Found,https://www.accessdata.fda.gov/drugsatfda_docs/label/2026/208081s040lbl.pdf,NO_TRIAL_ID,No event-specific NCT ID or trial source available.,,CHECK_ERROR,SEC submissions failed: HTTP Error 403: Forbidden,,CHECK_ERROR,SEC Companyfacts failed: HTTP Error 403: Forbidden,https://data.sec.gov/api/xbrl/companyfacts/CIK0001858685.json,CHECKED_NO_DATA,No usable public daily market rows.,https://stooq.com/q/d/l/?s=bfri.us&i=d,CHECK_ERROR,SEC submissions failed: HTTP Error 403: Forbidden,
SRRK|APITEGROMAB_20260930,SRRK,Scholar Rock Holding Corp,apitegromab,2026-09-30,COMPLETED_WITH_ERRORS,ALL,2026-10-05T13:20:45Z,2026-10-05T13:20:47Z,,0,3,VERIFIED_SOURCE,FDA/PDUFA source reachable; stored date 2026-09-30.,https://www.fda.gov/drugs/news-events-human-drugs/fda-approves-first-therapy-target-muscle-loss-spinal-muscular-atrophy,NO_TRIAL_ID,No event-specific NCT ID or trial source available.,,CHECK_ERROR,SEC submissions failed: HTTP Error 403: Forbidden,,CHECK_ERROR,SEC Companyfacts failed: HTTP Error 403: Forbidden,https://data.sec.gov/api/xbrl/companyfacts/CIK0001727196.json,CHECKED_NO_DATA,No usable public daily market rows.,https://stooq.com/q/d/l/?s=srrk.us&i=d,CHECK_ERROR,SEC submissions failed: HTTP Error 403: Forbidden,
IRD|PHENTOLAMINE_PRESBYOPIA_20261017,IRD,"Opus Genetics, Inc.",Phentolamine Ophthalmic Solution 0.75%,2026-10-17,COMPLETED_WITH_ERRORS,ALL,2026-10-05T13:20:45Z,2026-10-05T13:20:48Z,,0,4,CHECK_ERROR,FDA/PDUFA source failed: HTTP Error 403: Forbidden,https://www.sec.gov/Archives/edgar/data/1228627/000114036126009247/ef20060643_10k.htm,P_VALUE_FOUND,NCT06542497: <0.0001 | 0.0002 | 0.0005 | 0.0328 | 0.0006 | <0.0006 | 1.0000 | 0.0046,https://clinicaltrials.gov/api/v2/studies/NCT06542497,CHECK_ERROR,SEC submissions failed: HTTP Error 403: Forbidden,,CHECK_ERROR,SEC Companyfacts failed: HTTP Error 403: Forbidden,https://data.sec.gov/api/xbrl/companyfacts/CIK0001228627.json,CHECKED_NO_DATA,No usable public daily market rows.,https://stooq.com/q/d/l/?s=ird.us&i=d,CHECK_ERROR,SEC submissions failed: HTTP Error 403: Forbidden,
VTRS|PHENTOLAMINE_PRESBYOPIA_20261017,VTRS,Viatris Inc,MR-141 (phentolamine ophthalmic solution 0.75%),2026-10-17,COMPLETED_WITH_ERRORS,ALL,2026-10-05T13:20:45Z,2026-10-05T13:20:49Z,,4,3,VERIFIED_SOURCE,FDA/PDUFA source reachable; stored date 2026-10-17.,https://newsroom.viatris.com/2026-02-25-FDA-Accepts-Viatris-Supplemental-New-Drug-Application-for-MR-141-Phentolamine-Ophthalmic-Solution-0-75-for-the-Treatment-of-Presbyopia,P_VALUE_FOUND,NCT06542497: <0.0001 | 0.0002 | 0.0005 | 0.0328 | 0.0006 | <0.0006 | 1.0000 | 0.0046,https://clinicaltrials.gov/api/v2/studies/NCT06542497,CHECK_ERROR,SEC submissions failed: HTTP Error 403: Forbidden,,CHECK_ERROR,SEC Companyfacts failed: HTTP Error 403: Forbidden,https://data.sec.gov/api/xbrl/companyfacts/CIK0001792044.json,CHECKED_NO_DATA,No usable public daily market rows.,https://stooq.com/q/d/l/?s=vtrs.us&i=d,CHECK_ERROR,SEC submissions failed: HTTP Error 403: Forbidden,
IONS|BEPIROVIRSEN_CHB_20261026,IONS,IONIS PHARMACEUTICALS INC,bepirovirsen,2026-10-26,COMPLETED_WITH_ERRORS,ALL,2026-10-05T13:20:45Z,2026-10-05T13:20:52Z,,0,3,VERIFIED_SOURCE,FDA/PDUFA source reachable; stored date 2026-10-26.,https://ir.ionis.com/static-files/41f88614-0d27-446a-8e44-034684b8ba55,CHECKED_NO_P_VALUE,NCT05630807: record checked; no p-value field safely extracted.,https://clinicaltrials.gov/api/v2/studies/NCT05630807,CHECK_ERROR,SEC submissions failed: HTTP Error 403: Forbidden,,CHECK_ERROR,SEC Companyfacts failed: HTTP Error 403: Forbidden,https://data.sec.gov/api/xbrl/companyfacts/CIK0000874015.json,CHECKED_NO_DATA,No usable public daily market rows.,https://stooq.com/q/d/l/?s=ions.us&i=d,CHECK_ERROR,SEC submissions failed: HTTP Error 403: Forbidden,
INO|INO3107_RRP_20261030,INO,"INOVIO PHARMACEUTICALS, INC.",INO-3107,2026-10-30,COMPLETED_WITH_ERRORS,ALL,2026-10-05T13:20:45Z,2026-10-05T13:20:53Z,,0,4,CHECK_ERROR,FDA/PDUFA source failed: HTTP Error 403: Forbidden,https://www.sec.gov/Archives/edgar/data/1055726/000105572626000023/ino-20260630.htm,CHECKED_NO_P_VALUE,NCT04398433: record checked; no p-value field safely extracted.,https://clinicaltrials.gov/api/v2/studies/NCT04398433,CHECK_ERROR,SEC submissions failed: HTTP Error 403: Forbidden,,CHECK_ERROR,SEC Companyfacts failed: HTTP Error 403: Forbidden,https://data.sec.gov/api/xbrl/companyfacts/CIK0001055726.json,CHECKED_NO_DATA,No usable public daily market rows.,https://stooq.com/q/d/l/?s=ino.us&i=d,CHECK_ERROR,SEC submissions failed: HTTP Error 403: Forbidden,
AGIO|MITAPIVAT_SCD_20261101,AGIO,"AGIOS PHARMACEUTICALS, INC.",mitapivat,2026-11-01,COMPLETED_WITH_ERRORS,ALL,2026-10-05T13:20:45Z,2026-10-05T13:20:54Z,,3,3,VERIFIED_SOURCE,FDA/PDUFA source reachable; stored date 2026-11-01.,https://investor.agios.com/news-releases/news-release-details/us-fda-grants-priority-review-agios-snda-mitapivat-sickle-cell,CHECKED_NO_P_VALUE,NCT04610866: record checked; no p-value field safely extracted.,https://clinicaltrials.gov/api/v2/studies/NCT04610866,CHECK_ERROR,SEC submissions failed: HTTP Error 403: Forbidden,,CHECK_ERROR,SEC Companyfacts failed: HTTP Error 403: Forbidden,https://data.sec.gov/api/xbrl/companyfacts/CIK0001439222.json,CHECKED_NO_DATA,No usable public daily market rows.,https://stooq.com/q/d/l/?s=agio.us&i=d,CHECK_ERROR,SEC submissions failed: HTTP Error 403: Forbidden,
CYTK|MYQORZO_HCM_20261114,CYTK,CYTOKINETICS INC,MYQORZO,2026-11-14,COMPLETED_WITH_ERRORS,ALL,2026-10-05T13:20:45Z,2026-10-05T13:20:55Z,,0,4,CHECK_ERROR,FDA/PDUFA source failed: HTTP Error 403: Forbidden,https://www.sec.gov/Archives/edgar/data/1061983/000119312526206360/cytk-ex99_1.htm,NO_TRIAL_ID,No event-specific NCT ID or trial source available.,,CHECK_ERROR,SEC submissions failed: HTTP Error 403: Forbidden,,CHECK_ERROR,SEC Companyfacts failed: HTTP Error 403: Forbidden,https://data.sec.gov/api/xbrl/companyfacts/CIK0001061983.json,CHECKED_NO_DATA,No usable public daily market rows.,https://stooq.com/q/d/l/?s=cytk.us&i=d,CHECK_ERROR,SEC submissions failed: HTTP Error 403: Forbidden,
SMMT|IVONESCIMAB_20261114,SMMT,Summit Therapeutics Inc.,ivonescimab,2026-11-14,COMPLETED_WITH_ERRORS,ALL,2026-10-05T13:20:45Z,2026-10-05T13:20:56Z,,0,4,CHECK_ERROR,FDA/PDUFA source failed: HTTP Error 403: Forbidden,https://www.sec.gov/Archives/edgar/data/1599298/000159929826000006/smmt-20260129.htm,NO_TRIAL_ID,No event-specific NCT ID or trial source available.,,CHECK_ERROR,SEC submissions failed: HTTP Error 403: Forbidden,,CHECK_ERROR,SEC Companyfacts failed: HTTP Error 403: Forbidden,https://data.sec.gov/api/xbrl/companyfacts/CIK0001599298.json,CHECKED_NO_DATA,No usable public daily market rows.,https://stooq.com/q/d/l/?s=smmt.us&i=d,CHECK_ERROR,SEC submissions failed: HTTP Error 403: Forbidden,
CAPR|DERAMIOCEL_DMD_20261122,CAPR,"CAPRICOR THERAPEUTICS, INC.",Deramiocel,2026-11-22,COMPLETED_WITH_ERRORS,ALL,2026-10-05T13:20:45Z,2026-10-05T13:20:57Z,,3,3,VERIFIED_SOURCE,FDA/PDUFA source reachable; stored date 2026-11-22.,https://www.capricor.com/investors/news-events/press-releases/detail/355/capricor-therapeutics-to-present-hope-3-and-hope-3,CHECKED_NO_P_VALUE,NCT03406780: record checked; no p-value field safely extracted.,https://clinicaltrials.gov/api/v2/studies/NCT03406780,CHECK_ERROR,SEC submissions failed: HTTP Error 403: Forbidden,,CHECK_ERROR,SEC Companyfacts failed: HTTP Error 403: Forbidden,https://data.sec.gov/api/xbrl/companyfacts/CIK0001133869.json,CHECKED_NO_DATA,No usable public daily market rows.,https://stooq.com/q/d/l/?s=capr.us&i=d,CHECK_ERROR,SEC submissions failed: HTTP Error 403: Forbidden,
BBIO|BBP418_LGMD2IR9_20261127,BBIO,"BridgeBio Pharma, Inc.",BBP-418,2026-11-27,COMPLETED_WITH_ERRORS,ALL,2026-10-05T13:20:45Z,2026-10-05T13:20:58Z,,0,4,CHECK_ERROR,FDA/PDUFA source failed: HTTP Error 403: Forbidden,https://www.sec.gov/Archives/edgar/data/1743881/000174388126000026/bbio-20260630xex991.htm,CHECKED_NO_P_VALUE,NCT07678775: record checked; no p-value field safely extracted.,https://clinicaltrials.gov/api/v2/studies/NCT07678775,CHECK_ERROR,SEC submissions failed: HTTP Error 403: Forbidden,,CHECK_ERROR,SEC Companyfacts failed: HTTP Error 403: Forbidden,https://data.sec.gov/api/xbrl/companyfacts/CIK0001743881.json,CHECKED_NO_DATA,No usable public daily market rows.,https://stooq.com/q/d/l/?s=bbio.us&i=d,CHECK_ERROR,SEC submissions failed: HTTP Error 403: Forbidden,
VRTX|POVETACICEPT_IGAN_20261130,VRTX,VERTEX PHARMACEUTICALS INC / MA,povetacicept,2026-11-30,COMPLETED_WITH_ERRORS,ALL,2026-10-05T13:20:45Z,2026-10-05T13:20:59Z,,3,3,VERIFIED_SOURCE,FDA/PDUFA source reachable; stored date 2026-11-30.,https://investors.vrtx.com/news-releases/news-release-details/vertex-announces-us-fda-acceptance-biologics-license-application,CHECKED_NO_P_VALUE,NCT07807995: record checked; no p-value field safely extracted.,https://clinicaltrials.gov/api/v2/studies/NCT07807995,CHECK_ERROR,SEC submissions failed: HTTP Error 403: Forbidden,,CHECK_ERROR,SEC Companyfacts failed: HTTP Error 403: Forbidden,https://data.sec.gov/api/xbrl/companyfacts/CIK0000875320.json,CHECKED_NO_DATA,No usable public daily market rows.,https://stooq.com/q/d/l/?s=vrtx.us&i=d,CHECK_ERROR,SEC submissions failed: HTTP Error 403: Forbidden,
ZLAB|POVETACICEPT_IGAN_20261130,ZLAB,Zai Lab Ltd,povetacicept,2026-11-30,COMPLETED_WITH_ERRORS,ALL,2026-10-05T13:20:45Z,2026-10-05T13:21:00Z,,0,4,CHECK_ERROR,FDA/PDUFA source failed: HTTP Error 403: Forbidden,https://www.sec.gov/Archives/edgar/data/875320/000087532026000259/vrtx-20260630.htm,CHECKED_NO_P_VALUE,NCT07807995: record checked; no p-value field safely extracted.,https://clinicaltrials.gov/api/v2/studies/NCT07807995,CHECK_ERROR,SEC submissions failed: HTTP Error 403: Forbidden,,CHECK_ERROR,SEC Companyfacts failed: HTTP Error 403: Forbidden,https://data.sec.gov/api/xbrl/companyfacts/CIK0001704292.json,CHECKED_NO_DATA,No usable public daily market rows.,https://stooq.com/q/d/l/?s=zlab.us&i=d,CHECK_ERROR,SEC submissions failed: HTTP Error 403: Forbidden,
ANAB|IMSIDOLIMAB_GPP_20261212,ANAB,"ANAPTYSBIO, INC",Quimilza (imsidolimab),2026-12-12,COMPLETED_WITH_ERRORS,ALL,2026-10-05T13:20:45Z,2026-10-05T13:21:01Z,,0,4,CHECK_ERROR,FDA/PDUFA source failed: HTTP Error 403: Forbidden,https://www.sec.gov/Archives/edgar/data/1347178/000162828026053308/vnda8-k852026exhibit991.htm,NO_TRIAL_ID,No event-specific NCT ID or trial source available.,,CHECK_ERROR,SEC submissions failed: HTTP Error 403: Forbidden,,CHECK_ERROR,SEC Companyfacts failed: HTTP Error 403: Forbidden,https://data.sec.gov/api/xbrl/companyfacts/CIK0001370053.json,CHECKED_NO_DATA,No usable public daily market rows.,https://stooq.com/q/d/l/?s=anab.us&i=d,CHECK_ERROR,SEC submissions failed: HTTP Error 403: Forbidden,
CORT|RELACORILANT_CUSHINGS_20261217,CORT,CORCEPT THERAPEUTICS INC,relacorilant,2026-12-17,COMPLETED_WITH_ERRORS,ALL,2026-10-05T13:20:45Z,2026-10-05T13:21:02Z,,1,4,CHECK_ERROR,FDA/PDUFA source failed: HTTP Error 403: Forbidden,https://www.sec.gov/Archives/edgar/data/1088856/000162828026050607/cort072926ex991pressrelease.htm,P_VALUE_FOUND,NCT04308590: 0.4160,https://clinicaltrials.gov/api/v2/studies/NCT04308590,CHECK_ERROR,SEC submissions failed: HTTP Error 403: Forbidden,,CHECK_ERROR,SEC Companyfacts failed: HTTP Error 403: Forbidden,https://data.sec.gov/api/xbrl/companyfacts/CIK0001088856.json,CHECKED_NO_DATA,No usable public daily market rows.,https://stooq.com/q/d/l/?s=cort.us&i=d,CHECK_ERROR,SEC submissions failed: HTTP Error 403: Forbidden,
MLYS|LORUNDROSTAT_20261222,MLYS,"Mineralys Therapeutics, Inc.",lorundrostat,2026-12-22,COMPLETED_WITH_ERRORS,ALL,2026-10-05T13:20:45Z,2026-10-05T13:21:02Z,,0,4,CHECK_ERROR,FDA/PDUFA source failed: HTTP Error 403: Forbidden,https://www.sec.gov/Archives/edgar/data/1933414/000193341426000112/mlys2026q28kex991.htm,NO_TRIAL_ID,No event-specific NCT ID or trial source available.,,CHECK_ERROR,SEC submissions failed: HTTP Error 403: Forbidden,,CHECK_ERROR,SEC Companyfacts failed: HTTP Error 403: Forbidden,https://data.sec.gov/api/xbrl/companyfacts/CIK0001933414.json,CHECKED_NO_DATA,No usable public daily market rows.,https://stooq.com/q/d/l/?s=mlys.us&i=d,CHECK_ERROR,SEC submissions failed: HTTP Error 403: Forbidden,
GILD|ANITOCEL_MM_20261223,GILD,"GILEAD SCIENCES, INC.",anitocabtagene autoleucel (anito-cel),2026-12-23,COMPLETED_WITH_ERRORS,ALL,2026-10-05T13:20:45Z,2026-10-05T13:21:03Z,,0,4,CHECK_ERROR,FDA/PDUFA source failed: HTTP Error 403: Forbidden,https://www.sec.gov/Archives/edgar/data/882095/000088209526000022/exhibit991earningspressrel.htm,NO_TRIAL_ID,No event-specific NCT ID or trial source available.,,CHECK_ERROR,SEC submissions failed: HTTP Error 403: Forbidden,,CHECK_ERROR,SEC Companyfacts failed: HTTP Error 403: Forbidden,https://data.sec.gov/api/xbrl/companyfacts/CIK0000882095.json,CHECKED_NO_DATA,No usable public daily market rows.,https://stooq.com/q/d/l/?s=gild.us&i=d,CHECK_ERROR,SEC submissions failed: HTTP Error 403: Forbidden,
PRAX|RELUTRIGINE_DEE_20261227,PRAX,"Praxis Precision Medicines, Inc.",relutrigine,2026-12-27,COMPLETED_WITH_ERRORS,ALL,2026-10-05T13:20:45Z,2026-10-05T13:21:04Z,,0,4,CHECK_ERROR,FDA/PDUFA source failed: HTTP Error 403: Forbidden,https://www.sec.gov/Archives/edgar/data/1689548/000168954826000082/praxisq22026pr.htm,NO_TRIAL_ID,No event-specific NCT ID or trial source available.,,CHECK_ERROR,SEC submissions failed: HTTP Error 403: Forbidden,,CHECK_ERROR,SEC Companyfacts failed: HTTP Error 403: Forbidden,https://data.sec.gov/api/xbrl/companyfacts/CIK0001689548.json,CHECKED_NO_DATA,No usable public daily market rows.,https://stooq.com/q/d/l/?s=prax.us&i=d,CHECK_ERROR,SEC submissions failed: HTTP Error 403: Forbidden,
VTRS|MR107A02_ACUTEPAIN_20261227,VTRS,Viatris Inc,MR-107A-02 (fast-acting meloxicam),2026-12-27,COMPLETED_WITH_ERRORS,ALL,2026-10-05T13:20:45Z,2026-10-05T13:21:04Z,,0,4,CHECK_ERROR,FDA/PDUFA source failed: HTTP Error 403: Forbidden,https://www.sec.gov/Archives/edgar/data/1792044/000179204426000037/exhibit991-2q26earningsrel.htm,NO_TRIAL_ID,No event-specific NCT ID or trial source available.,,CHECK_ERROR,SEC submissions failed: HTTP Error 403: Forbidden,,CHECK_ERROR,SEC Companyfacts failed: HTTP Error 403: Forbidden,https://data.sec.gov/api/xbrl/companyfacts/CIK0001792044.json,CHECKED_NO_DATA,No usable public daily market rows.,https://stooq.com/q/d/l/?s=vtrs.us&i=d,CHECK_ERROR,SEC submissions failed: HTTP Error 403: Forbidden,
COGT|BEZUCLASTINIB_NONADVSM_20261230,COGT,"Cogent Biosciences, Inc.",bezuclastinib,2026-12-30,COMPLETED_WITH_ERRORS,ALL,2026-10-05T13:20:45Z,2026-10-05T13:21:05Z,,0,4,CHECK_ERROR,FDA/PDUFA source failed: HTTP Error 403: Forbidden,https://www.sec.gov/Archives/edgar/data/1622229/000119312526341315/cogt-ex99_1.htm,NO_TRIAL_ID,No event-specific NCT ID or trial source available.,,CHECK_ERROR,SEC submissions failed: HTTP Error 403: Forbidden,,CHECK_ERROR,SEC Companyfacts failed: HTTP Error 403: Forbidden,https://data.sec.gov/api/xbrl/companyfacts/CIK0001622229.json,CHECKED_NO_DATA,No usable public daily market rows.,https://stooq.com/q/d/l/?s=cogt.us&i=d,CHECK_ERROR,SEC submissions failed: HTTP Error 403: Forbidden,
NUVB|IBTROZI_ROS1NSCLC_20270104,NUVB,Nuvation Bio Inc.,IBTROZI (taletrectinib),2027-01-04,COMPLETED_WITH_ERRORS,ALL,2026-10-05T13:20:45Z,2026-10-05T13:21:06Z,,0,3,NO_VERIFIED_SOURCE,No saved FDA/PDUFA source. Stored date 2027-01-04 retained; no cross-event fallback used.,,NO_TRIAL_ID,No event-specific NCT ID or trial source available.,,CHECK_ERROR,SEC submissions failed: HTTP Error 403: Forbidden,,CHECK_ERROR,SEC Companyfacts failed: HTTP Error 403: Forbidden,https://data.sec.gov/api/xbrl/companyfacts/CIK0001811063.json,CHECKED_NO_DATA,No usable public daily market rows.,https://stooq.com/q/d/l/?s=nuvb.us&i=d,CHECK_ERROR,SEC submissions failed: HTTP Error 403: Forbidden,
IBRX|ANKTIVA_NMIBC_20270106,IBRX,"ImmunityBio, Inc.",ANKTIVA + BCG,2027-01-06,COMPLETED_WITH_ERRORS,ALL,2026-10-05T13:20:45Z,2026-10-05T13:21:07Z,,0,3,NO_VERIFIED_SOURCE,No saved FDA/PDUFA source. Stored date 2027-01-06 retained; no cross-event fallback used.,,NO_TRIAL_ID,No event-specific NCT ID or trial source available.,,CHECK_ERROR,SEC submissions failed: HTTP Error 403: Forbidden,,CHECK_ERROR,SEC Companyfacts failed: HTTP Error 403: Forbidden,https://data.sec.gov/api/xbrl/companyfacts/CIK0001326110.json,CHECKED_NO_DATA,No usable public daily market rows.,https://stooq.com/q/d/l/?s=ibrx.us&i=d,CHECK_ERROR,SEC submissions failed: HTTP Error 403: Forbidden,
DYN|ZROSTUDIRSEN_DMD_20270121,DYN,"Dyne Therapeutics, Inc.",z-rostudirsen,2027-01-21,COMPLETED_WITH_ERRORS,ALL,2026-10-05T13:20:45Z,2026-10-05T13:21:08Z,,0,3,NO_VERIFIED_SOURCE,No saved FDA/PDUFA source. Stored date 2027-01-21 retained; no cross-event fallback used.,,CHECKED_NO_P_VALUE,NCT07608432: record checked; no p-value field safely extracted.,https://clinicaltrials.gov/api/v2/studies/NCT07608432,CHECK_ERROR,SEC submissions failed: HTTP Error 403: Forbidden,,CHECK_ERROR,SEC Companyfacts failed: HTTP Error 403: Forbidden,https://data.sec.gov/api/xbrl/companyfacts/CIK0001818794.json,CHECKED_NO_DATA,No usable public daily market rows.,https://stooq.com/q/d/l/?s=dyn.us&i=d,CHECK_ERROR,SEC submissions failed: HTTP Error 403: Forbidden,
PRAX|ULIXACALTAMIDE_ET_20270129,PRAX,"Praxis Precision Medicines, Inc.",ulixacaltamide HCl,2027-01-29,COMPLETED_WITH_ERRORS,ALL,2026-10-05T13:20:45Z,2026-10-05T13:21:08Z,,0,3,NO_VERIFIED_SOURCE,No saved FDA/PDUFA source. Stored date 2027-01-29 retained; no cross-event fallback used.,,NO_TRIAL_ID,No event-specific NCT ID or trial source available.,,CHECK_ERROR,SEC submissions failed: HTTP Error 403: Forbidden,,CHECK_ERROR,SEC Companyfacts failed: HTTP Error 403: Forbidden,https://data.sec.gov/api/xbrl/companyfacts/CIK0001689548.json,CHECKED_NO_DATA,No usable public daily market rows.,https://stooq.com/q/d/l/?s=prax.us&i=d,CHECK_ERROR,SEC submissions failed: HTTP Error 403: Forbidden,
ARQT|ZORYVE_AD_20270223,ARQT,"Arcutis Biotherapeutics, Inc.",ZORYVE cream 0.05%,2027-02-23,COMPLETED_WITH_ERRORS,ALL,2026-10-05T13:20:45Z,2026-10-05T13:21:09Z,,0,3,NO_VERIFIED_SOURCE,No saved FDA/PDUFA source. Stored date 2027-02-23 retained; no cross-event fallback used.,,NO_TRIAL_ID,No event-specific NCT ID or trial source available.,,CHECK_ERROR,SEC submissions failed: HTTP Error 403: Forbidden,,CHECK_ERROR,SEC Companyfacts failed: HTTP Error 403: Forbidden,https://data.sec.gov/api/xbrl/companyfacts/CIK0001787306.json,CHECKED_NO_DATA,No usable public daily market rows.,https://stooq.com/q/d/l/?s=arqt.us&i=d,CHECK_ERROR,SEC submissions failed: HTTP Error 403: Forbidden,
CGEM|ZIPALERTINIB_NSCLC_20270227,CGEM,"Cullinan Therapeutics, Inc.",zipalertinib,2027-02-27,COMPLETED_WITH_ERRORS,ALL,2026-10-05T13:20:45Z,2026-10-05T13:21:10Z,,0,3,NO_VERIFIED_SOURCE,No saved FDA/PDUFA source. Stored date 2027-02-27 retained; no cross-event fallback used.,,NO_TRIAL_ID,No event-specific NCT ID or trial source available.,,CHECK_ERROR,SEC submissions failed: HTTP Error 403: Forbidden,,CHECK_ERROR,SEC Companyfacts failed: HTTP Error 403: Forbidden,https://data.sec.gov/api/xbrl/companyfacts/CIK0001789972.json,CHECKED_NO_DATA,No usable public daily market rows.,https://stooq.com/q/d/l/?s=cgem.us&i=d,CHECK_ERROR,SEC submissions failed: HTTP Error 403: Forbidden,
APMD|OXNIMBI_OSA_20270228,APMD,"Apnimed, Inc.",Oxnimbi,2027-02-28,COMPLETED_WITH_ERRORS,ALL,2026-10-05T13:20:45Z,2026-10-05T13:21:10Z,,0,3,NO_VERIFIED_SOURCE,No saved FDA/PDUFA source. Stored date 2027-02-28 retained; no cross-event fallback used.,,NO_TRIAL_ID,No event-specific NCT ID or trial source available.,,CHECK_ERROR,SEC submissions failed: HTTP Error 403: Forbidden,,CHECK_ERROR,SEC Companyfacts failed: HTTP Error 403: Forbidden,https://data.sec.gov/api/xbrl/companyfacts/CIK0001745648.json,CHECKED_NO_DATA,No usable public daily market rows.,https://stooq.com/q/d/l/?s=apmd.us&i=d,CHECK_ERROR,SEC submissions failed: HTTP Error 403: Forbidden,
BMRN|VOXZOGO_ACHONDROPLASIA_20270228,BMRN,BIOMARIN PHARMACEUTICAL INC,VOXZOGO,2027-02-28,COMPLETED_WITH_ERRORS,ALL,2026-10-05T13:20:45Z,2026-10-05T13:21:11Z,,0,3,NO_VERIFIED_SOURCE,No saved FDA/PDUFA source. Stored date 2027-02-28 retained; no cross-event fallback used.,,NO_TRIAL_ID,No event-specific NCT ID or trial source available.,,CHECK_ERROR,SEC submissions failed: HTTP Error 403: Forbidden,,CHECK_ERROR,SEC Companyfacts failed: HTTP Error 403: Forbidden,https://data.sec.gov/api/xbrl/companyfacts/CIK0001048477.json,CHECKED_NO_DATA,No usable public daily market rows.,https://stooq.com/q/d/l/?s=bmrn.us&i=d,CHECK_ERROR,SEC submissions failed: HTTP Error 403: Forbidden,
EXEL|ZANZALINTINIB_CRC,EXEL,"EXELIXIS, INC.",zanzalintinib + atezolizumab,2027-03-03,COMPLETED_WITH_ERRORS,ALL,2026-10-05T13:20:45Z,2026-10-05T13:21:12Z,,0,3,NO_VERIFIED_SOURCE,No saved FDA/PDUFA source. Stored date 2027-03-03 retained; no cross-event fallback used.,,NO_TRIAL_ID,No event-specific NCT ID or trial source available.,,CHECK_ERROR,SEC submissions failed: HTTP Error 403: Forbidden,,CHECK_ERROR,SEC Companyfacts failed: HTTP Error 403: Forbidden,https://data.sec.gov/api/xbrl/companyfacts/CIK0000939767.json,CHECKED_NO_DATA,No usable public daily market rows.,https://stooq.com/q/d/l/?s=exel.us&i=d,CHECK_ERROR,SEC submissions failed: HTTP Error 403: Forbidden,
NTLA|LONVOZ_HAE_20270310,NTLA,"Intellia Therapeutics, Inc.",lonvoguran ziclumeran (lonvo-z),2027-03-10,COMPLETED_WITH_ERRORS,ALL,2026-10-05T13:20:45Z,2026-10-05T13:21:12Z,,0,3,NO_VERIFIED_SOURCE,No saved FDA/PDUFA source. Stored date 2027-03-10 retained; no cross-event fallback used.,,NO_TRIAL_ID,No event-specific NCT ID or trial source available.,,CHECK_ERROR,SEC submissions failed: HTTP Error 403: Forbidden,,CHECK_ERROR,SEC Companyfacts failed: HTTP Error 403: Forbidden,https://data.sec.gov/api/xbrl/companyfacts/CIK0001652130.json,CHECKED_NO_DATA,No usable public daily market rows.,https://stooq.com/q/d/l/?s=ntla.us&i=d,CHECK_ERROR,SEC submissions failed: HTTP Error 403: Forbidden,
HRMY|PITOLISANT_GR_20270401,HRMY,"Harmony Biosciences Holdings, Inc.",pitolisant GR,2027-04-01,COMPLETED_WITH_ERRORS,ALL,2026-10-05T13:20:45Z,2026-10-05T13:21:13Z,,0,3,NO_VERIFIED_SOURCE,No saved FDA/PDUFA source. Stored date 2027-04-01 retained; no cross-event fallback used.,,NO_TRIAL_ID,No event-specific NCT ID or trial source available.,,CHECK_ERROR,SEC submissions failed: HTTP Error 403: Forbidden,,CHECK_ERROR,SEC Companyfacts failed: HTTP Error 403: Forbidden,https://data.sec.gov/api/xbrl/companyfacts/CIK0001802665.json,CHECKED_NO_DATA,No usable public daily market rows.,https://stooq.com/q/d/l/?s=hrmy.us&i=d,CHECK_ERROR,SEC submissions failed: HTTP Error 403: Forbidden,
IMNM|VAREGACESTAT_DESMOID_20270428,IMNM,Immunome Inc.,varegacestat,2027-04-28,COMPLETED_WITH_ERRORS,ALL,2026-10-05T13:20:45Z,2026-10-05T13:21:14Z,,0,3,NO_VERIFIED_SOURCE,No saved FDA/PDUFA source. Stored date 2027-04-28 retained; no cross-event fallback used.,,NO_TRIAL_ID,No event-specific NCT ID or trial source available.,,CHECK_ERROR,SEC submissions failed: HTTP Error 403: Forbidden,,CHECK_ERROR,SEC Companyfacts failed: HTTP Error 403: Forbidden,https://data.sec.gov/api/xbrl/companyfacts/CIK0001472012.json,CHECKED_NO_DATA,No usable public daily market rows.,https://stooq.com/q/d/l/?s=imnm.us&i=d,CHECK_ERROR,SEC submissions failed: HTTP Error 403: Forbidden,
AXSM|AXS12_CATAPLEXY_20270501,AXSM,"Axsome Therapeutics, Inc.",AXS-12,2027-05-01,COMPLETED_WITH_ERRORS,ALL,2026-10-05T13:20:45Z,2026-10-05T13:21:15Z,,0,3,NO_VERIFIED_SOURCE,No saved FDA/PDUFA source. Stored date 2027-05-01 retained; no cross-event fallback used.,,P_VALUE_FOUND,NCT03881852: <0.001,https://clinicaltrials.gov/api/v2/studies/NCT03881852,CHECK_ERROR,SEC submissions failed: HTTP Error 403: Forbidden,,CHECK_ERROR,SEC Companyfacts failed: HTTP Error 403: Forbidden,https://data.sec.gov/api/xbrl/companyfacts/CIK0001579428.json,CHECKED_NO_DATA,No usable public daily market rows.,https://stooq.com/q/d/l/?s=axsm.us&i=d,CHECK_ERROR,SEC submissions failed: HTTP Error 403: Forbidden,
BBIO|ENCALERET_ADH1,BBIO,"BridgeBio Pharma, Inc.",encaleret,2027-05-07,COMPLETED_WITH_ERRORS,ALL,2026-10-05T13:20:45Z,2026-10-05T13:21:16Z,,0,3,NO_VERIFIED_SOURCE,No saved FDA/PDUFA source. Stored date 2027-05-07 retained; no cross-event fallback used.,,CHECKED_NO_P_VALUE,NCT05680818: record checked; no p-value field safely extracted.,https://clinicaltrials.gov/api/v2/studies/NCT05680818,CHECK_ERROR,SEC submissions failed: HTTP Error 403: Forbidden,,CHECK_ERROR,SEC Companyfacts failed: HTTP Error 403: Forbidden,https://data.sec.gov/api/xbrl/companyfacts/CIK0001743881.json,CHECKED_NO_DATA,No usable public daily market rows.,https://stooq.com/q/d/l/?s=bbio.us&i=d,CHECK_ERROR,SEC submissions failed: HTTP Error 403: Forbidden,
BMY|MEZIGDOMIDE_RRMM_20270513,BMY,BRISTOL MYERS SQUIBB CO,mezigdomide + carfilzomib + dexamethasone,2027-05-13,COMPLETED_WITH_ERRORS,ALL,2026-10-05T13:20:45Z,2026-10-05T13:21:16Z,,0,3,NO_VERIFIED_SOURCE,No saved FDA/PDUFA source. Stored date 2027-05-13 retained; no cross-event fallback used.,,CHECKED_NO_P_VALUE,NCT06627751: record checked; no p-value field safely extracted.,https://clinicaltrials.gov/api/v2/studies/NCT06627751,CHECK_ERROR,SEC submissions failed: HTTP Error 403: Forbidden,,CHECK_ERROR,SEC Companyfacts failed: HTTP Error 403: Forbidden,https://data.sec.gov/api/xbrl/companyfacts/CIK0000014272.json,CHECKED_NO_DATA,No usable public daily market rows.,https://stooq.com/q/d/l/?s=bmy.us&i=d,CHECK_ERROR,SEC submissions failed: HTTP Error 403: Forbidden,
ZBIO|OBEXELIMAB_IGG4RD_20270527,ZBIO,"Zenas BioPharma, Inc.",obexelimab,2027-05-27,COMPLETED_WITH_ERRORS,ALL,2026-10-05T13:20:45Z,2026-10-05T13:21:17Z,,0,3,NO_VERIFIED_SOURCE,No saved FDA/PDUFA source. Stored date 2027-05-27 retained; no cross-event fallback used.,,CHECKED_NO_P_VALUE,NCT05662241: record checked; no p-value field safely extracted.,https://clinicaltrials.gov/api/v2/studies/NCT05662241,CHECK_ERROR,SEC submissions failed: HTTP Error 403: Forbidden,,CHECK_ERROR,SEC Companyfacts failed: HTTP Error 403: Forbidden,https://data.sec.gov/api/xbrl/companyfacts/CIK0001953926.json,CHECKED_NO_DATA,No usable public daily market rows.,https://stooq.com/q/d/l/?s=zbio.us&i=d,CHECK_ERROR,SEC submissions failed: HTTP Error 403: Forbidden,
SVRA|MOLBREEVI_PAP_20261122,SVRA,Savara Inc,MOLBREEVI,2026-11-22,COMPLETED_WITH_ERRORS,ALL,2026-10-05T13:20:45Z,2026-10-05T13:21:18Z,,0,3,NO_VERIFIED_SOURCE,No saved FDA/PDUFA source. Stored date 2026-11-22 retained; no cross-event fallback used.,,NO_TRIAL_ID,No event-specific NCT ID or trial source available.,,CHECK_ERROR,SEC submissions failed: HTTP Error 403: Forbidden,,CHECK_ERROR,SEC Companyfacts failed: HTTP Error 403: Forbidden,https://data.sec.gov/api/xbrl/companyfacts/CIK0001160308.json,CHECKED_NO_DATA,No usable public daily market rows.,https://stooq.com/q/d/l/?s=svra.us&i=d,CHECK_ERROR,SEC submissions failed: HTTP Error 403: Forbidden,
COGT|BEZUCLASTINIB_GIST_20261130,COGT,"Cogent Biosciences, Inc.",bezuclastinib + sunitinib,2026-11-30,COMPLETED_WITH_ERRORS,ALL,2026-10-05T13:20:45Z,2026-10-05T13:21:19Z,,0,3,NO_VERIFIED_SOURCE,No saved FDA/PDUFA source. Stored date 2026-11-30 retained; no cross-event fallback used.,,NO_TRIAL_ID,No event-specific NCT ID or trial source available.,,CHECK_ERROR,SEC submissions failed: HTTP Error 403: Forbidden,,CHECK_ERROR,SEC Companyfacts failed: HTTP Error 403: Forbidden,https://data.sec.gov/api/xbrl/companyfacts/CIK0001622229.json,CHECKED_NO_DATA,No usable public daily market rows.,https://stooq.com/q/d/l/?s=cogt.us&i=d,CHECK_ERROR,SEC submissions failed: HTTP Error 403: Forbidden,
