event_key,second_financing_status,second_financing_announced,second_financing_running,second_financing_closed,first_financing_date,first_financing_source,second_financing_date,second_financing_source,second_financing_audit_status,second_financing_evidence_note,verified_as_of
"BFRI|AMELUZ_SBCC_20260928","","","","","","","","","NOT_VERIFIED","",""
"SRRK|APITEGROMAB_20260930","","","","","","","","","NOT_VERIFIED","",""
"IRD|PHENTOLAMINE_PRESBYOPIA_20261017","","","","","","","","","NOT_VERIFIED","",""
"VTRS|PHENTOLAMINE_PRESBYOPIA_20261017","","","","","","","","","NOT_VERIFIED","",""
"IONS|BEPIROVIRSEN_CHB_20261026","","","","","","","","","NOT_VERIFIED","",""
"INO|INO3107_RRP_20261030","","","","","","","","","NOT_VERIFIED","",""
"AGIO|MITAPIVAT_SCD_20261101","","","","","","","","","NOT_VERIFIED","",""
"CYTK|MYQORZO_HCM_20261114","","","","","","","","","NOT_VERIFIED","",""
"SMMT|IVONESCIMAB_20261114","","","","","","","","","NOT_VERIFIED","",""
"CAPR|DERAMIOCEL_DMD_20261122","","","","","","","","","NOT_VERIFIED","",""
"BBIO|BBP418_LGMD2IR9_20261127","","","","","","","","","NOT_VERIFIED","",""
"VRTX|POVETACICEPT_IGAN_20261130","","","","","","","","","NOT_VERIFIED","",""
"ZLAB|POVETACICEPT_IGAN_20261130","","","","","","","","","NOT_VERIFIED","",""
"ANAB|IMSIDOLIMAB_GPP_20261212","","","","","","","","","NOT_VERIFIED","",""
"CORT|RELACORILANT_CUSHINGS_20261217","","","","","","","","","NOT_VERIFIED","",""
"MLYS|LORUNDROSTAT_20261222","CLOSED","YES","YES","YES","2025-03-10","https://www.sec.gov/Archives/edgar/data/1933414/000162828025012335/exhibit992-closing8xk.htm","2025-09-02","https://www.sec.gov/Archives/edgar/data/1933414/000193341426000056/mlys-20251231.htm","VERIFIED_SECOND_POST_PHASE3_FINANCING","VERIFIED: Phase 3 Launch-HTN topline 2025-03-10. First post-readout public offering commenced 2025-03-10 and was priced 2025-03-11; a later September 2025 underwritten public offering generated about $269.6M net proceeds. Second qualifying post-Phase-3 financing completed.","2026-10-04"
"GILD|ANITOCEL_MM_20261223","","","","","","","","","NOT_VERIFIED","",""
"PRAX|RELUTRIGINE_DEE_20261227","","","","","","","","","NOT_VERIFIED","",""
"VTRS|MR107A02_ACUTEPAIN_20261227","","","","","","","","","NOT_VERIFIED","",""
"COGT|BEZUCLASTINIB_NONADVSM_20261230","","","","","","","","","NOT_VERIFIED","",""
"NUVB|IBTROZI_ROS1NSCLC_20270104","","","","","","","","","NOT_VERIFIED","",""
"IBRX|ANKTIVA_NMIBC_20270106","","","","","","","","","NOT_VERIFIED","",""
"DYN|ZROSTUDIRSEN_DMD_20270121","","","","","","","","","NOT_VERIFIED","",""
"PRAX|ULIXACALTAMIDE_ET_20270129","CLOSED","YES","YES","YES","2025-10-16","https://www.sec.gov/Archives/edgar/data/1689548/000110465925100488/tm2528989d1_8k.htm","2026-01-07","https://www.sec.gov/Archives/edgar/data/1689548/000168954826000029/prax-20251231.htm","VERIFIED_SECOND_POST_PHASE3_FINANCING","VERIFIED: Essential3 Phase 3 topline 2025-10-16. First post-readout offering entered 2025-10-16 and completed 2025-10-20. Second post-readout public offering was announced/priced 2026-01-06 and completed 2026-01-07 with about $621.2M net proceeds.","2026-10-04"
"ARQT|ZORYVE_AD_20270223","","","","","","","","","NOT_VERIFIED","",""
"CGEM|ZIPALERTINIB_NSCLC_20270227","","","","","","","","","NOT_VERIFIED","",""
"APMD|OXNIMBI_OSA_20270228","CLOSED","YES","YES","YES","2026-07-31","https://www.sec.gov/Archives/edgar/data/1745648/000119312526328422/apmd_424b4.htm","2026-09-08","https://ir.apnimed.com/news-releases/news-release-details/apnimed-reports-second-quarter-2026-financial-results-and","VERIFIED_SECOND_POST_PHASE3_FINANCING","VERIFIED: Oxnimbi Phase 3 SynAIRgy/LunAIRo trials were completed before the 2026 financing sequence. Apnimed states it completed two financing transactions supporting launch readiness: an upsized IPO ($220.8M gross) and a senior secured credit facility up to $150M. Second qualifying financing completed.","2026-10-04"
"BMRN|VOXZOGO_ACHONDROPLASIA_20270228","","","","","","","","","NOT_VERIFIED","",""
"EXEL|ZANZALINTINIB_CRC","","","","","","","","","NOT_VERIFIED","",""
"NTLA|LONVOZ_HAE_20270310","","","","","","","","","NOT_VERIFIED","",""
"HRMY|PITOLISANT_GR_20270401","","","","","","","","","NOT_VERIFIED","",""
"IMNM|VAREGACESTAT_DESMOID_20270428","","","","","","","","","NOT_VERIFIED","",""
"AXSM|AXS12_CATAPLEXY_20270501","","","","","","","","","NOT_VERIFIED","",""
"BBIO|ENCALERET_ADH1","","","","","","","","","NOT_VERIFIED","",""
"BMY|MEZIGDOMIDE_RRMM_20270513","","","","","","","","","NOT_VERIFIED","",""
"ZBIO|OBEXELIMAB_IGG4RD_20270527","","","","","","","","","NOT_VERIFIED","",""
"SVRA|MOLBREEVI_PAP_20261122","","","","","","","","","NOT_VERIFIED","",""
"COGT|BEZUCLASTINIB_GIST_20261130","","","","","","","","","NOT_VERIFIED","",""
